identifier,location_id
00003f53a5fe56b920f4eb051e6d2415c63737e2,489
000057434fd6644b0b97a542a71a080361c2fd76,21
00036e2921e77921dc23f39cecd8ef0ef80ba076,96
0007af61e41e5121b78d434fbe95d99398501ef7,4
000ba7cc33876486bbfab73dec7400233afecdd0,619
000deaa09efa3429cdd65a50c5cf729e435ff63e,692
0014ec11f9fd66f51b5d25abc6219a5f563dac1c,582
001b52af2f4d78f630c91236d5f19fd320c06f9f,45
00275d0760876470f5df77708214a6b652c42c18,535
0028a375e7745226a3f596b2e25d92d06b49b8e0,199
00291a07aeba6692f6df11d797de31dca2b7e4e8,477
002aab87db1d9e8ce470f80f23c97c59de5f4dcd,46
002d910129ceef45e43585f0a2a4b1c0c7ea06f2,482
003449110e66e39cfca34e56906a61c6d931915c,21
0036a752c76d724dfbce8375b584486128b2b8e0,559
003bf18081a95562f2b5359597ba571381ada27d,479
003c7c5fc34817995cad1248e186ffb5b73b4684,479
00416c4cab4aec26ba987cdb61faae5c7023d147,667
00449ee911414c6517a9a1b99a820a55007db911,512
004691edde7a87373901a78d8e9dc5b1d2003049,46
004e635aefe93fcdf58c97f42381e35b23515486,21
0052a6e7b8f1975e45c814c2d3b7a2d6f27afb20,21
00544a0808ef5a91670e770780b2e57e403fcdc4,314
00599d64b50e9a6d8bd0a9a6818007d989fae0f7,597
005bd99a000d648ac424f639ea8b07e842cdc52a,608
005bfc2fdf97c7d7b67906added6c608a5b21c62,324
005de771038e5b0b647f96e52d5b122267564957,161
0063f88974a742b8a34999b625f1c4ef315ac9e9,43
0068da0039e7f95e652fdf2511a7a77e714bab95,148
0072a6f133f22afa65db6526cbca28c645f58062,441
0075eea4247684839bc4386d5fc5d3abd60f8290,82
007abe6be34cf8afca3f5784ea0de5a2e8414694,500
007f930abce4596b2214cd79a09714b3d482e17d,47
0080133505c4ae4bbb9099bab07e275c4c7d7a2b,4
0088bf524aae52018fb56ca92e995e6c7209b91d,202
008a6a7596d5e18b602e0c35ed25c31f918626f8,103
008d8600f2efb9847b521ede921c3c8901fbfcbc,330
009296b5e4b23bfc0f1341591afe22e8a5718dcb,4
0096f9efd475f7098ff833afcbaa7154e923db5d,93
009b6218b8e090ac3ed636c97d8cec277b657c02,335
009d57ec478c9d2d6e70abaff8cbaa4b4b086de5,544
00a06209379817b654d37512f68cc756329eb0a0,308
00a46a5134469b8b970ac6cf91cfcdf55dd6ce15,677
00a7acc571e668279ddbbadc26bc1f241f5efc1c,655
00a865deb74fc541577ff889edb7548e2097ac5a,677
00ac7f923a3d50d9e16665308cade9c7b159bbca,691
00b030653b8158eae4f7feffc67f4fb42a6899ba,82
00b5aeffcc3fa14b6876e86671c7c6fbf0aa7336,21
00b7752287a345d46e503dc10384a82f202a4403,99
00b83f54f6ae136819f606d7d91cb77d4c5fe071,217
00bb591b1a43e8731bf84ea7eb7a60afce6a199e,128
00c25b3d2e7c9e32ff84671b228281325315dd5d,482
00c3720318acef91b415b7b8d42c437d2792e825,24
00c938e5bb1d705eaabfe9e555bc0e4f5f3c9c57,260
00ca1a03e9f21be2547a05d30a80a249014b988f,90
00ce910cda156985c4d72f41693a32bddbaabb43,455
00d00aec004f53381e5795dbba3442bf41f0a399,775
00d1ea60fedb4d3c084707ae2a305a113068b827,482
00de96ea5751dd39587b2bdba97d9b31f9e14f89,379
00e3c748cac23304a3fe41c3903687e83e022386,657
00e9259adf8e7c78b477526e337059b6faf405ac,752
00f14873ad2a11821f4d2b98371fec475a8bebce,552
00f354ec5cf75c8c684659daaa54d4e32b6f206d,463
00f7bb7288fa811ac341b661e6e261d5398115e3,82
00fc3918e4aaf716c95953566b6b9a29dfca46e5,482
00fd6838721a2eb8b24e87ee87f14ac1c8c06f24,290
0108fff86b925f2a14271211f18ce6c509486e8b,658
010a0384c8880ea6a0e5c316bc26f6b368839161,646
010bade03a6d54e526d708d04b5ca5c79ff686c9,689
010f0f222e331bc999b25e423e86a8a2ba108431,482
01106fa1070be1a1b60c63918b739c6701d3a17f,581
011114eba3b709fd824ba92efbd4f2361f2b0b49,314
011a0b91b99f0a31e959f40885557812d27fc821,202
011a3a848fc01f4c48aa395ef3c25b9bebb16f3f,482
011a56bf8a71f116f8553479538cb50036d8ef04,623
011fe154d339bcaf2010450d67830cb98212735d,621
012525b72c1378fa0ac848c5655fe0719703a48c,713
0125d588787794c4788af462ec51266b94d3cc46,426
01273eb69d2a4483e647cb848147d99798cc49c4,619
012888c467a0af004d4325419386e270c63bf97a,514
01291b0ec0b4d2a0c4b8dc7438a770ab0249dd5b,34
012d9bd0e8fe0e1092484723d48ed4828269f5f1,611
012df24ac78bfa3cf6a9dc40ba91269f2fc831eb,370
012ee61e55b4f3dedb4c13250248b6ac464e94e0,509
0131fbb2077796f49b222582214c98addb663a67,473
013542f3f255feadd9c2c1b3b03bffd3f4f7865e,21
01355fb43116fa546923de33589a57018da86671,170
013641b61ce6ad0db77649e5bcb7eda4301dc7d6,657
01370a178da582b334a417278ee112ef8470aaf0,560
014080041010bd2835f942edc31bd9b522b93cd3,351
0142e14e4f96a70a81af5c1656ce6cdfb600c5dd,479
01558af232418664dec99e4ff3b7a414080faf8e,619
015b8c0a5a1d163964306ee1ed3676d349af0c63,342
015c7386b4d73a3a5fbae47514702f9808df7535,677
015c8c0912e66d6e78b39432d82bdb21f31b941b,138
01739083ad9f96257c4f3a6de60592eeafe521c9,202
017a0add67632cba1703b5d85060834aa6bc2633,677
017e25e543de7d783bcaec8e294d7c7f8ec75831,460
0182e4728a7c90059bdb0073b7e6b7f1b020dc94,408
018b9032f66b15cabd0df93e5fc728398c1a4030,100
019be71517b9ba7d2246cc07a3932dbafdca98c9,657
019ffc23a2f7319ee9d200929a5b4419e26445d1,335
01a3e09831817e52661e9335a7ed7f5d2a866e04,441
01a9cd8fdc867b83b9d474dbc6fa2061e059a24d,482
01ae5c9c3784e64a7703786bf16b42e6c9701093,202
01b1fc32f7e2bdd4d4b8737b0eabab18f127bd73,21
01b2faf3b8f10705453d6265db27a91ba1549527,129
01b4f18ec0e7c8d8895952fd4636932560cf4496,372
01b5ab416118b5bbb2bcf83bbc8f0de470177edc,470
01bd28cf2879e3fb0b0b2b711497895374d38084,294
01c2ff415029cbc0254412202c1eab540d82e050,512
01c88be4b51d589cf30c8fb14efdc32151736a24,583
01c8c49862ecf5bd305f1f260fe4a73509f78074,482
01d511e0065d9d399afc762c20e694a3318d550c,282
01d9277d7fef4a3febc15203c4094c02acd674ea,82
01e5ab980dd17785c424c71208c5bc4c2d066664,599
01e684afdbf2a93cd514cbda14c6a544cd32260b,48
01e6953d1d9b649631114985ad6ef1260b0dd3d5,202
01f4bdf454200ba559a8c3dede6a003ea42f6785,482
0201981806742e638c21221fcb336724e689a7af,585
020227179a352535af1912e31cadf7fd972a259c,202
0204c73c8e8e2d2c07d74ee54150f5d328ad8358,282
020a1852120401700f9704d4ba6e2da8bb1a0626,600
020aeeb5021edce272508025cce0514b2cde91dc,250
020d47724c5ed3ee4f833457fb8dbe9fda146fc6,482
021378323fe5986ca191d79fbc704f99d6a2c6a6,202
02140f96000da1eed1e6c94334686644e9630fdd,281
02157b1879af38a04945c0c82abbc8373344c5ab,204
021a417992f3539183bf8d74f1fedab3275b3cb1,467
021dd84ed60550be4cb9c8d594c3f946a93129eb,95
021de67d96093be17c56414fab6a5aa3f4f289e1,399
021f13c968b06a6ab5c6a8d90793b67b2775309d,441
02226a82645a6ffce6f62d2ad055712a4e4f0d83,4
0231e85d98235c1cf85c98d24dba99959352b36a,202
0235a1b3dcf61665d3dd236bee52ed20bd723db6,56
0236b49c293c4f48db2648c0f16a5553c7992712,67
02371fe644cf7d3553cf1ed2020cd9168d572fe3,551
023a883ddaa4d1adda663bbb56a81dbfda53a65a,120
023c201ee20c01b56469ac0eed48cae4b6243b7f,118
024592d04d43b232f86815b56a95f5bd167cd506,692
024a64938dd42fbcf163fdbbb910ea9d7573d787,441
025d959b5dd6338fb86d89b33382559a23f7d56f,282
0260dbc0bbf26e31109cde6cc58cc4dfde778f78,468
0263f7291c552ef891e74ca715ac3b9f865ce20c,29
02647a235985c721b6c409b504e3da1cfaafcfbd,550
026867c0594728674585272664da93ad4cb04aa5,226
0269d98e5f115d7bd455ee5ded37f663e7750ccd,482
026b080cf0d958e6ea262074e0b73c980811a615,482
026fe4b731f3a2d241e683de765160b703b8240e,87
02795f3ece07a3667550bfd98fd849082697458a,21
027dd7ba83f07d2b807388aed64ddb6fc9900c39,202
027ef603f1a492a548f6e24c2f7649d48f54cf04,183
0282c4ca5572fa2d0dd358c6690c366e896be87b,168
028510035014eb781ed218408d91a9145a2c2600,46
0287ef9756b69dcab8e8c12050ccfba0b2ca14be,202
0293dab92f11032fc9efec0463929d3046635051,482
0298be22f66edc3f394bb5cd12d84bba97c9d573,344
029c2a903d0e836b61e2c8cbfdbcb7cc482edaca,408
029d574cdf950079f285ef6cba9409c9dac17310,168
029d9e0a81804358f0869647a3c8ddd6cd75b5d4,96
02a16b392b3766ba0a1f24f23960e2da2e247772,554
02a44d62615e292317faa691bbd704df92ddc89f,514
02a6bed0101010abdd4151f5f2588d9b68506978,476
02a909d2704438291f45416a7b795d9ddcfc113d,544
02aff8e2ac085550ef76012b08200d980d0a0c26,56
02b54905511131d3a6a0cf23aeadf8caa1bccf20,494
02b5f435a5c35aa59855b2df150aa586c124ae14,54
02b6640c479be7ca15b050180d24ee4220b5b512,331
02c4728d18d70bd67fc2f7aeaa0dbfba630e47f8,202
02c67f14cfd10155c699e932b1225d96fb3cc732,417
02c7419f7dde4e1bd5c7f1917366f06ae64d5ac8,523
02c9fcedd965af9070c8a79431d584a13d073495,638
02d365f9f7dc2f590066e45c726879adbecca293,332
02db724dedf4ec0313f17fa25ac9fc22bf507a74,119
02dd2468f3cdef1890732075fc5bd190e302b199,491
02dff1e17c403d330d3d0986e658a982d8bcfc81,552
02e561f78e560e0ca70fb56f76e86427d35b1019,692
02e7b75440d559a949c8db5fffe5df4ecc4249e4,351
02ecb37e33fedca171c81e0ba4dacf7707392236,627
02fa2df1ed8154fdd79de84f54a9bc959619b7ea,258
02ffb46dc162c7198d237e79067237be9154ad73,460
02ffc4f51defa90b51942360dc9d7069337089fa,765
0304cf30c5e9d6f752bdcf222a7ebf75dd055802,260
03050ed70741cac252aa11ac08cb80f8280c6370,379
030591e6ac14d9a81d1e158f1256930c3ed4fb4a,482
030d12b84d2e83d297cc651c600b8fe3dc864290,202
030fa11281a09cbb7b123257487fda41ed610948,482
0310f47d25590cf11d0e9407911c4b4c53c7d78d,119
0318dccfe379517a81056752b521dcea86f92613,441
031bd40faf9268cc79bb0000edfd7e2a86f007c4,202
03203e4c0c483b1c92d02288ba279b80461c5fe4,591
0322a567232cbb0a1a031c48cbf9376425509b24,443
032739e105c141d9f0b62d93b65303d312673d85,317
0328223aef6ba48433cb110bedc0b22df4feb338,351
032948dfc0837db194ce467b01e35d17c16faba4,49
033d8b3e2616962e6c1affb2163310c1a576a1da,518
033eca6666daf4dd9dccbf2be0283fc65d4873c7,85
03449a6f39a3d5788fc5fad869b49f760c9d08b0,468
0345e18667dcf983433befaa67781d8cc6f03b93,589
0347620ce6172307a7a1314d392a692ea4ee94cd,226
034e8faf791158e3a280d01713538704df642ba3,82
034ff902af23d856461b39d70dcd91d099654e0a,503
0354fec835d03cdcd8289d0221f85bd8bb433226,101
0355ccbbe86c1b9dffd087140a35865bf46391a4,47
035de2542d954262537b9597034ab616225bd306,141
03631e10241af095005babadd513b45970147c84,496
03632a7fc7d9aeaa61c61b1284910bfd1f1d1b6e,498
0364936eb247c098cba5051fc2682c96592cbeca,284
03679cc438943eae1c6d9f8ed1661b86b55956a0,553
036b15bcc43409ca99e58dc777fbeebf5e90f348,751
037b38271f24a5833f53c774cef670c9e916f3db,686
037f35529a21442d62a6dc4a6e30f458e189bd15,82
0385359dd642fe166e57b3329de7fb25312eb9c8,202
039143ba4aff99b82b3bcf5d180e9bbb93e6e0ce,21
039552ff0cf42c3b450b923cd3c88df31190cb5e,202
039883aa011691b2fbd0fc9d95fb086db3f4df18,271
039be7c3250c84d8ce9a1d8b151a4d2204380289,60
039d7a8df829ba4fff3e60c69b3faf382122c153,202
039ee50799ecebfa7c866cee1549cd45bd22fc94,41
03a22ac373103423839c104cde024a54c7893939,73
03acba425a3953ea8346515039dfc58c732792c8,82
03b09f7e79bbdfd10f4c51708c649dffbd5fadc7,202
03b246c7a0f5d140d20a7c9b9e64244c6bce6fc1,482
03b516a16d32bf1677906bfc017248b86e63a3d9,441
03b61ffc58847f9e72b8056465cbae64ceb4cca9,758
03b9d1043cd01407baa472e463b1fede1510f493,202
03c3d71dcf1df41f1fca1ff6f83d0bfc8256a935,202
03c604fdbc4d550cd3e437af4a606767eb355e65,560
03c7dd1f3fa84ed098375dfa9d940520c82e0134,351
03cb67fbb883b93f6ccbe84da5b1399a19925f5b,638
03cb7bd2eb19de6eca5dd7a37ba15254a122bbf4,421
03cc5a0603e6aa27a57e92853b0e1344a77d945f,21
03cd09730c89477bd9a38dc82595c99338986dc9,485
03ce298301909c34ec15102559f6deb3314b672b,79
03d4319a42eb6692f82732435e5b1c2429020a6b,485
03d7368e85698da525db8bde8dda04b8547a29af,655
03dbe2f62eceb3cf0f950ce20072836a43a98cbb,332
03e0571e072e3303e8789729599c80496f2994e4,47
03e5a4509aeee14a14431c4c38f6b4dd2fab6377,688
03e6258f1906ece5f20df7e7654b741000dc61f4,79
03ea923a74ba3312b5fb97a40c9eeef555c99bd3,46
03eeef84814c31250ae193c7dd6941c21fe5bbb2,21
03f0686ead7dd68857c61ecfb8aa332e8dfa65d8,202
03f0aca6f961b026ac32b76a3c195fc11c56cce9,512
03f17b79bce47b57874acec1dea9350ebd4e49c2,67
03f17d04cfa3dffe1e0d187e8d502f19e1800ef6,63
03f5962654cf19c858beddfb9f6e93d3ed4f363b,67
03f781c2205c322163cf6159d72d03bac3e7aa65,63
03f9debdecf21a03087d7c962296abf77f16333a,141
03feb11515afd5b592bea328e4e4bff26c401dc1,685
0400c4163489f3ef65a1cefc569cb3d48cdd8d66,341
0402cfb08f55ee0dcb4c91bdcfff9974e6c45c2b,569
04039bbde53f3fb2218a871104bd2de7335827c6,594
04051592b0e239b92bb9eaaa0d46cdec8b23e54d,102
04066e68b1928a74b209afc06832e0b825573cb0,365
04068c3131418a3b35fa732686f9c4400bb16c09,174
0413fe088d3c1ac0c1d33e20631897e898904d93,733
041a615295fdf41860994301a71f3b52994a3ae0,21
0421158cfd87a43d49a82b6a1423b1c092219f76,379
042274bb23427069912ed8b434520cbb953a3bf9,92
04230638b8858a25f3c14675014f40e24edb91fb,109
0424bd014ffa2b47aad094696d2b475314dec9c6,73
042ce5aed9922a91957a6b0af978cb88d51a6dfb,332
043aa00a35712b6c9ee7af939d207c3278f0090d,379
043ed5a707943e3673d88962ea3989ded1407a0b,655
04412aca6c77bb3ae21cf14e9a6d06aee1531718,21
04443974b33693396261eb03382595603816b647,202
0444b53200a98c93ec0ffc5ae121232773f3066f,431
0450687c0641469398085b0ae74a4dbccd71d85a,696
045b95fbdc56a8c418f51167f3fdba8bd0ba7b6a,21
045bf744961809bca41d417e5655eec1c7a54c92,544
04652e6f85175f36f4b5134ab74d6e3443998cf3,43
046612ed90ffcaf02a02c1d4dc1afd4b16c62add,525
046850d77e4f8a4117e0c0c37f17b66d194d104a,202
046a9fc919e60108a151dd4f5dd2df2b0196efc7,676
046b64e19f18264c2232a455b52bcfcd3d669f4e,552
04702848cd1fdf39190a557e1c11e53e83193655,21
0472b40a489f1095a18e09d0b62692b3cd008c77,603
04776224a0fa53a06468b9934731d9251c1bcee0,341
0486e583bcb0fb219d68795a4e5977446ccd9b87,237
0489b657393e4f9f84ae8368e61545f689beed04,717
048dd6e35bafbd993ddc7c780e072419380df9bc,21
049aa83f26890adefec520e721dae6661fac0e85,330
049b66b6cf3e362d2f7d597222f81915004f234d,679
049d15b81643ef59c2eea8b14cd51a6ae113b7b5,63
04a1956e901ebb1be1d3fe9672c450880e56880d,210
04a3013fa6d0eca6828f223889249ca3d34981e9,202
04a328a09531f6d8b12e138e4f92161053cf9c9b,251
04a7d5dc992b75a2ad2d79b0bb9c3a30917e33cd,87
04a973a901b3160b22e4bc7e60557eefc1d45bd2,700
04b5414f09cc2705c5f5d78a0f4351e5b0b7312c,655
04b626ce88cbaf46a1edff16549b95362037e8a0,281
04b6d0e6806ac08a66ae8fbf48b5f8dba748eeea,775
04c3e1ba523fc061ae921dcf27d3c72fb039bc91,332
04c9562da2b974ff0e9be4339e2e97a516887041,133
04d05c15c37cfa1ec8af6bb5f6f94d0145868439,59
04d84d174a95b39fa90f9af9885db7047937a902,250
04dd88f42b1557e2f07975673735be76fbc991b6,479
04e7bb5ecce6bf88c13884699f5494b9a6bda371,87
04eaed6e232f045e9eeb958d9045dfc166b53a37,54
04f4de398f6bc18cfc7f287b15432e035d12747e,654
04f4de51e2bf33f7a4cfa530714a9d9f62959d4e,67
04f5e65d37ae6ba997a368558c395988f69c0977,202
04ff7944504def97e5de5600203190c168582a30,565
050249cb36af3ec4cb76abd5c045c94697bdf503,49
05031525835f4ad6ebf2b270db53efb7b01de0aa,314
0505a611727e23fb94ec3fa7b76c30f3974d20b6,118
050ddbc0be98dee9e6f992ddec7ee85e16b89900,692
0514de1d05bc2daae97afb8a8e0d2fdf345e428b,202
052670c28bb15543081440da0b612e5bf3c26a4a,327
05332f070d7de565dc0e77f4fa000feaa134f0d3,168
054573f58e357b8b60e17025f5444a289e723f44,202
0545fbca27e13762a63363b2d2344633d388ccfc,131
054b228c3b04db9b82ecdb91d2d9f148edb5e879,18
054f4054c4ff95b5b00483e8231a5a27803d7c2b,46
0551d3d0447304526602f524e127f51006bb4f20,21
0553c058872df0ae5ade51255ec2a9e4361d005a,681
05604e99345278f2ee4f40f6ba6c89195b3cbb34,409
05644185225aab54c46b8ba6823defddb1db1041,372
056cb3b397939175d10df37e67060cf623e3fdb1,202
056cfd0fb8bc08731d649ec8b79dcceaec218d5b,675
0578e1ae9b484f7112fcc050fb0cc924401e6620,141
057934fd6e70b526d9cf2d1424352791c7b906d3,503
0582e77a4da8b668ccedf1e10fcb5da9e1198081,21
0589b0baa97c713a48deff528dd7de54636dff14,35
058c6184f8d736111f57f310c3d41530f4e4e722,415
058eba39af3ceaa3ee2a7b5f3e977c52418576f0,698
058fe2370ecd26a00bb7e9b5f5576f459f21f6f2,292
0595a8b02ee4f1e3a62c387dc76c118a0c07a42c,603
0595e13b02b4ece518de6c48e7e8a65092fa3d4d,766
059ee3e73843b932e4b2af2e0c96cdc1ae4119f3,572
05a57e37b6287139e0f74b8e8445cfc1cc0b43c6,282
05a6feb71edd7abe3e830a1c64b0173023a17415,17
05ad7ddc57cd3593dcbe1abccb329fa8b0efdfd1,619
05aeb7c9ee8ebe3705e10f96056fe00e00393d45,688
05b052fe776cb6a1412935b8bde167144f7a3163,168
05b15d53e0df44dfa06eb22449ca18c9dfe377d6,291
05b53f11f0af74207228fdb15b10f376cd7ccfd5,565
05ba79edb995ca0bf0e10ea520179065273bd5f0,602
05bbd70aa19104fe5383913c09b6fc4aeab5414d,685
05c0fef9603d7f13f2920816261cd27462e9e720,622
05c510915e040427b426794016e0ea61e891bb58,90
05c621ca50ac6be3e9a5132ba21cde2eda79e0d5,251
05d0560ab52d89285a0366be229946fed78788b9,330
05d0c680aad94ca9ddd7760d9df56e679ac8f0a0,495
05dc83030d0ffb47098dd1248a02a346029b52ae,677
05decd4b4a3a61d7ff5b1cf8421af9fbac67be94,369
05defae0d23753b79f99b7f1542161dc5647fb2c,677
05e047a92d311fba2edcc02e1d4ceede6ea8fccf,552
05e0bed711c896593934fff10fd371a8e2563a19,141
05e3bc695b48e7ace69db90f116129214fad0cb2,202
05e460a20a7f5d65bda47895d538732003cc6f92,202
05e9638f8aa002136ed48054be83e8afab831889,326
05ef7b4e5c94896f6c5517c5c2c30c1e78617856,602
05f412a70df055224235b6da019880863dbc5cb1,236
0604ae67ff8074c0c17ac5d5a2588e6356162e92,21
0609af067f3c4d33e62a39ede83ee12db33631da,21
0609eea2b718e357023644b137b82e9d3273975c,45
060bc76a11fe0684a07cde3d60cf63eb377483c3,1
060fb787d40d30645c045da7083795f14a5644fb,202
06176c12673f9fc57fd7508ffa98fbe20889fcec,513
06186150469609db60d9d470897af7db4e4a97fa,498
0619d60d85f03a1668735df2fad047ffe52f7343,580
061a5d57c28fd9797dd66b6f038204eb7f45faa1,552
061c29b5a375bdb8a6437169818d710576c5e5dd,482
061e7ef27278ee7734b3b485c0eafcc5ed1d54bd,583
061e8aaa68410af0388f78e058b35d0b403539c5,539
061eaecb61eec7746fd74d69a3091adf8a690ef9,416
06283d7d84ae17340081e9546892b392b86b940f,700
0631f75bff4ea67473081d99b03b0e950efe7025,441
06389ac843e51e887930a437919354179a1bb550,139
063e5cc906b9d6a906ea71a8f3befc3dcbb72f1b,169
063ea7760e0a4207bc21bacb33ec5b72307062ac,21
063f6642be8af269543a74376615a82e6e185c69,331
0643d6f95d5a0be3e974ae8556de93af4224ca4b,646
06463d612438164e41df36e2ecbfe3ca149baea4,152
0646c566bf68b67ef1c967f8ed5b8f8f76e46917,252
064c88e218f9b886a0157ba398e13e5846c7ffb1,21
065a808ee21862f3b616ed26b16f12e1c87d1abf,453
0674f6d3384eefe6249d704776eb603d3b58d64d,259
0677836c39397ad9c3aea3aba2eee96ee2b3c6e2,482
06799b61117f055b4b8ffffa6466052b99308a29,567
067a562180dacd7b6274c4fd03cdc9103f16b6ad,707
067b79f85416a8ca5f594a8fdaf5cf4184bf9a82,119
067bdf301d597c0057b445c445776320a7bae360,73
0681f94d6e5a9dffad0e7643796ee4281fcc7351,552
0682f45401fffb685da9f48a5dea968a23459242,707
06893240a4122c543ff157c28cfe58248b8996e6,330
068aa2c9a0bfef80eb24b7d2d9b0d17b4dac8b29,67
069f91121b068b50c5b325be0d00de0805695d5d,677
06a3ddfd1fcdffd2712d487819fb2e52eb4d5a7f,709
06a4aef22803cdeae1720cde7441a4d02f71859a,691
06aae3255e24e4967a8c45543c7b02d508e85a8b,314
06ad61134e7c99481efb5f3d7065033836793eb9,713
06b30bb5f743abefee016a107ad2cd08ea2fab70,560
06b783316c72e8056e7636820c6d3466760ffe2c,585
06b8fa24152f0ed2b962141c9685285f06e650ee,443
06bd3e63e6bb4151df2b4705a005f8dd194b2250,482
06bf3dffda7aaf54fccc9005e362b01e9c8f46f2,749
06c05c90531b0e87eb493e82d223ca20edfb184d,202
06c180d0204dfa44794ce2e6b76cba8f62043923,743
06c24d81f2934fce84902933c80ccdd6a68fa841,552
06c5f084f279856a2d4b8a5bc12e799ed0e7dc1d,21
06c843e7dd66dd283aa3765c8bf1fa3a5e542cba,482
06ca6a0916d2ab374d3c86393bc44ae7259c2a1b,554
06cdd4dd51bd75adb7cbb9d15a949b76e6e9f42b,86
06cf0316ac80055cdddb733991a69d515737bff9,477
06d004622c4c9d88b5c5bac4b629c1fdc855c052,482
06d921688d7ca1aed8daa3622905b512c212cc3a,441
06dc41c3b0f92f0e9842d1690b5cb4955a72fa3a,119
06df0884a52446bb9a1dbce46d23292445bf3fa8,332
06ef17f3df9fd6d20736f8b36865c785212ab68e,6
06f148264dcbb64b20a5b2df99f5087c8454e5a5,258
06fc07b4aa6cee7a7e4e80acafdf0d184f8dd336,552
06fc67e223f24ed0fedba8ef75ad5289bdcc9d58,239
0707a8ff4f0d502973e799bedd6e7d9782c7c287,482
0710aabc8fe032ef894c696073d4e56264454386,47
07123b5442609df8a4e02c60ff89298d05f96a32,251
07134bef5e9136301438c54e4484b6af962bc7b2,503
0715af76ff2d39e1da326dbb190b88d7869279a0,131
071ae416462e363688aa6c83f43f462fd9107bd0,168
071f186ac7671556723b2215277e38ad407f58b1,657
0722d8c9c144b0040b5b3e2382cf41a73fd0630e,273
0722e68ca3aed77d06eca76c35dcb9307479db41,739
07269f652dc10e1c0fa16b6ac8c9f1ec72be0828,73
072f5b7dac9320377de7b57bf47ecf091d758265,208
0731b807ba6e8b878a77316689f5370520bf88cf,379
07327ceaebd914d568ae4b7db75ce4b8d8b5742c,273
0733ce6ab83eb2a519c0e684d5cd8a24cbdd486c,202
073f45619ff8276923899411ff59de6a8c17bd93,735
0752666505ba9594ad9c5b0b9b8fe390d76fbff7,553
0755977d8e8e599c3df0f88caf23d4a97a180efb,507
07559aca554f680f1baa3da2881d356cda4191c7,600
075f8d2fd44f32f8567d0c5b4fc5bfff233a07f6,21
0763d5fedc075a4e78e8d2c92f08bb5a3bd15e1c,485
076659250287f95c80b99ddc0e5453895083bda0,554
076adc9cc384e6820b08e876781e3c07b8feea1e,82
076d73fce2ea28989748c08a41daa7e6c575ecc3,78
077179d8945797c1a84f91dc52b0ca33bb595bb2,292
0773ab2dcc8dfa808c7214b398db860ee91b848a,606
0777a53e41c1bb0f1c9651181ed804a36b28fc4d,128
077dafede3ae39fd29a32280a1f61834d5c31ba1,707
077f565f089504b81d67f7187394128f813dc6cc,589
078391fcbcb38cd70a1ea07c98eec54496058f43,90
0787be38b434407625556967ea12990a3be1fe72,82
078dcab13feba5f855394717c2977a151af52703,623
07923d7795259870803be1927ed82c51a6b5fd0f,688
0792cae852ae14a9c798b5371184189c032ef38b,73
0794a1c87e9e59b4e6215aab93380ed8b55ac4c3,41
079d149ea2183d14dc485015907baa5d4a775601,156
079fbd48374552c7f917eed3c4aa60d17e12fd67,511
07a1485b6673933f53aafc87e102ad73ccdef419,49
07a8523f261c55b5bb7442dc3dba394c1209b046,679
07b211893f51833a068c30cf942e7060d2bc0586,482
07b7b87c4ecd0aa4375e117d2cde7d83e9753eaf,128
07bcc9d4c50bbbb8df46595890b1bd8103cee72f,21
07c1ea690ed000d4b0aee8c3033df97e57ed6efa,775
07c62599ae377cc32aae53368aaa9a946009a782,82
07ce0f7cc3c1f9f04353e1dbf665f75b2d6aebd5,90
07ce5ae2dc029c7396a088269ae9b54a78cdb521,482
07dd52f2f99d7d8336b3dbe351293659f7471af2,280
07de33f711f80301c00c34d9093fc6292d51a0d3,202
07e1d4139d075831aeb06ec4afaf45915254402e,405
07e216096fbcd3330a6bed72e0f108043704ba3e,565
07eaef14159ae0103783ee85ee2246a1287656e1,603
07ebc21df5a66d35aebf8cb1c8532857de4af339,21
07ec903e97b828b7731c142af87c7fef4badf4a9,47
07f460da6c5090da51f645396c30045056d42d16,281
07f4f0ca7e7c0396e1488eb93c37caa547797eb3,482
07fb646e30c5b9242d19be93d419e66c63a0d7c5,4
07fb9818903f9c85f2eb38b4fdcbc2dc738f299a,283
080d0c01049ab73045bc2ee8347f6da21c5b20ac,169
0812c79b2412bd044dc4fed076e609e9c5150e91,560
08207d42b72e0c28284dd49a21c20d9f00de7a3d,610
0823ef9a5178bc13f33036fa35cbbfdd4b64aa49,119
08257ffa8d69702356c58cb75742d65e0adc7916,539
08271372603aff7a582dfd0b71eb39cb66c23f40,482
082e7d278fdbe9ddd6d00f84a4f962beebc32798,482
083079158b240e1de9b513b60bd86812c5f8eb41,316
0831e5d4e10043e654941c7bc7afe267f262f295,657
0836c3af4f5a88ebecaf6b5509f4ada7c201d2ff,21
0839818ff466ad34360599923cf20fcb594ae37c,332
0839da1bce6c7d26d1a546d7bcdbfe066f667744,119
083a1716a0c048c3b20fc2f1e592dbff60fe255f,21
083f16cd10b2ad8f1d1f2e6002e0989a93e91f4c,529
0840f69bb153955c850811b032245ea9948753a6,6
084363390c4da87d6e934472bc49fe5cc280c266,677
084515facc04a0a32e2af28e4c1bffbaff90c56d,552
08572a639f05cf358fc7262cb1d187b637d67fb8,482
08591146e217b3d5fee1bc3d22ec9a0b79b1ebbc,498
085e3527212b370e963e2c220f5b2e5803d7a935,470
085fa16fc617569bbf14f715ee1ad5993aae9c25,4
086c6f04e8b6f42941f016b896d2bb8c1bc2185f,552
08704b7f57d8a6da0283c1cc2a5b829155778850,128
0870c8e07fe8c563c9d6a35ca0b5fa89e2e70f3c,45
087c628b34cbb2383ff3c6b4f024a6d0ccf01bc1,758
0881d7b26f799b43cd4c61346ae778a80884e1b1,722
089005d2b847578a22b07daa620af1c9a695b776,202
08906156256e8bb118167d71f8200ef961e39674,160
0891ecbef798581a87190cd327cc827f7b3d929d,193
0898ded76f1a66c0128c56bd1bb51440fa7bc09f,165
089ca77d762265674630e75eb7dab545a646a7b7,722
089cde7cb72d71be1d3752f3c41b76fcbf73acf6,265
08a0962b97fa4974b0a6d14390fd3f16633038d4,119
08a4fefd725123db70c98e402d5025ad88bcdce6,512
08a5db53c8b2bc74703cbb35eedc1c14b3b6729e,46
08a9c1847ef86127efa3b4421cc2a14417b83056,428
08aabf4a5cd4f04a5836eebd08d1bd7d1f4820b2,679
08ac342c72b662efb0ee7b3ce9221163930433a2,174
08b13b5edc534698b254b151296a5501c8709d23,26
08b1c0529920d0080b2f18d7d6b799aff4939aba,217
08b220f48cfc10ad4acabb04a308a700c011b27b,201
08b62469586f67c46165b138b88423bfccda5082,692
08b9eac0729a8c43aeee184dfb15282e6ba445fa,229
08bc365f0173f2fdb8d64ddb4141de841c516ee0,45
08c25de188af3873ba39a806d9d7bca7cc5ace26,314
08c762493ef0d2b2a2d22510cf2b5034f88d8c43,181
08c807a82c837a36c7e9630723845852858b9813,81
08cfb339cde21a95924223bf2ad330917ad603ff,202
08d3c98c41ebe7f14f00031ad32bd9cf776b0c70,550
08e0cd952ac4bce0d8c0a2ccad7007ad745b09f3,202
08eb1095f1f726880361f7b6e105eeb7369248ff,118
08ec3ea067c012a8aff74a731bf7bdc5ddecb8a0,441
08f09e8c9a489e3e05a24ff7065aaf802998bfcc,560
08f3f6b74b0bed4eea99b3570f7ed5689f9f85a7,677
08f67380a837b400ed26429caf1c49da1b5c1ee4,21
08fabcfbdf5e9116527bd081a12a04017b46fa73,178
08faed742983cbf74a652596634922ab4a559e0b,355
0905091afefc43f73f68b50766a7387e07bf23ff,682
090717b1d5090edc6533aa8b81029210b31e32f4,655
090924e71512ac955d16b70914bca37e514d7772,65
090fa544ca68249fc3aed232aec26057d24268cf,202
0914b10c90c52e53de753786c2a3db67594e5317,461
0915b7ef89400e014486daf13de79797845757a3,327
091c971448c3a16f4397329b1328ebd315eee814,596
091f62ef951568d104d598dc1bd5b0ab45ca4322,482
092a1ca10ac195c72aa15adbd5e958e1c8bbebb1,93
093155bb7b8b71aa9e9933b39533fc8f7f2871b1,383
09316060f0155368a09ba9e2406be7672d7bdbb3,333
093769f24bdcfb7fd35bc430a9ce6a454f0162ae,677
093a3646880dc3f55346384d121a8e9c296047af,510
093afa41ef80b4b1dad59e5ba16cf94b2b84ca0c,226
093cfc07b7d30117a956db127b68be84e6df9c61,314
0940eda9e5d1f19e21a16f7ef728e7e0fce6a66b,498
094204f165a42ca0db1bd0d66574f13b36217ea4,684
0943f4a77538a4170999ad1369da433aa6eccfb0,209
094b12ce8d9c912f9b4e77a71d3218ce06161d37,482
094d0d48dbb7c7266388c2df042c7b917144319a,21
094e2080b98a24e8135466e34178dcea9adf4d8b,375
095ab8cf068124a9522e3f4f38ff1fd43376a39c,21
095bc3a2cdf12b9132d1cac21ff5de9f458c4450,470
095c99d48903106bea88090788473f5483b395d4,473
095fd3f68d928e7c163c7eacae28c16229e504a8,677
0961394b5b7c68456fdb87ca4d153fd3a39ad8f3,36
0965886765182b92a05fa3356cf2b7be42320e08,119
09688c72077345d9c5726f13e9fb2deb97c5cc40,215
096d8d65a3f49e4e2babe79e23957e2162d334c2,677
096ddd5a1e34b8a0b0d9c49671c9150ab3bedc13,280
0978ca219bccd135251e1f218d235492c1f761ec,137
097992769caf23010ca14acb08795c31df7999e6,470
0979f1f4b0dda8f1aa324d0b2bbae67710c763e4,655
0979ff1974d8d77ea25fd15f2a4da576e1c03d64,632
097a6022b26427d7b5e30e255dd4547cd10b9d59,21
097e8028a93d99154f17456e23d81eccb9c9750f,202
09863db3dfdd6464ddf7166d7319f4786a7a7c91,754
0986e8e0116003fa6492146f7022e45bd7a8b5e4,237
09882c6e5a2884ee468f075e8ff2cf7496104c0f,48
0988f205497a6ad786b0e56972c35eb448a4f47e,168
098d5d1bd0da60d0c61d10162e1378c797118c08,576
098df76d6063f3bf76c5465dd8b9aedea023572d,585
0992dac5eebb2ef7025f4f2c280a831c3f130585,21
099648546658446bbf6b9c2174eb7cc903ad2ad8,152
0997fc45f04718edb91ca2ba9fd49943f20bb14f,535
099b493eec072d8cc61b2b88b4a57ef0edb14197,202
09a229cfe206d87bc71e5ca51619065e2656c099,560
09a26ef7c3fa3e9d4d5c87e58f638e47c0119449,213
09a8575353ec2555c0747308ab6a4acdf005dac0,13
09ad5d48d699e54810c26b01341dca60a8f79cff,21
09b008da19f3b261340c90d3b36f1ac52ff3d3a6,202
09b10706d214e063a6753e07b96578e9d47c294e,228
09b135171af33cf6ff87a6c16a810fee522eb81e,758
09b373a78dbc4f65defda720a08050cf77e49949,503
09b4f20061606ca517b064296cdef96269f3ed81,441
09b98064da02f143d1304f3113c0eb60b97ab41e,567
09b991a238906665715923f546c13bae81758e91,202
09ba624341eb8e582f148d0a03c8817ead1c1a54,441
09bc59a63d7f6780f45c4df8734d93d9215bc49c,168
09c1296e47dfe323f4511c2091124c2a31ef88a3,50
09c2902e65bcbe2036ffdc9619e84e579fb33e25,31
09c4226540f1937f33f2f9cb6d02e949c520697d,280
09c471341e5f029ac9303413f7cc565a3a740a6b,226
09c4d8d961a38e729b62a20075b8b0f90865eee6,675
09c79efa8286f712ea1b4b4ecbea5f7ca217a4aa,461
09cad62ae83bed1c6867290488523325e0b5b258,498
09caf1fd6f1e63679a5903b49ae50f9e45c1c1aa,141
09d0e63f360e4018245e32ae32d74a28b39df29c,13
09d25db2eba639f448cb286287d27f5b060f62e4,141
09d48947de5ad4d3c93da5b0d0f67e242d1607bb,675
09d7e86bf1bd579e9e9dfd5267d24302fc091b2b,59
09dde8dc64555a40ae3faa1a6dfcbac279f3fde2,484
09e03912e79fabe0785a6b2224b3814793fbba44,327
09e3701b6c80bd40078965ad4d5da650886318ae,68
09eaa8a5a8a7ff76a5836013aa6fe32440bec462,49
09edafcd6636e3219dacf78122022b985c64ff6f,22
09ee2f8bb3053e2bbc6801b34dd5a5805bdb3adb,677
09f78ada8d4e3e581874bdacf01d80deeb9f7b42,631
0a004d71d6a8b6a7b898c1657bfa62a5da4e306b,646
0a018b1c718814577082042a2603890c0a8406c5,675
0a021bffa6389d8e60078db3cf8271a72c4962ee,359
0a054d1fcfbcc0695a42500e185c23bd02173411,709
0a067cd4f6892ce011fb1bb3aec764978a101c6e,589
0a0f68c57c90d8ef87530b3cf48dcba71cbaa97c,552
0a13e451124ffeded3d0c548e42865e37c1cbe8e,596
0a1708220ecef5d558948ed0057fa7c03209b939,265
0a1e00bd6af09e3194767fac90ff7a5d09231c15,544
0a20b1a5232fb6c1b45d139785d21b99e6f9ac87,27
0a220d86471c75a1cb6288f0ee5e08c7f8618547,7
0a230379d0bdb2b1bdb430c2ebd8bfe26e36a2e2,441
0a292fec03b77bda0fa117fd1eadcc1492079a4e,495
0a2949b4a220f6cb2cf4c4dd2b5806cb67370dcb,420
0a380aec30e8faa0e5e7422a0b6fae9e741cd3bf,482
0a3f9b2dd95d6767bebed297f03adbd7c1057a8c,182
0a3fee675c62db7d33634ad18851e7ede5add895,202
0a42597d766b275f7b4618e1f5230d22a8795698,552
0a4812c2a9b700eea844b9b3820837d2c74bb486,214
0a486812e9499f576e6e478e70faad44dd359282,638
0a4f658815fea69ba50825a61ab54fc595f89ca2,82
0a58dda71e10550388286784ec72ae1af14b7067,646
0a6ab5a42f0d8d8e24a9627137c0c4f8a3320bc6,248
0a6bf062fa565952ca550efddc0a74de9157d4b3,76
0a6c1ff13a84599372e56e6c9dc01945e17f78b6,27
0a7020cde9095543a48616e3a1dc958cadbf139a,45
0a747f4125e7f937d79901c4d67cf45d4eae80a1,202
0a789e6c3be8b3ba2ecb54d8e40882c734569e29,655
0a7d291bf11b2e4ceb69a8323d3b4abf59729ba3,128
0a85b60bcf649e38f71b6322e84c7f56432231f1,68
0a8ba38662a8caa936de1f6ac86b68ac9a69f577,21
0a8ec5c3dee544eac311a1911277a5c425340780,243
0aa3d57f1d688e19f2866d6f9c80fafcb3b5caf7,686
0aabe93362f29a4a6e291f715523a6a128355728,119
0aae574a825bf562ed4cc06d1b674d0e6b694903,202
0aaf4a6d698f12d9bad63eb1a107bd04c441c5f6,482
0ab1faf935a958e3d3b5674630f632c57e05d56d,119
0ab3117c3893f322b0b0a13cefa75de18c99f2f9,127
0ac477e17c05b46642c39d483bdd2b0c8cb37918,477
0ac8536917667b2a98308586f4402d7f74e5fb54,703
0aca8042d8507f8d3b4b74113e166a3f20b37f4f,770
0acea3ced11653070b9176e37a934aab37db77d9,690
0acfba47b33390901160e87dc9c988c407477c06,541
0ad1fb5cd515be04ee1a85abb36773e611a875a8,298
0ad378fe32bc7c653b2162b420b8250fa2c75f8c,133
0ad50f974c6813e7d6552c36771a6a6d44883319,82
0ad8315dd851547df31d1482c27336c10232392d,707
0ad8c4a50f813c73e6cc5b80d883c17a7aef3cfa,700
0add6933c05336fd964acbed87eb0b6ad0673d34,17
0ae361d06028509d14b4d6d3a8c3ddd9b5c11348,202
0ae3d6ab83aca06e48cb089250e607141dad92ae,603
0ae46a312c8d15d281eab3d546d594851daa1297,676
0aea6ab96f18b5af7cdfadadb190572e0386b866,473
0aebd7211fec145f00d727985e086627daff0351,46
0af0d0f0543d2fe5504cd18d279e3171fde26526,657
0af20dc4031e0eb43f50956416bd32e9f020d749,202
0af247831f415b1dd184b47e1d8bab614c8fd3d7,608
0af32fdce452cb3dc59932f0397b6bcafa8751f8,282
0afecc62c1249ee7ef0c79708bf700c7d9837831,676
0affac6afedcf9dd43b2507859a6fba61f4d00e1,196
0b0357240c56395315ff7338e2380c21b955b309,441
0b041018ee35bc649c2cf5bd256587674fd9a0b9,73
0b07390a889174fc654b4b400e8ca1cffae6a066,21
0b0ab4c7734f8cea9d0d1cdd0f65936e236e5a19,21
0b131c408d41f392142dfe93c4cb7cb19f63f30d,675
0b143c1816705d23a16ffc19da33bec951f0722a,282
0b14f7a71667a70656a5a2e0ff992ec8579ebd8a,96
0b15abde41d15de4e9c85d6d9b9ada4b37851314,282
0b17d6c9af4591f8afb3c9e6ec997dec9c3426ec,67
0b18b06f62649d11c494c430e689f865eecd7902,310
0b1dd060db564af8a2f6c5899665999475aff030,655
0b321052059f9948f955c5498b33067a3cb1044f,146
0b3635ec848cc8cb71c838da5115d81a3b98d17d,622
0b377e22228b0b6d7add5843ad435884ac277c39,677
0b38ad52f0164ab67b060edabc1de40f583fe153,460
0b3d8c2c32ea3e6d0d593423c4269b515167b133,100
0b4082bbfd591dbecc5def3d3f2fe04b8ae6fa8b,261
0b44ab44ec5f85ae46f9f9a0382c179342e045d8,372
0b4526b9dc0616bc8411d8fd8774e2505ba5afe6,557
0b475991ffbb494dd083a43d5ab623bde0cacc98,604
0b48f737373b36776ae48fd8d7afd7f273eeb163,202
0b4911b62cef15174561ebb0987545c35d6e1afa,196
0b4ba0751007d2ca0ca6e116a91cd61750774793,202
0b510274c7e8b1eb09b0779e57a6daa10b263963,436
0b52aef53961d507eb02664e3e91e50d61a28f75,452
0b52b7e790826a737248b3aa8865ea9c469b0e57,195
0b59ecbe59ff33f007c34e769db106a92a7eb679,128
0b5b84a0e23e067bd7b056076352db04103c3cb9,147
0b66915562d8b9b7572c7e9cfcbc11e5ed84e26d,677
0b67675811620ab04038e1b87318753855d26049,202
0b6e292610adf92b496cebc423ab38632044194a,717
0b7eae52109ded2422e5ae2f1272671756e26214,68
0b8f00ec6125aa0e50e31ba6d9fd0d22b659b87c,682
0b8f12367483d8da6a0300cc975c58a2bd37f91c,688
0b9deb23fa6eb7a0b5c8e063a18e8599f9307633,482
0b9e52316872a1613a59b35dc18f193d800c1ff2,202
0ba9644d67ccff557644b3ffd8347dd6f662d1d4,351
0bafb4ff0fa5effff177072fa7246c67fe69fc1a,17
0bb649dd6dd1af7546349c5f7b60da1baf1fb318,330
0bb64b63a3789b14aee5378ab149f4d03b781bc8,202
0bb6dc69c17e1bd6f3ad835490971dc86e52617a,545
0bbb6754f9915e8dd002ad73b52b1affbaaf2bff,197
0bcd11d129a81d8069a55fb1d0039868c038d30f,258
0bd48db08da697f4821ce1d13a27d85edd60359d,552
0bdbac735a413dd0568a5885fcf5b7293bc37e71,202
0bdc8d21fddaf6c4839c9377f9d0860f1cc093f1,500
0bdcec23b39c53b364e14a3114a433f072dd2d3b,141
0be4da58457eeb0190d558e8b143f2b17a921515,677
0bea917d681275a82d5576c1c37e8775935190b3,152
0bec00fcc6e328808b713bf4cb945a4ae95d431f,713
0bf69ae0d0e97df8552865b1f5cefa7125361d9d,491
0c15b0a2f45b84903bc9aee8ee40ee7ee2e621ec,202
0c16095c0ba3313cde5283a37f05f207e81c8f97,458
0c1a48f164cf5ecc729de5f1b26f43731119444a,473
0c1e65658247732da3075d3ce069dfec60b65acd,79
0c24d73d41d8fcd2b77a9ba6e1f6fca2e6762f1c,650
0c267edc404f0e35eb6e59c01df9472958baaafd,535
0c2886bf56adf848331767c09cf97c169737255f,677
0c308848e051b216f641c5e7b078061fa4a93c8e,692
0c316d72c57a785a91a822c4d2799ba40cef2131,82
0c38db6cee85c196b807559d83d275576c31a0ab,474
0c3ab1df5368a70b371a01116d24dc6fc1edb180,109
0c4341cf6b31e2bb64ac5c0c7284bcff052529cf,389
0c4934176acaf8026d9ee08550bbcde9a75e2bba,197
0c4c46eba61d706910ec5ae9feb2bbae199dc139,75
0c4f83dbaa414d7219b5e95f765166d00d65ae9d,237
0c5215648bc8fe2f9fe63d7c24883b0b30dd345b,46
0c560aff44bb8185f0e0abcbe0e3f19dd90f76c5,180
0c6068e94c9609005b9c704eaf7e104cdc6b9123,17
0c61f25a2898c577cdbc75f2e8e23c7de3522e61,48
0c62f4e04b09a7b55c3c61d255178ae9bd75131d,48
0c6611948a1890830b235709c4c6825f208d8f44,386
0c67aba50f0a65b228d5eab89d3867ffa81ff446,482
0c6a6a16c6c8de8994b01c69babd5e78daf31150,13
0c70379fb35782e55458e89eccb8d9a0026124bc,237
0c711cd3af5be82e5de0ad887a5731496db449d0,79
0c79e635bd0e4c0f7028e49323f48c9d09a97b14,97
0c7e23a0a48beff98743755c7efc4668ebb7dbbf,539
0c83bb061f31d5b1e4df7723264e3748a21ed811,82
0c85fed137aaafd3625aa991daa37c41e11d9b7e,557
0c8afb082b10e46b2b5d5b9a889679b9ebff9d0d,533
0c8c49b08ab2ddd59d3a6c5c66707521e80297c3,717
0c8dd46bf0b023cc02f45ae64cc2be2f21502ed3,280
0c8e15a9f870507cd2ba7148d504cb59c9170fa1,349
0c90aa7089d0b9e94362a36b3bc65b91f826935b,21
0c93390b6c8e8c3ef6e23b3ff15cf95518f8b63a,379
0c94b2c5e196687b62b13d65937763d868be4c60,692
0c97cf36bdb14e302de5ddde52df13727e4246c8,202
0c9b3755222bd007e3c4898cbce0c8a4138e391a,273
0c9f316ddf0ad1fe8a7c3b8d9e5906bd3c99b98e,635
0c9faaea0a96c35a6b6d1de0c916d46cc37ee836,21
0ca2dfc1f5c66e1ae775939f32aba63f604ce9b5,646
0ca350e466b25d0f5d69050652c979d188fbd1e5,634
0cb2ac014ef2e1b4836f588096c832d2af12d356,685
0cb8abca9b499378b8562639d0de7d029c614ee6,286
0cc5e740fec5faa6a17441558a6e41a5237ba03d,688
0cc7e24255460b3fd14c2bf550a3d32407aaf658,586
0cc84c02453b55549737e279a34b889e520db854,379
0cd774edd94ea7ccc92ad8e4bcc091f90f77fb6d,73
0cdc40e30f9f49b9213a446e595cf07fe7b58867,139
0ce06542bf8ec14256b89eb1cd641abd10470647,435
0ce0f9ea421f0215dfd46d32b5040c59a7892060,202
0ce7ee2a987f26db74e4276e0b0b73f15066cff1,634
0cea9ec684b8d18693a7fdd8352af7f17d463c47,174
0ceb3100e18b85a5ed0eb2ab359f59cc87bcd900,685
0cf9011c53e14fd1bfd62aeb1bf7366df5fa6199,717
0cfc5212fd8d3229ab175938c946441b23a36ea6,122
0cfcfaef0dd9d7560de75e689808514bf0c46328,533
0cfedc2ee169b366450afb1d1c4c192f7b1df05f,379
0d01edd4b7b4badde7572d64937d965c98644b7d,482
0d03a327faced729025dca841301218cdb41a834,441
0d0e91ec0f0bb8b42f009837b104a441fc7a5a47,709
0d1421a1fbdf5db43e05db4f9843bb9b1fd013ac,379
0d172e3957237ef8d907fc6939a0bb29cfa0b628,82
0d191f1f7f7398cecfc2fc6a21378120c6e6232e,605
0d3024e57336e33e5976687e866e2ffee7f8007b,332
0d30b8a447424d2def71d13bec888769b569a977,202
0d320ab300d2a2623fdcc361c8dc036779e009f3,161
0d3d5936eb2523e4d0860ca57baad1ed8ae93ade,550
0d41828ebe31f6bfb834728229f963f43507ad9d,713
0d445883fcc115d9e5f4e11c608441396c5d4fb0,677
0d447109cc0628646dd9b5526025f747db64adc7,691
0d4b6e89e285ddaa1fee268733e2c47b5a36fbea,21
0d4c98e3ddc3c5a6cb869a9c09f251719d474bff,500
0d4e69ddc351fdd4b473e733f7e100172b634ec9,688
0d5b13cb624193639c1a0289cb38f938b2e9148b,690
0d5b570dd8fae54aaba748ff3d90681e12ec9364,141
0d68b7d84e8663ed44a1aa12b2f8cd5a872029bb,482
0d7376882dc2e5516130470b5c603135b0a655dc,409
0d7febea19346b836c5d6cf9d99f34962666a4f0,237
0d88440611c163e279b11fe15b9ae7069814411e,80
0d8b9f1444b0d146b4e1039d46f2c49dc8620278,265
0d8ef17f80acbd7ff18e479adc54789629c99370,443
0d8f1d4f017c01f6ecf442f9ec1da9811d6fe9d8,202
0d94d225f578a797d6bd378b803ba1111a689165,209
0d9868d77a9c8489cb4e1ecdc0d1276f82eef378,152
0da17e9510988f2aee4afd5a39fc8aa852e61497,677
0da28b13780f05f670ff1869a7507d45191e2fad,128
0da2e1559f6a4b65dd344fcfb67635aa36a89ebf,119
0da3b4e8689ba58735ec1f6f19564dd1a1572543,560
0da93aa51a93c0d1bfcb567f73c2ddab36fadbc8,273
0dabc1b845fecce828cacf1847bdfae088d41b6c,97
0dafbd090577556a0438eb38093d8ac72a00a812,202
0db473db84350dbb3efe39a874e6d785162007d8,120
0dc50842afc743906ae65517e0054ac40ca5501f,21
0dc5f20ab00e586c3f531ad28493cf65a9b966cb,655
0dca263388d630bb9710fd91cf343d257a059d7c,63
0dcdb054a840216e101912fd8d17c30ded85ee8e,4
0dd15cfde42cced8e04480bb1e2f42d91410c6e1,532
0ddd09a38ebff3a7adc090a16237a652849c42a6,202
0dde89eb4c8148237a2a210f24723f419e6d2333,552
0de361bb4c869d9f8acb22d9c337021db9c53967,512
0df7038d159f05f27311ce711df778029a7ec384,679
0dfda2d109bc32b10f2d078edb8f4d34bccc6292,109
0dfe75ccdcd791bd3e9c241a78f9265197123254,512
0dfed9002965262369aecfc39b28fccd3cf8fb9a,56
0e07207c1df0ce89cdc0624070791b62f6456fbf,314
0e07c4c160f831f68be783b1fda888239d1d345b,258
0e082d2e911d49236957f75e9abd54495a3b44e5,97
0e08e6f63ceef481292e202db0cdf9ada9794025,209
0e08eebddf7a5858190b6b0836b3afbd08e5dcf3,500
0e140b315323eb3b3ddb8cf65aa36c7f4948681c,21
0e15edd3ea0bb862445a902ae929f3be870b97fe,482
0e1b5f529050aa8fd9e0f11a3036f78546fad15a,202
0e27f98312058863a3f553b9ac3c14f4ef800d15,544
0e2bb4a82c84724d90b4a20bde0a7dcdf8eb8000,657
0e33c405e7b6253aaee830774b9218e24bc83efe,64
0e34a8455fc5e1230e60f288d5e67aee80026e9c,250
0e36a96af8b6546427348b5578cb16679d95b005,372
0e36f6d35af4975c411a2baa53da4f3d6a458604,560
0e38b6766f8751f661f4ab7c38d596ee29467477,168
0e3ace6d130495c7ad44690c24e750d26ea415ff,559
0e3bb66eaea9dfc5d982b554b64ea8549738e848,518
0e52cf859b8dbacab6a0183db941bb8913a8891f,672
0e53844e005bc3dedaad437853465a621cd48913,544
0e5611614460e247a6c12df6b77fa3149a22c7c5,204
0e59e69e9f9dfc79dc39a1f4cf0b393e9479763e,202
0e60b339b16de44686661cfb1cb936e178407e93,479
0e632d8625164cb81058728df8ef2e6d4957ff55,251
0e65b4501a13caa1be4f03868083d7590bcb9624,254
0e817f53eaf0d5519e5e0e016e70b4c0fbf79c09,251
0e823116dbc44171576970567d1130fefccc9310,559
0e833385aac0117c0077bf0f01c9d4ca51525005,316
0e895b6daea17a8704a68cdb97bf53fcc5dbc2ad,161
0e95c39a5f216fabea166b9e07e99a61d55d6b2a,202
0e981d863ec5bebb76727dc9bd5826c80668d9c9,602
0e9b46eaf1c4bacebc37b713e166dfeea342e5c7,604
0e9dd4cbee18fcfc081e011a9292efb400af14d2,261
0e9e6e264ad24e63f361dc5c284aa07e227c5bbf,265
0ea0337f16b206ff68a85405ccdc69e5e87d1c19,688
0ea0fbe351894da7f92f9af21c846711f6b12868,273
0ea586283f83998909502a674af3809b1e780ac8,90
0eae3bb423e52a66cc50929b59c6c92bec14a08f,295
0eae6324f707b5b15448d775e680b693e575af0c,136
0eaea1dc6a3155e14259cdb6715bfea53d67f157,59
0eaf013e3d48027afe21b9f3749b5e132ae48bf6,460
0eb8901bd7c22366f437b6e809af52512db8bd8e,332
0ebcedb01d17eef0cb0808e8f388800d04638214,709
0ec8930c520fbf8a05a6fea7cd7b4946c29cbf55,82
0ecf594cc6dbedd8852c07e71ce51187f02bab81,21
0ed7c9c0fd742a63d40d1bc4de5259dc1cff187a,308
0edb18c16e4857aefcd7bab59333cc38c9809210,351
0edef21a3fc91aa7a88e35e1d45c6a72bf694f38,389
0ee052a7e1c0f7aaaeb488118448b5052a33dabb,202
0ee498765300f715e45dfcb90f4c1d757895b45e,709
0eecceb2b46ea1f4c619619898ba65e50040c3cf,258
0eede68fcbc036df469b770967ae4f84b4a14587,578
0ef006dd3efd1d97394afc5e69a2d8ef5d4e0729,202
0ef092876e291bc9a3f20e268bb7dfc6ea187fdb,21
0ef1a8729c6e32b6ea67ffdef592703d985d903d,113
0ef8d875bbfad4e717d1bc36897e54952daf1035,250
0efc7b0ae68fdb86947f48c9267c41cee4838677,47
0efceee723dc6b3309cc65d78edefc0d3a2cc442,134
0efe5b86004ec3ba74742b8ed079b49776696eb6,369
0f037f07edfe06351e7a57a6f7197b3a668bab59,79
0f05ff8f3646136f519a6a1f3e54b1c7b07f81fd,281
0f07fbf84640c1cc6c24a982d457e222ad6081c5,600
0f0987862dca45198a076c6f0520a398e1b69314,242
0f0a22c0e09681fa81aae8b779c8caf26507d72c,421
0f0a3303621c3135edf7c8b176a5bdb738ae6907,518
0f0dbc3dc6c8ca1cc8421634fbf42c9920cc6aef,170
0f15dc81b70333047e534efcdb59b31adbd12296,604
0f161566c444497f11ac14fef49fa1d08643b6bd,383
0f185c3c7c6cec607400d0c079edf5d9d920b0be,602
0f239eec72e1e398601b0d1f7406528bc44fc38e,21
0f25934429da49ed70520dbd662a7f5587e024b5,503
0f294961d1bb68b841fefe0d3fef11ced3b23e9e,202
0f2df8a9feffa766f2754bcdb21b11b16db71f6e,93
0f2fb8bb0901b481d08bbd1f4d592d38b771c11d,167
0f2fc3c39730ea4ffed9a6410a875a898f38dfe9,775
0f321d4e4c33e0fcedd534d44bfda570ada77032,202
0f32f4e5e82f1f99d7c6729628d79f832dd19496,482
0f3b1a0f529761cd5bb7dc877c4a59ae87f1ad12,282
0f3bae8bcd2cba6811c85df8fdc22e55051101dc,603
0f3fc9f5a99fdafc42c3d4a969922728a609f698,251
0f4866c096d2bd1bda35e425d01bd02892809035,85
0f4996d1e99c778900ebe0c1beeebd0b2b39b3bc,168
0f5221cb310cf133f3a3ddd4bdacbceb65bf1eb6,40
0f526be26cfa5fae305a4e6a957877497ad4cc80,128
0f625b5780bdf2c75f24f37ce0d666461768b28b,217
0f6503ef2138a7407ca213eea32f41409ca484e4,341
0f65c3c2d3b3083d8ebd178304df089cbba048f8,236
0f674e5caa85ca8c21e39227fe183fb5b47f90cc,102
0f6d1ebf3ab611deb4af2cf8fe061b74f351d6f0,85
0f79229b42e944be4cd4721940c742f4b177c886,21
0f7b013488fb36a4bad364caf09f70caae480f43,21
0f86d753a0c3f2dbd3589e3f7447195f4834b3bc,518
0f8c94385d7b1289a21f93ac0a210b59d082e06b,77
0f8d3fba48b6ae48647e4734c966672699821913,128
0f8d7adc5ae55c6af7f161b771d1b09cf07c7bb1,202
0f935cabea378b8991985db92674079a3b93ec35,544
0f97c754a4fa0e8c429d7d2cfab1e673a4a1c208,775
0f97dcd84805928994fa6218e3c6554953fec2ed,339
0f993e96f15caa31823e611c3262e6b3b4561c52,156
0f9c4d55059ae41a5dbdfd86f4eca5de49616bbb,229
0f9e5f26244a06ee4a3559392041d801daaddf5e,688
0fa6ce44d6c7ea62ea3197cb2c67566a98511582,379
0facbadf9408a14ffb9dc194b0651cd3c54ba4d4,722
0fb09766e3830813e8de1342b933241dee99c7f1,209
0fb4be6455cb60566b940edc3520af25c579b001,646
0fb90cf21193d5c6b05ff1efdfca16b5044b412c,180
0fc8cddcab00a3facbf05df761363aa89a50c94b,152
0fca4788fb2613b77f8c1698fa9266a8b5fab8b0,574
0fccc502ca51bad7870fe40f0505c6479e76f80c,655
0fcf4d2974064355a76ad547775e83dc57849d13,512
0fd411925a1d5dfa60a0ea21712da28a536ca0fa,441
0fdc5872d65fb4a7f95112006d6d2aa850489f4f,709
0fe18ef0dcce8062ea85ca0e930508d591afaa12,4
0fe3365d3a8fe7d8acadc61824b2a8762fdb839f,663
0fe549ae7dd71375ed93ddeb62ea976e1ca16d52,622
0fe57d208da1b440794ec8a5fb872d17955fba04,737
0fed49973f8a73e53d489f418908638574547f8c,24
0fedfb6f357fd22f1807e3bcb611fc5018b9a03e,482
0feea5301e59b5f862cc936254d0fe7e92b04658,597
0ffcf5a5df4e420ab395cecdcf4481321cd30590,688
10026ebe1eae2917d4ffd1dd22864b859de3ba56,210
1007c983f2ac4025a6ef96e3d6f25c3af2eb568c,460
1015ddd0eb1a569013c1e3a8f94ee1aaa544c3ae,157
101d56ab27ecd4904b0f9f434d3929ad8651f20e,118
1025560570d49f694971553f7059953a658c9bb5,383
1032347ebb755c7dbea65d0fd4be6063380f74e4,128
1034795df69882a34b4a68fc16e31e73e133f89a,48
1039c00ab5db1770250b8386324eca3c25eeb4fc,17
1045e5394ece6fe3fa0fe171ed9900299dd54e2a,270
104c15b624f7420cf6f8c99872157f2554dd094b,482
1051f7184099b57e8c9cd7fe873d144c8a246eed,482
105540016214dbd62159479d0b0e89ab22a5d5cc,720
1058d94af7b5e76c8559f7398307c731df3b1ccf,482
1059d238606db11ac1730f407ed3f8248bbd4d7a,87
105f4159b3da9b1744b4f4ef4f0a0fbdaccbe1d8,199
10624378dd1ae2c12fc9dd64db5d128d2f80d83d,441
10740b2568c7740630a22a88571fbb41d50a9417,441
107b304b747919d52527bb445f6592d23c8a5928,368
108065ac72fa656b82e9f762f78232215790aa07,399
1088e61d47f2d3d014941dac87985fee43e43260,236
108e2b2a8eeb3817a22d7525e05ea4457fba993d,495
10917ccdc8fadd76072adbfa2b838186bad36d5d,119
10919e6f85af2041d77bafee1ad02cff32cdbccb,677
10962a4d910cfcd17ac820d7ff8a50fdfa0b81ad,106
109ac11ff2c0fedb53eac605607759c16f72759c,202
109b2f0c134fa9a46e2740410051bbecbf196ef7,644
10a485f56219124b15a39a03a90b4688343f251a,237
10a674d896ecb40d467e9d20132f6d9aa23a5ec7,179
10ac1e875be9c85e6e5ed68bca3f290c71fd46f8,202
10ad6d169f5059c69fccf9bf28c47c3cd520a689,523
10bb3a5fca63e937cec609ef6c0c572ff1d3fa58,482
10c508622dd53697473bf9291f36e1007d25b2ab,739
10c60e985fbbcbfb409d2538eb1d9edec69f4549,419
10d6cef7e3de84aebda75399eda525defb944b3a,149
10e6e8e04b3bc8162194ed9ac0c2362a79328ab9,21
10e8268ef797d0078520e76b2198f07e0b28f098,646
10e8607ba74125bd5564f3b3f369a599e15d0838,135
10f068a4fe13c6a3c6da45ba66d0d92e6a6b7c15,386
10f1bac2002b1cb4789b34a8f905d2a2b0bdde75,269
10f297bb70aef14167f9b9314cebfc86b0f7038e,688
10f3a01087c006d51224fa51e28ca826aeecbb74,565
10f4e166be5fb440365fcb07b32a95a86c3aa6d8,21
10f6aa6c3fede55ebbab667b1c1a2972dac1a0a5,81
10f6f0d9a41c0282f53a9fdddd777f9e87af9ee1,322
10f99014ede7245a7f6b191c863d624753790296,739
10fc292a0d11fbda8c43c17ed3862b49e620a45a,17
110139fe3de34a2f6ceb67b676d7d0329e03b329,161
1104528c54ebf1c4bca9558a8a41752c38d13819,503
110665409a5523da0d4d5e88ca9482da8f3f3a76,21
110a4219769ab1d6cf75f98997c1f42ceaa684f3,228
110b479f41b74627ddb1dd0b55089691a8693c03,509
1115073f03e7744e9c441c4617a5ee6ba2e7fe8f,202
111c94ff9a7f4d0675cb8515f842d93f95c2ba59,559
111eafa0d0867eb23f0f5b1d4e0bcfe52743f631,341
1120dde0ed8bc5e7617dc7802865d5081ca77050,576
112130adab9a150e6c86fbba2277a4dc6397168b,441
1121f16349494fb7fd162835683c0bcaa336fb5c,21
112c3b74f1417a6db5054bcd4c2dff6b9b4766dc,512
112f7e83d1cc1cab0d0e64a3256c285f07e4e23c,175
1130dfbb2db3f7e331eb173daf99ab220adc1f74,202
1130e984efd708be3856e5c018b0ee37922d0a89,646
1133a0532add6efaa1d110af8e619c361ceced6d,597
113df3ab80dbb7c9aabd94d8adcdc8cd4f7203a7,560
11416c79883594873cfa2e441af43b8570752e7b,91
114420c3ed116664d6bf498abd74fa762189d7ed,587
1144c376dfa48e773757cdac48f627fbd849216e,602
114fa55f65d85c98a1b9589c10a99ab5a1feb496,65
1152bafd4896990064a455618da6ded217e71b67,677
1156afc581998a07059622f1237194e91309122b,562
1158f5db67036dd4ddadcb3a3938598a28b0f196,327
11594fb646d3d2969a76a736a6c32fabd05c279f,218
1162500435c85bb84730be43e89c3655b81ab2aa,379
1165db1e011c0b6135ddbc763f6d1f0ffcd34afe,87
116a30109d26e8f97703565a80b5adb8a32902cc,60
116a5ad960fd546481f8a482e155edb6000f6348,677
116a89c642a55f6b70d7f7ada1255025a35bd984,591
116b1c3fb25a3cc90f8ab83ba1d06e9629a28ddb,197
1173e9df220d9a1005f0f774c55f63ff1a70dd63,460
117e6a4620071734f95ad120a6cb3e2759daef3c,677
118214859bfbe40112981f8a5c8ee993aa46e4b7,136
118297df65aac220c026ab72f3693a17727c49c9,441
118550c496b2facff3d59be4980718af84a1acb4,342
118cadb1a951613f5dc54bd651e832b6c0c7aef7,21
1190a9244f7b638f46d039fd4020874dbf6a148a,78
119179813a9bd1e04867fd46cd5f9bd953f78dcc,470
119722c68e5cd9cf29dcd88db99a196b5f43217b,552
119bd2762c04fa04d55dad81cf76f4d11d0b5126,21
11a1101232dae629145def4db84599435e0a8061,49
11a2a47a59d019bba626909e3a906c3c22bc3b6b,202
11a485b5eda1242b7ad8fb1da5b9266a0cf0ed05,130
11aa6184efa317e9e68f47dcbd855ed03963d08d,330
11aedf32409dec202419ce401813d3157b04c1d8,96
11b1e45f1c423b67dab563ecc93b2fbad5c9407d,128
11b255dfd07a7b28c1f8a2bc43c9d86c4f9a96df,310
11bcf361a0d7cfc7c66fae6465e9ed68124028df,35
11c095e6196d6f1fe22304c5099cfd671d0d1e39,517
11cb568c95ed85594ded8fd9ffb01570c5ef24f1,657
11cc4d581e95ca8dad3fbf2cdff3f4d3c4d8caa1,202
11cd08d6b0f5e16c037af2c20e9d0386b17ee995,168
11ce11a749ead5427217e1884146f0f4a67c81d1,134
11cf328a82ab848be59709f55dc9e3497c6d27a7,585
11cfa4f640503df6004e7369e64cbe11c0200c79,60
11cfd139e78e2c1046624aa99ee23c751c965cdd,371
11dc368bb57910f2343bc986a8258fb726a84436,596
11de46001ba42b442062cfc097ae2f5d8f07b550,197
11de53cfd857933ea3a79eb121d226c310a16f43,54
11e2b6321be7d24f65aec1d0face0a8e28093e22,157
11e4a37e3e993c686118191fb74aa99e8dc09c5c,332
11e5d845f3113fbc093acf01daa88a927af1a2cd,202
11e726177fc6f9b27585f66b6e51344445e98b21,277
11f027285e46133ff75591bba4f813047dfd4e3f,485
11f24e4c64aaf9deac22c8bf72ea09f62ea1fa6f,657
11f24ec15671eafc2ddc5e79ae01c000b4eb46a6,675
11f2f7c61c4dd363b76d484028a7af071526c870,638
11f426ded2a5e28c2728008e94974dd2a488a83a,92
11f45d74a25c94b38e9e6cb873251b1196cd3502,491
11f7bb13965f792b317eb6ffa2dddc3b2d504167,47
12045164e10a45e745f7573108980d8093e38e01,596
12050b0cd72edddf5d73753c9b4d3453d2beff5c,366
120a17f82356d6dccedd015a83795e05daaf3605,552
121298012658aa7905b0e06385b5255a528ae236,677
121851c6134c9c232d88f5e2c1f94d53bef170c7,21
1219189b0efa94d3524ef83c14be424f7b08e65b,4
121cdfa353b43b20254f10d536ca98da7f708e54,178
121dad89dc637d7109bde2d38d9ff26981247e14,79
121f95eba8fa6907ca6eb2c4997c14968f979c78,314
12230af8297938eeef0c1ebd16ff2c70fa6f44eb,48
1224b428b4021121aa50e7794578f4feeafe2072,202
12279daab2842ea6aadba7b78df1bba412de863e,65
123019fcc5428c5cde50f463a78e0078b6524f3f,713
12305d7e66721810ab1026b5401999cbea720df5,592
123200b02148b9427f71e0fbec3e13b4bf021f94,324
12323e626931c93bca61c21b0a5207dddf0621c6,332
1232609794e65eb3ff59a1d9af4957c02e3a8caf,441
12353945fbba725bb3087152d211d0076848f5d0,592
1236acd497b21a83788d0d000f7bd07ade913348,608
12377c12560ae5460cc58e355c5a60cdd4c34ec4,600
123965b206e4073a1c169d8c4fe9d2e0906a3aab,81
12478b8ac8fee61ea003cf7409d01fed7bd057ca,78
124d4b6dc79cc30d2a4918e94128681e1c83f1b0,56
1255264e16cb2f539bc9b8393075edf8972a2d30,202
125640e03d4bc62ef6c56c6faff8a270808f5860,21
1256702b6819b72ed42a78af922de827bcbd4a79,679
1258936dc02bec08d23e50ffc35c3d9adae64cd3,119
125c84340ec382ea7618486179482aea9dfffb60,87
125f32c3f2bded9bd7a915ed3d614108cac7df39,128
1264db5c0753b88253c405a3661e26988aa9aba3,63
1271774853999853a6f566d5aa010c85c8bf9266,379
1275ad5816d7932adea73d1167a3341d243c6b57,758
1275d70481fba080c05c775262412f8ab0698a88,576
127b187ceb66a19799c90c2c6dc8b3015a592aa9,21
128356aa0759d1387d9887429e756c4d93162943,332
1287ac60978797a6b582a900077989cb32da50bb,482
1288c69431f91939185883fe02f4bb7ccb0555f1,67
128a5f4d4366f8b1d44307eb780174326417fceb,512
1291e67e78515d80816b957e0de5e0d46bb74c3e,139
129a1daf466e893e777bd4017ef25bf10dc859fe,208
129ac3b391f04a0a68ae502afafd82030514e989,576
129bee668766f130579ed895e62df9d1858ade86,600
129c1863cff7e6e0c12963f9204edaae36010fa3,530
12a9e0ae1403322b03965ef255f69aaa57d9ecd9,288
12adf518c5918caa58059666b5f151d527e1d606,97
12afd5b038c8fc242422199f8a4e493868cd97b6,17
12b2ef2d8731c530d3b79312423702ca87fb934b,270
12b94b8d89a359933ba316de6c9853d6723c9063,676
12bce9675db76c47c9ac7bc4ab6ce42dcab5c84f,688
12cb4ffac507763631a744a78dfc640deca7624b,56
12ccd60c651cd4600e48641a73a2d08b9feac89e,141
12cf6b54dcc1206fcb39737496c851a702b137dc,512
12d6e00335fc4846c86a7e60f294e3ce8a2e42b2,515
12dacaf3ec673dba1d04126ef1488c4e7cd840e4,67
12de3f9f7ad0be7f1e042f2925c7ef91a6a06d72,775
12df0af1a71bab48e209941bbe1d463876ab487e,202
12e7bec05a311dda9120c372d3acf78023d9ee21,257
12ec7c189d4862e5dc4bd21c340a0c25a6582c97,35
12f30749faf63f8c604e82ce1dc2e8d0aad2d23b,202
12f4c4792b92cd253748f5d5fdaea62c29d34892,273
12f77f4e6bdc0236d32e1548609cd56251398fdf,21
12f900f8a50de3884fffa57ff8becccf2492ee70,441
12f9a2a3559375f52f6d1cf12091b32f6802e8dc,458
12fae7dd9bef3de1ca029d268161f0b878c44506,675
12fc49e463ccc3df544fafea72646204720c4267,700
12fd979de3d949a64ae7e751aedf9ea20bdcdce4,482
130396168419b462621fcbaa1e2738cfeda405da,79
1306879a07a783a787320422664fd69a97cbaa04,270
1309f7449bfb649fbc132f32b4f72de19beab9be,441
13140acfb78901a1e908443963c819e47f024978,243
1315accf4ad8224accda446598df38f7e9cc2e21,202
132b7837cc66651cc95a4fa264a6780c7bd91cac,314
132ec47128b4b226ab762c59f1add419e373c2fd,202
1330042d8f9b2745a5d8f29c65416ddeef4bc037,503
13382afd294d2d7de3482b40cce8d09eb915b9fb,677
1347a2934fe14ae18303f4db85c400dc141fabd0,378
1347adfdc421e2636feb92de5a92825f64e89bd9,512
134fd20e120e30586eee5a43b952d86295c17438,684
135365bd3deb1d6f22a7bd9c925a1251e043ba40,202
13573fd3c2f3b84d551239e17f6d729f61789f68,552
135bf8827c9c641aef86293736977a5b6d799cd6,220
1360fc16aeb6041144ebeb1be368c479813bbad0,4
13673b89d42f06335fb9d66370be374000a76e9d,482
136b34d162d3f6297939acd00c193dc5e61225c3,202
136c5cdc1214eb80002cf0ff74b3642fdaf31476,21
13718e150a1cbbcfd1a5a356b6ff5946b098fbfc,722
137260ccdd4d159b2af136345e4b5ff99f75afc9,436
1375d72a911de489dc8ea4990849776602baf809,775
137955e4663ac64fd3bfe5066cda7653eb779080,82
137a66cacbe10dd287310cf7fc545ea18578d7da,21
137f003a07e738ce55240a73fe9c939184baae95,535
137f3747f6fb73d27aa85be3bb87cf08b44eca0d,97
1383887f688c613b48bf7f039adcf0a16677c46f,202
1388f58d623946280c92e9a8f853362cc184e024,496
13890e4817516796b3f70661b82842d94bdb3815,202
138ea56a0ef6ec9e4f787f2dd44617e9763a5089,202
139288ad7bc34587399345614cbf07201fc1492e,252
139521d957eae72057e2b86f4e4e109164617f70,21
1398d339e01babd6cda55273fc9d69b5eb64ed60,27
139bb7a83ad56171e81461fba826d97540de7cd3,484
139d8815b40f3957bc8de987d389a3bee0e1707b,482
13c1f4146fb1e481cdb535a205e0acc47f96152d,101
13c366f353e2276b7eb4419ca6f4f166170c5ea4,552
13c5099a2e22e9ef0eefbd9e9dab08b30572e78d,21
13c5e55068ad935aa625b384d4b1e3dc5c850234,452
13c85beeb068cbf86500cec83ec629338e61415f,735
13c8aac1652707f58cd203ba3a6fc070c71b0b36,152
13d1f9c85f051a00e6b1b6659ea625a480001f77,78
13d622a2a1ff05721389f6511aeca91508f2e0a4,443
13da849bb9479d93e87e7ed2ddec662c3de04b11,512
13dc717e75e67e3d12be78801d34bd308b5ddbc6,735
13dda4790b67ad7f76aa60a6ea6b6cc0cdb491df,335
13e1b3c2f2ba3be60508bf953b84e938166f43e7,281
13ef4909a3ae99634378801ad6eede2327dcf6df,552
13f04c1b2c6c2cf4670cac00f8bac71fa4e9a26a,482
13f4959fc70754ee765521dfa120b915de8e9162,441
13f5acbe7d078a53f4bad038a00b3d8d8ea1a5e3,159
13f8c9701ad6a272065cbe38dfdb3004c611fcb1,482
13fffd04b314239def82009fb30fa03fa7077849,512
140135185be6543ba718c4990107360ad9c44e24,21
140372a00450f2e6d7955fea6243378a532488e6,709
140395168a3d8685fc50de70c72d5878dd79f382,482
140417ea0abe24d4600ab4567e124f3c4132f6b6,482
14058abcb6091f6e128d13ae5643677b239a3db0,202
140eb1dd9851096a62c4dc57ef29d35755c06aeb,87
141102839c2f60146657fae1e37190ec9ec9596c,443
1417b97abf0b31f32690ed9a916534b5a2746f64,441
141d304cc7c4e3f05aa018085c77e8ad23e50c40,80
141d48da211849511a6088f6c6baf433510bf497,182
141da949745749f856283f34d91feb22b98eaf21,202
141dbd2acb36e42c5ccff6960a8d3390a47231ad,47
141f2359feb3594170cc14b6f3a1a06d719396d3,9
142dcd5c5111dee1a9598730030a0256ded28a6e,518
1431edfc5bf32bc7aeb0b82be44f13a56c2bc0c6,42
143b179882b091ade8c305b7c0f3caf158730a15,679
14457dcc06f001ba20d9d175516bd9eb62aa13ab,21
14499d11ab2910986312966d9c89092756de0a6a,46
14501b35e31957bc441c087a66920273ebecab19,688
145a06aa2177c4264ae265a2aebfdf0022b84ca1,202
14640d28a75e061c3a923a3cf0e84fa754de93b0,473
146eea43491a577fa67f0f59e0f31103c2fdc64b,525
147f7aa8bbf858c7bb4a06924dc1cdc36521673f,233
147f7dee977c75e0c99c90e5dd5256dd29637d8a,202
148161d118c5348edeeeb2f99161be1be2b17e36,21
1486a3823c5376e3670c01a1ddb382322002c9d5,515
148df841b06bb4d137a27e69f0346e1f5bfd8ad8,646
1490a095855ecf200039754992795b96c0079ee2,251
1496de0a44cf9581718e0c937ce94421e597d781,421
1499cdcc48fd7cfeca473fdc88d3ef246eb295e9,470
14a3912a301c7b844b45da4a7b3329d19c829eba,269
14a67463a56c0ece73536e5a420a058f997e0ca6,136
14a9910f1e8355955dfbbb95e012fe0a9131910d,439
14a9f0fa746130de0d41e57f72dd6b9307995099,13
14b07f38140ac386bf1c42c8e6e7d6fbd8ececcd,464
14b519353b4bb4722edcdc864aa11f66e6c21c1f,364
14b75eceb86ea2fca0c06c751e3ba6bc5415c738,21
14b8cf384b9bd161387e18c4a575f38ae16afe8d,482
14bf1e8fba4efc1e28824c9de76c92a357e9a2b5,21
14c3ec8c7781e1510467cbdfbd77130125e187fb,21
14c8b3115e548baf355a966691c8da1532f3a8ff,600
14ce7769db4a0509c81406d2dbcb7afc404f58b2,264
14d70860846ec49708c94c6ab1a570f648b68e07,219
14f482e912d8e14c149699365a538323ab00792c,634
14f538efae571bfe62d7cd4facbd11e7d2d83ec5,560
14f90e5df44bd3168de2ec46be15da12ec18f37d,658
14fc22aa2ac910a3029e4b6041d5f325e4e22acc,317
15044539a4dfdc5581895ad6bfc921c560711df5,202
150a283542e5fb86fb629ab3fb1fea2b743cc4f4,21
150f8cea4c41eb839aadb4ba44d6e96392c3f400,567
1511c54ac09b81ab3324c42e6bee9b02335e9e04,163
15124ec55a502f4a72ee0b42d55161b228114623,482
1512d75d001546d7f438a598591094fb2e95ad1a,141
15196daa861dd8f686e0a83cfaa7b5a5fdf1050e,79
15202f684765ff0e40a78e7bfa4fa910c572a793,482
15210ebb11bb215e558b6ac664c4f775c1ecf286,254
15278bb28092013f997a0ff3b8ed773068b13018,655
152a00621068590f0f5def03f34b7fb52f96ecf3,539
1530a8423a1cfdefd1cce83c722e0006d8740bbe,67
15346f1a8a1e2c4ddc5ae798726bb3263ff58fd8,441
153d6b50fdf1d4a1cbb79a746d3dd2579adee4af,202
15432ab8e1d0da878adfc4382602fd5f29ac8f63,21
154f8e14a821a468803fcfe8ee41db338b901d9b,21
1555184e66769f9e8c214625415710d789a11f6f,479
15562ff052e8bf83353d004be31fed610912e3ac,482
155654560b7d7d6b8fd64424f51edb50a500f998,567
15592dc926b3fb62a09247e132016dd4f257d163,342
1565acf50092f87f660674b86f6849dde04a1e30,677
15671a5226594f69e4a8865402dae7e9d9abee53,512
1567f0db7db0374aa4bb51c0f1ec3b2046442d03,696
1571c860966e70bb8a0e6ecd21cbf2e8e33b223b,525
15786b7ce82bb06298e3d0578e0e8a94473e38e8,67
157fc591d349c898d33e2218ad31d2ddae09af46,482
1582d3a44df1f354fdeef71c385409f21393b3d4,550
158f7bb03429276bb9934ec8f1ca307f200f7c74,366
1593137933451f2e8b786d945987c47f0c85e76f,27
1595db77ce434e727b8b1cd02d3bee8ad9a9921c,280
159829f6c7ad1f38d5562a96db3716eba41ecd17,243
15982e51e3c05340df30f1de29c63270dad918e2,560
159a29e995dbb31f10535a4a2f89bce8daf98e4a,178
159fec32b295159d5def00f8cba6db39068e6092,709
15a30beb1730a5ec08603588080e241a25559cb0,685
15a4fe4e170fcbdafc0d05782db3e04edae96502,443
15a7dcf644e7bad414c7d91ea756b4d6eeac2b77,141
15a90979f97aca0236af64f60b616f6bcacd6f33,202
15ad66df7cff4ab063def3d19c3365d031b08b4f,35
15ae11af2115abba92f2b14f9a5f54e5189adf6b,202
15b5b1b29c7ee528241b8bb9be54fbbf998a60ba,605
15b68cbf6ab785b9f2f6d0a91dc5f88fc62e3d30,560
15c2dbfff53d64fa18c97bdcc2db9d3a26303bbb,270
15cb2cd9b3121986771047b31bdbbae3a088b7c6,209
15ce9c73f918e153911b45a148babc10f1a89ca6,657
15db01a758def4643b7b841a4636db4138f0b1dc,482
15e01ace1b4182b63a73488f8d7a9c8ff3b902a8,119
15e253041cf25f35fa835667b6790cfb6ed5e416,559
15e6c318a4aaf6d7b41b37b60166d74fbc123199,485
15ed2305001869085bece10113f5cd71af1557a5,341
15f1347ddba2b8e096b07b95059b01fe71dbd918,81
15f3f02162fb5ada8e878314aa3feef8ccb24f65,154
15f638a4cbef666a2b853d269a92da645142c17c,482
15f923f2469a6674f09ea08569ad10a4ba956b20,134
15f975896afa41937043a3740d0f1d2a3eb5c420,131
1602efbcc39966240ba5f0c8d8bca21ff3d6b33d,59
160a0ddccca14d4e33c84a573c21bbb8734f007a,698
160f34a81de76a72be076e6f622d003b35d9ffbf,677
1622453bf38318c11118c557329d3d063668166a,21
1624ee772c9b91a10606eb84133b0160d3e01e05,677
1625bc88f2669aea259c8f630ed269f9b435e344,526
1627691d7e30b56621dbe135331d1809a875337e,202
1628f999d54d77c4c4c4f8b8cede42a584dddcd7,535
162c85e31de7c44c8d92a45f28f541b9a4c287de,739
162ea9cfe1a9be2a0656eb765398c6b72bddcf7f,102
163085496d86f21327b8a8bb6dd77183f18fc853,533
163244796f43ce88af3ea6aea1f2a80406b0e381,766
1637097ee594b31de405d923a8c6395323340aec,21
163b0b4ca688777213c2a38dd0fb58a6fb9e3006,202
163d9493e32b9934776b780f761262e12506e4fc,195
163f7cf0c43b3f96c0a42c9a238cd1e4255c4e5e,709
1647dcf1c6f25b98ef9493d8ee271fafa4ac90fa,552
1654ca1c5f0fb3ef9a0466cba910eb701fa88934,550
1656ab3db0c91756c0ef9cce4e367b6b5ccfa8cf,473
16612bb71966737d02b7954ce3bce6118a9dfa7e,552
16622cbdb760154f1a8a399c5422eee6f1cad628,600
1663287c2d1cf8f384504205591c9744371044bf,109
166b1c9bb132969438083ec258102177175d05ee,134
166ca0b19a575f8bfb7dfaa6ef0ad5a7810eaded,202
166ef0e026178f9aabbce810cd5351c0d1d04e9f,282
1670426ecab342a256ec0e6737297a94576394bd,552
167e4fbe0241a535a8108e7c2bc306a351d7f4b0,46
168076e91cc23afa2450bacf3c08a6cb2bd75946,587
1682db9ba5fd0cec36d477c0a0cc2a14bfdf1019,332
1689e4a88c05d1acdd7f8b16b37876069d93905e,535
16909b1831f9fb668293cef98267b199c2321942,470
1697f201659987652bd78b492e63095147bdde84,547
16a4905869f352a1f69c37ea94fe2fce6b1f64d5,148
16a843e8da734da4977b6b8877509753bb034ed8,691
16bbc43bbd89ab1bd98de5ed475104072c224d6c,482
16c0ae13125965ca2a3b9ec0d67c9ed4bb2c52a3,395
16c43d37e881f82a09acacc83c11b89f5b8a2463,42
16c7cb14589c633f6100b3a5c91688887116077a,677
16c97f1943426add67ed21c3f911d9a1ca5de9cc,168
16e155da9e636dcc4f009332aacddf06936f20b3,677
16e22b3901de0b08c7744cd42957214bf56184e5,330
16e63154947c4b1acc4c7a280fdcb51ae6925650,512
16e69b4115482d2c9ec204c2762743a437a9c875,21
16e6b82e2f8fc4b435e9f0f4e5e1dd5eb14e72e9,247
16e916d812b76f67409a6be03bc8b8a3648a102d,735
16ec3c7312b1db25d9baafa8ffcd7c0003c22fd9,269
16f06aca1b1e4d908b90148e2376c4d5d801692b,657
16f302b5ed5e9b91e9b3de788595c80b0286747d,46
16f4cde0ecae967372cef0f2414560a3314d1802,265
16f559cdee37af6ac4081d80e60dd9c140985841,513
16f5e4c0822571ceea06676f23f87b5b8dddf830,409
16f6b3f630a3638af55f3e23144282dcb20143f8,379
16f8642831591c25ea0cc0f044d9079345c796e9,690
16f9d9003f3df205b2e5510c1f33179157324b32,79
16fa4770df0fa8386e2d7c97ece2fad725fad818,139
16fa495edc517f0194ade7020760aedc68d89677,341
16fa51446d6c45337c494f910e3f99e0f766d3ea,492
1702e33f7da24672f5792eb72be37699dc6a082c,675
1709c5c32315421e8ff8511f374d9a808edf8ff0,21
170a4d4b7630d5d83fac45a1009ca33bde8b792c,610
170eb131bfa4c365c18bad4ea2f82e592778c2a2,535
170ede9171d5a531fef36601f4dfaffa6b434765,76
171446f80315d0a5a5613b87d891e19a49961f66,202
1716ab5ba345f7c568751c6e52bd64d1b53dfb70,260
1718a5264601b5d73b076b35d1f236ba05e72626,441
171cc11632825015c979065ae5eee7435a3e499a,534
171e50b38a5a7e8c524d45b1b17edf6d46e66c2c,21
1722e4e5e6fd82cb5baa0b81fdf911159e4acc49,119
1723113376ee122a34f648329f57f60b739e6845,758
17234c1a6ba990c02558e2214b69c0c3a847b372,90
172616eab0729051e2e63e798ff1bdf82a2dcc2f,265
173025d734477a2e86a874fa435013f6adfb13da,78
17327520049db2869bcc9a9dd2b1aa8fe4645ca4,698
1736997a63d229b4b9183abd1d0b7f2e3aaf07e0,320
1739cf54c05e9d716bb84eaf6b1c1a01359dc800,65
173c5a29d66d499381c2af79c5b3742e3b8b155d,638
173f28162391baf9d98bbda43848ac96a597095b,714
1750894250075802ed5a8b81f8afc25f33c64801,366
175392118d83f02ae3bc4578e2502aaa8599287f,82
17598fd4e68b5617466b2f6b374bf64064148296,247
175b36bc49e736d2853649feb7ff00812976addf,532
175f647c727bf9d1079403c671a662bfdc173a70,713
1763bcfdeb6bc0fef66f80fe0b79d2fa62d68d6b,567
1769db20ca7f0062fcf60008b4a99d239adda0c0,148
1772c5154fac877b8f041bc57dcfe74e07a5ce9e,533
1773bb36258c976837e123f9af1877574b663221,242
1779127f4123e08a828cb1515119890aed50f579,574
1779bc536a6793620b745fc7dad2c78863e13910,265
177dbaebefa82bde4957ae54330db0680345e26b,518
177debc118240d803f5c4fd4b2f5966e48a18788,82
1781caadeb65a68d32268037f9631a7ee1addae2,21
17847aee788ae338b9728c08d87a0cb36f7d2a6e,657
17853ec2cffe8bc8cf2f3fd95213774634b6e3f6,686
17854bc7cece0cc8a6bd1d787d48e6c154b0bb71,482
178d7dabd6473863c9472b883546d7589ab3e57d,589
1791d7f5999dc7dcfae8c15948f6d8cb030f031b,280
1792e6a26fff88f794e81aadb341ba23a68eacbd,251
17939a42511449f8b489bd718751b14056606561,316
179970e0dfc9bbd36f367ea0dd126214b04cf05d,677
179b4c778f905eaca6923fa5da63e1d14a2cc808,766
17a79f7d19a9b87e8b17ed174bf9b082e01563ee,49
17afc12e38fe3e5d6c13208321c4e173231f12fc,510
17b3f8991da929edb8fd1492043bc37a12577748,129
17b4e130cb229e1b2c64e84b0350158fced20a04,112
17be10f6d84f24875a563dec6f896e6f5188b6e9,202
17c7034b28bf5dc94bef6e9c5ac18e118662d291,79
17d2ca9719af5e3659014bf0eb70397569d331c9,178
17e350abbf625e17949fa9fdf8fa47c16ce29bc5,717
17e44efd8f7cd17fe2f96997b8bd6f7ea0a7cf6c,416
17e4e900b883cd5c3b388fa1e54bfad9a79e076b,202
17e5faac18e489a7e97fb410a03af0c12fb428cc,82
17e9e6f4429ef6bb435aa990094ef92c678e5a26,241
17ea544612fa4da9aabe67d1d2f7f5da419534a1,97
17eacea3c079499ef690fa5eeb352ddb32ac7408,146
17eaf9ac1f0e0f2b9af52cb5140dda9d98073a1b,47
17ebcafc149fbf897fe017ba5f24c8eba67231fc,677
17ed9755b3da99fa46d21c88d3f4b5236dc7e722,482
17ee2fc37f6aa2400324744333c928a08841e441,141
17eeeccf9997b9a2ed7961020e5ab954302e16d6,552
17f069d3b639d025a8bd430c5ea469d081d9b398,161
17f221d90fbc9a51073ff49be8921ebbf26b50e1,326
17fb398e23cdfb652946818ffe9316d54308a280,202
17ff9d7ce2833461d6d52dc319654dfb6e1a783f,655
1804556c69652f5585b00abd70c9b07ff232b2c6,145
1807ebb616164c329cf07d053fe8513c86a17e87,222
180f5dcb31b9c48e29f73b192d47ab7b641728a2,567
180fa222ab9747b2f361fc6b76de77233e81d921,591
18141a2a5dd19d2c2cdce93521d7293f7c4e56d5,591
181daa0b26b262ec9a29f618c4932ea98bd85a12,148
181df18b8e251980c3923a86348f705e825400f5,409
18204938c99655327af9bb3f9585d621ce2a297e,623
18263de4d72ab4b279a975c919ca77bc5b1b0372,580
1828dfc340a4bb3e0cd73ce9bad776fae01d86e6,600
18320be9407f2ff34e8fef149c53af2c077e844c,676
183dfb5d816c87dfb1f9eb2dcd478211b339ac24,580
18406b03ffa4b3efd1e09407bb107b5b31b1fbb5,545
1846169959a70d8fa9ddaae388e29f7ac63982fd,409
184db8b6b7592bdc7be1ae41d00f71d1a42cc305,49
1852c046f2e3dc6cd7bd1190f8836e5528fc8866,552
185486a3a3a53bc5025b1c08fa59856fc69067d6,82
1859ade67c732ee36bc7357b4c60532b48c7e9ac,82
185e2c3d055e2e751907302c257982f69597eacf,141
185fe1a1ca102803f7440f09ae6dc33efa45ec32,153
1860eea1b90ca9d7f69ac80784509343c2506119,54
18614207cc4dc5a704e774060b7c578193a49f06,159
18651ba55ab8cda973fd304565793d3dd88f1c94,547
18735e118cb9ed06f06be377b533e3a6f03dddd3,202
1876f36dc85eefb8d00f2bea43e6bdeb6f995aee,384
187ae347efdf0e20642063aabe376c1ed39602d9,482
187b8ccd73e4398e58a15ce8344d9a4bdce23d0b,479
187cbf187a34a902dea5b179383382d4f288d8b4,286
18836b6b623747a39c3ac9fc8676d1ae158451c7,202
1886e41465619a2ea2e123c47cb0261651bd3a30,511
18888029884bf60da297e0cc72d2ffa9b18827a1,21
188a0bb902c02d22c948d46e07696727cbaae54d,59
188e8ad98d33df7dc5489ffabe69d61b58c7f37f,417
189d4b9c3684e61357e43d269ba368b89a70594b,310
189ea1525e93eb2602a35dcb56b866e37e59192c,677
18a0ad2cf59e53b663e21cfa089b71fac6840e39,552
18a2f3a2866f1862dd2746890bbb91764a3f1425,202
18a40bd4391064b6936caf1b30d775576b34410d,202
18a957867c9446fcd8667224e26990f2b9c1a4f0,21
18b18d292ebc85cc8776c06dd6364ee984ed2266,441
18b533af05a7f999d70d02d82558a0a0bb6df0a7,535
18b86e344435a82526142c4b3365109bf91f36d7,351
18b8f5eba1e8b084faa872d4d5952b2e5eb5b9d6,552
18bde727a8f8da5d375f7cc12c39015a852bccb3,280
18c66eb32f1bf670c257de8cb4b4c3bda266fcd5,327
18c8613a0db91a33235e124b1f1c7e7258006609,567
18c9df260d97654fc083936548f7f5c20bc48b96,326
18d52a5c87b92285cf2f096d3f1307ab22714b11,560
18dcb2c9b03803fb2c8e3a4011a939110e5113b3,237
18dede6c37185c6af6dc398dd1f123d9f94d863f,720
18e6791ef18fb81b21f3bbd7ed29c7e67bcb5491,351
18e7adbd5579dee8df5cabb1e75836f6dd38610f,482
18e831894247208577e4738ed3908aca6c74f838,559
18e92754b36a5faecf206650901ab6ef2cfe3818,318
18eebff48d967283d64bedc461231e6d6f968622,584
18ef2b4c8a95fed76642e24e8494792cea464a15,70
18f84c3eb5b68291a0de2cdac37a7a17c60f23a8,226
18f9909994dcb02f6107ddb84d3ad04b4b039900,152
18fcead3041248be12cac53f61af0ab398de092e,21
1900ee3d3683ca356b8a8fdad04cae34597e7f0a,21
1902f9285117847982f1ffc4f4536ad923c1b46d,637
19046d2caba0c334c7db4260cff1f16b9267524b,482
19077751f20a81a1e1ba0fae8681627ae7e33174,709
1909f8f663885481ab27e836258bc2f8fc0cfc19,40
190b33d642dcb284c6fadce5b2a0f5daf9997384,550
1915aaafd12a84e20b9763c4e1ac5c2809f7ccce,202
191802dc44b28a24a3c3183c029174f615b10543,21
191f2ecad02ee19363015cb2ace203d563fdb14e,379
1921ed1c5c83491d64ad5408f24b0024a6c7b6e7,766
1926b92455869dcce3621672a42ec11df5107e95,269
192841f745c375b658fff79e45140863818b18c1,202
192b803f06e9039f9058bfd99cd7f1f757b731a6,264
192fb96e9a16ff2767d5a5854fd4fd701d2cf280,479
19336e31c84264981fc445616b2a63ced06828ee,559
193a5fbc85cb33b7b9a6adb5680047838201bd79,234
193a81ddacb64acf6b441d41578bb780b931e04d,408
193c8dc1287106d8782c84ccfa292902c25a0f7d,722
194696fd24b2ea515d2a0f2b076f917ca8aeb377,713
1946a913b2c5286200f0fd54ee288fa85c39ac7b,67
1947622cff9b0a07f3ecdfa8bbe0239de03be7c3,518
194a60af01817c14bbf40f0981edca78385a712d,379
1957215178e3d0c1dc10d403bd501bff4b47aefb,550
195963bde5d6e179ca72993d5751480e9a27dfad,552
1962fa37eda3069a5041ed7cc4b29d0f24937d38,21
1964da2f108ebd3e1b9f5a78be94a27c5fe1e293,134
1965c703ec88d1b2e8cc5cf1e45ff5627ba6aab2,162
1966025705b05d7ccf35f67a591743d9baa2c420,631
1966c5ecef253282fa7f8e10c5204a4c41298ad6,41
1971f265aa34d8e98a61ae0e15f78274a50ad9bb,677
1972f1ab95aca95e33469284fd0d33a8c3d85e3d,550
197584c545deed6a0d294a28f947719ee776b946,330
197817beb88cb97cd95d35d41126443cfb7fa429,441
1978816ee417de17eaa8ee78aa8e22c7154450ff,594
197b27e9785ad27d5a2363129ec4bb9206f80f1a,202
197c6e0afa42a4c1cf57bd545e040d58e6239d90,96
198a454b7a2f72079cf0a39d21d28a98dcce504c,657
198fa59a2801f9a932c7c0ec98a0d33ac3cc8adf,47
19908967f1d5706c3d3d89185096d1ab220cc1c5,621
1992397886a8afa8fb6582f4467c50c3520ab86a,82
1994354eb7b18e880dda76d739452ad692438751,735
1994874646aa72279a381a58cf536120f1496028,182
19964a5227c74a4e3df9ded8ec906ad19fcf84dc,90
19a552b8434727bc0701b01840cf7e852ea1cab7,611
19a594b53091c751bf61648ed60b1d9455d73cad,182
19b0420f6741ed5a9d58092819c58c5f34c46648,565
19b1e8d2def9c50b332e4c4c61874e2b111c47d1,560
19bc0d90770ce623f072e9ccdaaf8073bb8f339d,518
19bc7815ea05e8d65c0fdcfa1770aab0cfdd36b0,443
19bd6a9fab10b70ff797ab5dd4ab53b3627afa4a,128
19c83d83d169c0dafee865084ebf37fa37757910,552
19e124144c89af6f4368631d7458975bbbc5035a,482
19e3a93ab44c14e9ee821abbd649e01bcad6c940,694
19e3e5a3c64d20e3148b6f1dd86cdf96cfa78cd7,271
19e96d5263bbc73a6ce2298a99c922f5adddfaf8,197
19e9d27c986ab9ebc8a1904910dccd1456854f37,41
19eca182e95d08a548663c4d448dae61d7d6ebe8,149
19f0e0d263cb78d84e6ec88071e12cb6cb43903c,376
19f547c1d1248b0d2595286b899d1847dbde2025,677
19f6e7f9a370f8126a1c8329d2bc371d7bb02d5b,677
1a0b232f1e5d2a4437a13758f0d4cbdb2db27db7,202
1a0c23dbd667ada9f9d1749989eff3bc77e235fd,500
1a123fa3768bcaba6a0eee73b7c810867577734c,157
1a12eddfe1dc30977abd732676a5d7cdf2120ef2,316
1a1e4a78a701904d363a0977d29cfbbd5580dfe9,21
1a25cb39fe7c895f3fa467d4b8a3ced4907865b4,482
1a2b592703a8ca953e911ef8b1836d327ee339f2,96
1a2e4de1d3961576511a04e1021b3e6b06fcafc9,273
1a2eed97819094da7cba53ba6fc397995e1ef86f,498
1a3007f071cc257ef30bec26011ce6dcc1b72857,553
1a313208b9b8d8a6e0618da429566fdf2229d758,168
1a329721eeeb7af3d5dfc56787dca05e55ef0510,550
1a38a609a230f08da52ca2424295b9f92ccb9164,85
1a390c04995e3e12e463e733079c7c1ced5db98c,78
1a3e1aadb10c15427e481e77fa3604982258758a,658
1a3f00fb4f9e237d7e472d407c1d8e16eac2cc45,779
1a4cdb724fb75cd1c31437cc7150cbe8ad1b2e8f,492
1a4d90efc9220dbe5ff5f85abdb2192ff44e06f5,47
1a5b2fb34bb4304af006ff01f146b66ec6f65daf,501
1a5ca0c93ad01c3184e18198bc741c52da88391c,594
1a5edf228e129f3bbc02b33dc1d379086bc30bd7,56
1a62363ae5101f55f24d79921613d2e38c7d8ff6,417
1a68063558f34ee5bf8cb66b6d7f1d7bb0d115aa,560
1a6830f4a6844f37fd321a0047180c11f60df1b8,681
1a6b30f05a0407d14440be26b9ad7c9f1bb36398,547
1a74197ce39fafe795e0066f263afb90046517ad,717
1a761a26af3d34bfb94098373dca844480c42001,202
1a77105700db01c51ad4f7b8e0076789c9d6880b,473
1a7ddbcda419621bdd046774e8468e9f88af31c0,345
1a7ef67e12a442071d1142357a83a05d62bbc6c4,580
1a8415c6db3d9b0385d0ce09ba62f7e80e392992,41
1a84deb2878fd99549d29328c9bf1d03a1f14069,608
1a8555462a8eb12d335f562345f8ff822b22b455,179
1a87e4aa9da44e58b15aeede1008f483c18eb181,403
1a881816440306d04322c70d2f0a78e6e9289923,384
1a89d3494cb7ceb37c08182bf56cdb27efd6e7ae,677
1a8e9a9b2e424914e140cf241448a9b561d7980e,45
1a908677bd0c384f8d9c2e27a357165640504a14,518
1a963453293a1582c59aeb54620dbb674437a524,128
1a9c598463b117de34c49264a01f44896e54bd42,692
1aa547fca1521f28fb79483dd3777e5e3b2b2631,269
1aa847d2d43ec1a54784cea7148ff1b64dc006b0,332
1aabe3a14c9e8ef09778d738717dfb8a78e9053c,608
1aacca02aafee77b6c8c5b45e08eb56e71c2964c,68
1aacd2ab2ba0c2b2824df521a0f3431638e5c634,73
1aad86e919863687d499a9b6bf3abb36564fab0c,749
1ab1f7b13744f14bd1fcdf53b4fc89451cc3df97,473
1ab326eb44faa2e668c352165981384ab30d8efc,139
1ab59560f05f3fefed67b041c392a0b80a6624e3,75
1ab71dc3ec387bcdf5175f32173c0a033c82201d,48
1ac2b1a41ae6bec402568fea3ed2b51a62d53974,17
1ac61443ced84d7234091e02fea32278c9f389fd,282
1ac96d997026e3f05c2d620aa1abf06ae2d03111,136
1ad101ed17cda5e13073ebbaba580371f53fc417,379
1ad324437f0ff193c5c571a02d469941fd126bc7,202
1adacd6fdde34f928d6d7f8e3630dca0e61f70bf,655
1add445d3cba04632b59b4c796aca8d298944f1f,197
1ade637c9b6ce71d554acd09c6a218e0f27666de,115
1ae129b7e86e27cb5c9237e6af4b81e9191db771,82
1ae33cc96dfb220bc9668eb697b4089f93e66e22,758
1ae5293cb866a20db125e7b237fcae63587b63a8,470
1aea0f59e192c676a4c0b0e1bea5c4f6eb72d860,491
1aec24041be8eb5e1355b0f289b4c335b54055a4,441
1b01300cd4a5bd8c04570c348624be5f23595f85,199
1b0a6187b29316c1d74afff1463663ef2175bbee,555
1b0c58f5617eda4316f349272841bc95b06cb114,332
1b0eb20d219bfae9f5b50302cc60459c97212cd5,68
1b0ebe84e1b367df536bdb35ac7c9f07e125c51a,82
1b15e52ea76bfd60b67bec451a88740e2df81c5e,535
1b18934a1ebb88ad1fd6acc02526b9498fe9b15b,610
1b1c82ef89d3d2e42908e650f6bec6c0a3ce7dfe,379
1b1d1bc20763574c075286b4b617605b92cd49b0,597
1b1fa02af4a7bf473501630a61cc9dc5e4b80f78,533
1b217b02a7ce248e34fba1c51e031a9a51d20e2c,351
1b2324a37ecc2563c5185a4d93e0ef964f113649,21
1b2a7d140c1a09a7acfe20b9298e39897ae4e1bc,766
1b31e11029a75a8c6e1743e24e729f2a038d23a0,552
1b32b0092fa88ee2652ae00e6ad1d316239558a3,351
1b3529fd3582955ddcdfdce9e6d78cf50a190daa,237
1b37cb2f4aa26faca9d8f0c4ebbb89a8aea0c3f5,503
1b3fbe4214a725ea727ce5e60140c2a0b22428a7,552
1b41780dc3e0ddade9717654a7c6137757fc311b,775
1b45f055c37b2f7e4d4ae2379957ef1ebbc9a686,243
1b49be69cb95c78b8a728ed1ae509e80e2833ad0,520
1b517e48810e80a34bfccc94b6f780bfae5dbffc,606
1b5588788f8be8ecad6b47ae5ddb41eeb62e84d9,293
1b57b0cf443f20cd3f060d26f013067856629602,482
1b598b64fcd65e62d8b72e7b4a3af4c70cfb16c0,202
1b5f3276592f0a49793803e55515c7b2864d379a,128
1b68f6066e68fb8e2673c95dc33f630e1359db54,638
1b6e381aa72ffbe2ecb1e9f7937f5e953e50de6c,78
1b7a302dd70abf61e0591130f119b67a483b18d7,82
1b841e4d304394131fc6b98eed0b25dfbedb9dc6,101
1b8a38132200c3f71f099e803bc9e03bd17db82b,585
1b8deffe34ddcd6c7955e64817b7221cd9f2d994,764
1b91aa43e607448f51255f4b22513de1e5a2efd4,709
1b9afffd36bc0ec43b07b448923448a81f90a195,692
1b9bc278ab6431d39bcf384d8d96d3acc2261c1f,548
1ba3626fb934a30d8ffe94856c75bc4ad0d157df,21
1ba91ded64497afca61415a361ee07772826ee76,746
1bab7bd4b1b3e536a7ead8ce0d2586fa5f3e13f7,684
1bb2dd60ad05f345b84f838124bb94567174bc75,587
1bb572e37a34720d1e466983c66984a8a8ad78ae,576
1bbf0a7107c3afdaae654f5f7d03eb4e82801904,80
1bc5ad4a9e9f8f95db1b40dbe9eb94bb0e0be63d,597
1bc8645a486e89f97c34cb2de5953e1ad800c16d,375
1bcb22003a224ae9a7ef511c47bf72fcedaa4818,646
1bcb529c63b6ef395d6e0fe62ee8c93db2404f51,482
1bd687e7464898101124f9606639b98f71e11484,677
1bddf5f6ab7dd7975887b5f2b23d770af133f245,46
1bde139c0bf699ca77ba5516993765344781a906,503
1be49e6b0abf8a99f8fb6be1a2359ef52fbf14b5,308
1be7d17ee6aef7d0ab2a946c92a8b1f2a4bc2bea,40
1bebc8e90bcdfc0aa2712d25ab13c037a32dbb7c,295
1bec8be9a153694146816a35465a1966e7b3a5db,179
1becd2417545ac5dc29fd47e601d74928d7bb347,274
1bf332a20b8217d3eab7769bf3347ef965f66b6e,76
1bf37e04085ff6e3a584855d384f5a3262ce069f,379
1bf3ecfea03891b8bae46fb69f22aa616a791078,560
1bfb80d88e6d74563f3dea753a74f28fdc25fdd2,553
1bfba1ad4e5ef94cdc8411b68ac17db6f4f02cee,655
1bfe5bdf288b5d0495040991757b38c52a45e15e,512
1c039dff7ec18080afa63577a7a7da61e79150ad,148
1c0821aaa202bf9f13b11821ce3fe66c4f231ac4,116
1c0e8c45049f59ef94bf80cbab4b19bc73699289,67
1c11b7fc81ceba961bc40139496a96d89eb265e1,21
1c128ab8cd1a316b949ba5077fef6a2d3cfe93da,591
1c14c9266440b4445517ea74974d1fbd0da6de70,46
1c248205765a60f9236baae44ceb78ded1975a2c,59
1c257c4740b428cc4ed1f3ea01c17bd9daabefe9,67
1c25efb94b06de30e12c58dc192c934c67ec9b2f,21
1c2a2445aa6f4e1104ff86e6e20423df676d67c6,21
1c341374f8f6e74f876064260f6173845d96a329,774
1c34275f15d039db12807f287d0485ec3f106deb,21
1c346e505748a4206434ec7faad136f2289d0471,526
1c3907e8e3d3f3387e43d927ae5092aec6647a7b,260
1c39b702f7ae2156c8c92f50214519ae3b8a333d,168
1c3f0ea8829e1fc17947acfc9d425df5e3d92ff6,648
1c4086d243e56b28e15325dc7336295357920b37,709
1c4124c13a1a378177374180c768e61ee77e8637,686
1c46866cbf0d919bc410f9c2161bfbcd8c338521,48
1c4880c160d1475b3764d11205b3f3340e24955e,525
1c4bf9dba2217d3a4aa820173122eab0cf7863db,133
1c4eb1156a69ccf8971ddd4f6e5781fb2e223725,727
1c526f23378edfa47fdd9a4b4441b5c5e9f0c301,623
1c5858708a498032e7391eeec672dfed58e873ea,332
1c5ebf00cfd3637535255523eaa8be83c48ad8fe,539
1c5f127ed1912478f1cf27ffe7a4702f0a2435cf,297
1c5f39c29ae639954ddcbf08dde0f881a6d9d876,697
1c5faeb4c6d9b902b4b41a5162b10dd76336d5ed,327
1c60cde44aa769711a08fe0e9be248d4e5d62a12,677
1c61b30c7dcf34f080a10b4d584bd02a033681e1,21
1c68b2ae2f2b53457733c3c7577076fbb34252d6,279
1c69fe97c0d134c098d3f950ec47e2eec213d8ec,535
1c6af952dad217ad4fe5842360215528a2f245fb,676
1c6c0db9be1e2e255f9c403197464bc29ad85b96,591
1c6c7f048e8b0370509d4018213534b38e6a0c10,535
1c74291571c281a2ecdf017df8de61639e8bf55e,313
1c75570d2ba7801306d42de165ce57c7028a07b7,482
1c75be9c817cc21a27f5e6060cb7e8f83ae72b99,47
1c7608ab74130c728207bef6fbb9a3db36232a65,128
1c7cefdbba9986caa6ecb6180d5917761d9b4923,265
1c7f3648ba6ceb8e59b2b048cb2e5495c35a2a0d,21
1c8404e2541d02c8e81c44f6ab43034eb960f13b,379
1c866a2d70897caaca5b7e64f46779eb88b9277a,202
1c8862763965c26dd575597ed70d4d4c854dcabc,148
1c8c24e904c210fbcdfa094a4664f25bbd4ade1d,143
1c9130c0e14d025e34094ab0e6025ba453ba692b,42
1c92a18aa78c2f14e68b889806c9a51779453684,67
1c942038f664d3b749f63c846e224cf5eb0b8c29,79
1c9a17848526e3594d100e87c534f2df80e42e39,631
1c9c629f7f1641019f27942214c1a1c17242a57e,657
1c9e6fc8dacac708765d12cf5e084f15995d8c6f,552
1cac01ead39d3cee6c93a2a4a781afb2a022ebf8,655
1cad8a7279bee1def78364a744e69429bb501d80,237
1cae0192cd1fc48ac03453fe5de81caf54a8d2e4,585
1caf320511d00373a19237ae89625004c6b46145,128
1cb898ed18e0fd159970761b7611e0c2fec49d13,681
1cb8b4c311d5063a7187f49b032e76688f749512,378
1cbca8b57ceb7b11f68e8fe579d5ebccda47e6b0,226
1cc16637a7ba5da6f5eef964351140b5328e073c,202
1ccabf8dd6b6c102ec522e43829ce3fa5c7f420f,637
1ccc6f4121abdf5ca00f9f08aee28a75676a7b5f,202
1cd0adbd46079d7acb9067769887a07aedf32915,280
1cd33c6937eb246371f00d343558f12832488419,559
1cd76bd46f48c03f9c1df76d884ff06e8eba1ec4,437
1ce412f0fff6a4fae80b7105b1f5c9db979afd4b,692
1ce5845d9c1d460e0804b1d85beea204df52c89a,552
1cedf8564e1e7ad45cde88ccd6aa4ddb516e374f,45
1cf293b4b38dc8e5d9ed9c3c517d189ddf2e0bd7,552
1cfd92695d1353f204289747b341c3a94aebe300,552
1cfe7c10f67597dd7ca9c9283a9fbc7b8f9cc803,754
1cfed52fb15fb12089ec745a9ed339e4b0bd2324,513
1cff2f3c563e07b7d2b87b7deaa16c8c2c60c569,202
1d0748b13c22093772d30dfbc6da2868c458b2b5,711
1d08ebe38bc16653fdd48fab77c28134f5cdd0c2,21
1d0b3d201b94d8db46f1e2a20d524bc668e18484,95
1d0dd887f2b78838baabcab850474ca39d808eeb,252
1d11a5fbe86d91b06a40f290f3ae218b6ca2d4d8,443
1d1618a7f0579cc720ba8020176bce17cdd48f07,633
1d18420d0765c0f17aee12f13e6b4aa7f5602831,182
1d18566240b56d69b6c4aecd0da0213c5e578cce,252
1d19f3a2d244399212277ec866fc397d26bc9395,585
1d1a36b92dd791a5dffa3e5ff5f28ff01783933e,491
1d1b37cabd6c302c420945d5d215ac9d40d47a33,247
1d2054c7a25567020a491f229d8b3bcb30bfc32c,657
1d210f0a50116dd294677990fcde82d84601f10b,269
1d2120fd0a930c049e3df5ceb32e6a05f6e00b8a,676
1d241e6ee52a53e950760c34a369bb2cc76cd5f9,169
1d25759cbccef99c1dbdb2b6e9c76e0393d8064c,587
1d32ed114639342698cbe15946037e91fa47ab37,458
1d33a997076c5e4f77f3612195f87398f82e10f5,56
1d3840a7870d6cd1bd08aef2e93b73faea3b5e46,201
1d3cf36d1530eec7be47234138ce8aa0609c80bd,775
1d3e9719a8a2e489d32b6d64293bcb6bda0c6653,67
1d3f41d318574f8d14cf44823d51faeada355802,677
1d40b28f6fd62e3512056b24632cf8cc43edde09,85
1d542086cba3621313d444c3c7aa2f8c7e27636a,202
1d5494c373b481a2e38456e00ce0c85003d52ad8,251
1d56d6a928b30e454880ab5f88ae908da62013a7,82
1d5b5ccb6a647abc74e8c70a632b260a92a3d2e2,692
1d5eaae873d70b08dcbf3f56586a7eec34bcb0f6,473
1d62528eb9667a5c946dae99fa0c7d069a64c768,385
1d683ccecbbad1362c33a0d728e60b28d964f47f,775
1d6f91d00d5205ecd3b6a0b832ed3c33662db17a,550
1d710a25e83e781b79d9377ed7d24fe245d916ae,228
1d7610e409cf90c71d4454c4ffc8717cb19ba30c,547
1d780e486f4500eaedcee846c31429e2f51bc4aa,482
1d7de7d1e2445b0a66c5079813d27e98b4f58f68,258
1d83861eb0a643daf03e5653392e85dc019a7da9,482
1d84c54f979a313b9b8c1ec0a6831cca1f516aaa,54
1d85c07e71476524263db6749167aee653820340,156
1d8b5c89c0b2eb1d684875aab05ecd8b10edd01a,559
1d90b04ed1ca12e9a548519d6de6f102cf2955ea,600
1d919e26ddf5ee18c2b2c56704a1f3d76cd0a0fb,78
1d923e7e770530e8f4ec9263273d7be12bb8ac0c,202
1d93b2a43d02eb68bb71f9cf7c87825f4e95cbc4,21
1d9689acdcfc29df1ea38c4d1c12944ecda43e0c,686
1d9b1f96a85804be3a4af61d6d83883eb3dbdc60,580
1da5d53a2febacc28767fa85f768643ac29c0f83,154
1da8301961c35b940be180301bacbf9175b7559b,67
1dad6063b1897cd3369ec24371961c5b1492a11c,41
1daeb153d3b99c00638113fa2069cb1d117a7adb,330
1daf8d3cfab0c431c2e2fbab5818a45c655e15e9,679
1db33cd51bacee106112754a7d1c45bebf3d6229,482
1db998cbdb5693df084337df2383948f6345118f,257
1dbadf0d24753361ed976bba99dbc491093f8ff8,45
1dbb4edf39c35c66c22ca3cc7380604e1d32d26e,120
1dbdd90c4f1863a7a473c0abd49acdcd8e12e328,565
1dc05841df52b44c3923af53f99b7fb0fd63b439,379
1dc0df93be9e041e5e81c8558b26e73fe40b4aaa,351
1dc32cc99c79d5ad85225ec33db64b2a6cbd67f1,96
1dc85637f988f7adbccb0af1a998900de6c731e5,712
1dce44aad5247c4befdeffda10b9d42099198bc9,96
1dcf4355a1cca5bcbb7573dcca0b79e8e868d3ac,65
1de3923e3b6de797ee2624e4a15210be5679bdfd,602
1de8e2cce6047c554228531971e15da4e1f429a3,13
1deae4aff68c28b43beeb24916a9766b62d4025d,45
1dedae64f592323dc16115aa30b8b087775798f3,7
1dee0062f145500b1a813e0515147f0fddec7177,168
1df1922204f950c33de62389d92f5a9baf1fc2b5,413
1df2813d0d4b5226540eb51c109f627c08750809,518
1df5a0f46a492944c0eab47e1f649db23f32636b,21
1df6771ababb971bd0e3ad5131df6687ae669415,655
1dfafc42bc506ad5680bfe92ddf8ad897318aff5,13
1dfc08c5b7de3273a2636c0a095732f8e8cf970f,45
1e088ea5f6d1c120c7f294c37df13777d88a0a9f,633
1e0d0a3bb11c51f1cb191c95298a02243593698a,265
1e1637915a3747ed3308dd1a43d46e83b20cfff3,560
1e1ab8020cf0c6e68f95434ee060e697246cd16a,677
1e1cfe5f224dc4f4334ecc42b1a18e81e9d8a936,492
1e1e26947084ed879c0713ccb186c02bf58e7fe1,552
1e2330bee1e3b07ecb2592e76ac2558ead5767aa,90
1e27c3fb1f67e08df62e53b00dd4516d7a139375,122
1e2a9efb37df86a4bedb1a4c5a6817aac372416f,49
1e2b23d85208278f18a96690583ffd8041ff236d,17
1e2f657caeb2fee4a01c95ac1f2a606bdcc14411,681
1e31480e5dad0b9075d1363cc9c8e15cfeb5ba47,623
1e336781efd336c47fc491c7f467dbffe39cb801,506
1e349dd756f4eeb7a3c69bccb76986a691e53184,21
1e35bb54652ca8e1e4dc4c2a3b4f8a0cf0440cd2,271
1e383076e807b20fea262134867994c98678475d,60
1e3cee577c2bca117ebfece608c70cdaa5d2eedf,611
1e3d4f8ec0556a6933d001a106c50936a5ad7f6d,496
1e4337f54ac6044869893ddd8a859355d4ed184b,175
1e44bbc700dc5486dfdb8fc10bf6e56c9b74f741,92
1e481853a6bb018519a33723c38d86f86c5c7659,441
1e52dd6033f1dfe9883c50909624be6677d3237f,610
1e532378926ac219c134048e0a7daf1af2536a1a,68
1e535c8a06f1015797f7f6e9b09d16654533fe03,21
1e5504bede36e57537251d1bc6b70bf9bf128e97,255
1e5e322338f73e57a470c8ff6402041c1db2a439,735
1e60673869668cfd8f116fddadd51207f44ac735,252
1e661e0c70f718c852ca99cf28da4fb4a434d0dc,21
1e6709550b4d9452b8db23a908d7e95a23c55eec,726
1e67141f8643f0fc2e5591e018d7b2d128f64b66,560
1e6a0be92ae0476f95b6c4c6248d1b48ef631c9b,164
1e7489903dcf4cfe4fd8dc4e139bee6a06545bd7,557
1e7c7330cd4a3d24027788818eae8fcacac693b3,82
1e7eafd856cc24b6638d8ba10ace7c14eb1efbb7,302
1e80cb6f4fdde87a10f51d0fa838726c1909ab1f,87
1e834a0d2f4aac290e434ab9f4b8f5908a586c8f,77
1e8365500e7da2d79dab6993c020e07b15673488,21
1e84889f16a5d222a2a127e7e37c55ada7c1210b,21
1e86fd48d4474605bcb414568dc60ab776db0ccc,482
1e9157eb41e87e2c7f4e2e4c13bb3ad152208e99,522
1e9afc6e9d571b1bbbb2f6494b404ada7f6d3dde,100
1e9e6524580cbb9c13560a4c7b5d9e46031af4e7,544
1e9f01d4d1758d0d0de89b97f6ded62099459a4e,673
1e9fe9ea1010411b4468bc2a0c7b552253023c08,428
1e9ff1da6708353a879285ab836fb2a54f7f132e,162
1ea2eea7c647f873b47223dd7e0e27c51ab87ef8,408
1ea332ee7534eeeb5d90b2252ec7dc2849026475,292
1ea9b27d787aa87bd0d5f59c0c65625dde437fbd,101
1eaae683d2243b0fd2c3d14e519ef32ac736e804,45
1ead67bd5935e50ca528132836c18b806eb65a8c,201
1eb79a3641e31920e99fad63d123a323b456efe4,677
1ebbfb61fb5d17c1c862c2cf1c633c75d2a39d12,67
1ebcbe86d3fe5eed61383839f3682cb122ffd1a5,622
1ebd8e3f18df56237a4a3e8e4d7a9fc91a77a8d5,552
1ebfaab07bfd5d9cdc47b3967f27268fb8e2e3d6,330
1ec2dfbe911fa139b1d34243000edf2e5cf79887,93
1ecb56276c71b9acd8ccd70c5c3441f0543e7f6f,202
1ed1b24f81790b2f9a74a71cf6e3e7fcd31c0d14,522
1ed60f5c14d5e33895adb5db55e78bf60dcac2b1,766
1edfbf7f3f8fcd89c2fcef2d743c5fa7b42cb576,441
1ee28dac24d128d72b926f139fec17bbd3ead633,787
1ee2975f54bc8890a7a469a4ee2f2bdb69caaed4,148
1ee3f848f5832b20f12c2246dae0e488bc621b98,52
1ee49db8579015223cb324ed7674cda0cfb62356,47
1eeb572039087f5c50185aef301453f628201871,46
1eeead4f6c819206ca222ab8e4fd50262d36078a,170
1ef1ecaa5ab61fdd797a91a076d5d920f04774ac,720
1ef6447219347ba19238d33fdf32425aa836e805,709
1ef69e0a48f61fa4d5826a87acb1cc0fff6c7dd8,13
1ef6d0e99e0c0e00088a3db9140dc8b65e55b5f5,766
1ef7e46ae779b14a4b62725e39abc6cf04544081,717
1ef842044c951db7c0048d8da9d02b8d44469525,552
1ef843dbf2f8c9b5539a4f4498c89fab28f66618,482
1ef890bcae1175b5a9cd22712aaeb577698c1ee8,518
1ef922d0af4662d107e3b67e04d67429df3166d5,7
1efa28de3fe4d68e8582186630758c8b21939b4c,677
1efbc792effd9d32baddf3622fd8b4d75e109caf,168
1f0195d5272ed24f4ce3978d0c119fb6bbe6b5fb,202
1f03d52a83e721529ffb27ae328573e6188c774b,677
1f04a3c32f5702414ee5104637d62729d8054444,82
1f08571fb38d6d1848a5ec7c3d71e7645a923518,191
1f0d6cbecf22eebb830a87b42d9c7767fbcb3f5a,512
1f0d9e6bd82517d33956ca9e68979e8dc2e4705c,66
1f13d064ffab7b53ff9b292b90d96d8504773310,452
1f15d0c14a1c271c68c864422031f5abf8cb00b4,202
1f1678b051b8fd5324462d2d683aac1b36d4f753,195
1f19e0563ca59262a49a3157802b473370798215,202
1f216747c739e23d433a1d732136430d4e0e0a09,120
1f2a2623800c1bc029e02f8ee5443d08bc6fdd61,281
1f2c9e37cea345b0c271dc7eca7ce3b4c49bfde2,713
1f325d97c177a0efdfcc1ba9d38cb28b040bdb64,314
1f3b6b82178c321b7ab78ff06cfb661a728794b1,252
1f3cb51b7c98e5a90c2d0f396f7723b3883f4955,510
1f474e281a0cac10e3e0d0bde4ec59dbf4df1ddc,405
1f4ce9a214cd99accc7034cecf9747cefba290bb,128
1f4d8657e6b3461529fbf1c911dca7b87faa3814,271
1f50eb06e2071509e1a11b38d7561977b56ed7ee,152
1f52278ade18a51364f95acd7687723ef7b8824f,138
1f54a7a890e33e3a43ec5632e9b47a2e7582b959,552
1f562b30c54d18703b191658e41053f24f6d17d1,677
1f585d7d656f644cb36f39dd13a2ca9245f4e426,21
1f5fa56391877cf1642051aa997380c091d92b20,482
1f6713b5d086c5f62a9c78b982465ce9c0dd7b62,496
1f70033e8484086e2aa07f5c6093713c8ae753b3,204
1f7c81e32dbd34d8c876db7d6accd6a4c4f2242a,45
1f842fe02c76d45466cd5eeb4acb69e0d38b3bb9,699
1f87efa9c2f21e07918c264c3708335f4a2ffcb4,559
1f925041f767c94c8c1e78cb428317f326518d6c,458
1f935ea229fffb62d5f0f707d5f1c97181d29a15,84
1f9b6ff015ff3a7dad8f469cf3f7e4f1d02dc069,118
1fa42f572d56d3ba0dc2abc49e68a06c63cb2676,663
1fa58564f91fff4e35659cb75b68942cf5e8903b,45
1fa8a76d224b7279423fcf411d31335efd1a5106,72
1fa8f7232316f974d3bc3bb0af2ab3f2a0a3501f,202
1fb533cd47387383b3a8dc4a82d7479ba1262084,688
1fb5b5186ab37bb0906943456052f137aeb03e0d,134
1fb88c532fa43c0fe08584f6a8eaacc8f18b2f54,529
1fbb0796e88913847ebadcf6720881489a6ce880,477
1fc29b31835945360b893d295c69e770ca9c6cc2,550
1fca3cb9986132aa1cdc83cb6116adb81a3fe58b,82
1fcfff0adf4af472458d34636533b8e70e09977d,68
1fdde57d6bd5b95f8f8a18c658bec4dd3d627da5,260
1fe8162e383447c4aa536c265c046028358e0589,559
1fe999fa264063943f6371cd49f2301e835a4aae,576
1ff9e285148cb6ea0592899af6a433c98956b527,21
1ffe0e3dc6252accd26272b2b3ef88d7e00733fb,46
1fffb08d5438db6051bfa7759ec42222df20208a,41
200723efd21e92af4256142f4425c180b9d41b31,273
200acb50a9f71ed5f4ebb4754e5788bf2b17b002,552
200d9a83f22fdd814be602a08725b38f82713c82,14
20152409bc79c79013f03e1a3e03a8641922ba08,27
2015f293fcdabd4a8332bcd852acab06555e7225,250
2021425e0e0caa5927a8d08ffd25f2924106b1fb,482
20230efb3214466f8c5fcad3f6d243274b8b3358,126
2025e9e4520d31fec7126ff158e745dba53ed346,87
2026d26d7b77becbcb042838059b1f11d2e77557,677
2027715aa7abbee33ddd1275d1127eaeb889ca73,677
2029798c10fd92005b38e11740cdb19cd674dc41,552
202abadb2c7bcc0338d0ceeb06329f5e38239b10,610
202c5efa0e6355f7be2e1322f135aad464b157cb,128
20324a9387ceb96a92e322f25021bf8c56513059,604
2034906e86523993600e5a16623dd9b5587db35d,470
2037fe5b0216fb196bca3d0583adf0fc74918195,67
2039c80fcea8293d47ad6ff9d482104353e88f6e,567
20429115451e1fe5da44ddb28231cca2045e8df0,179
204790d30d70793dc6a45112c9ac45a117a8309c,332
2048bb244c68c44f250a590b17bcb7609f65c21e,677
2049a926f352a173a4973ecac20651165deb2b10,67
204b4c6e8159fdfadad0a4e972c69cd1b9604574,555
204ee568aac5759e91d54290a52c9fbd41cca551,128
205c380bbd55417908ab48b55eea74b3a6f64bfb,162
205e17193af4d8f69e1a7ee4794cce3b762d918b,510
205f0ac2a8778bfd32d6ef5b0376d06966086bcf,332
2072397cc4103bfaeab212838e39ef600715f1ff,202
20749653ae71b66ff9fed5eb3e89001dd65738f5,67
2075c6688c7cc2163dd3ee53c47697e14ad18029,21
2075f62872a11d492f3eb4fe99f7e32bbd505f3b,327
207ab9ebceb15d7b3203cb9e042b86672c6b8668,512
207dae9bd0b02e87fda6800da418ee2b5588a0d0,677
2085653c315795d5bf5986a46a6aa59fa3bc15f2,141
208a73b7307dbde956409bc97b969cf35ced8b38,280
20993dc426f0fcd68b34718c801a53ad46d0eac2,560
209b430f59b09c4f194255cfb7bb9fa5fb641030,249
20a0fcb19866414fe7b9452b3385cbb4387156d7,21
20a585e910916a8854d13a4ecfc9a79502b8352e,17
20a5ca828646c8e7d202d0c4a8869ceb24071770,260
20a6e3d97e7622262b1a6b238afed5310d2234fa,199
20a93c1aeca51701123b2ab60872ea68323be7c9,441
20ad443071dccab710c2da94b283b4cdf25b9952,202
20afec8681135a3b1a55bc8784c39e06ebac155f,552
20b1e43f4780c327595a3aafd064c83e88099b05,85
20b7e8f03e697e74f90b300cc894afcdd3dc71b4,583
20baa994cbfd3b353f1358c85a50695ff4e25d99,610
20bb66ef8aa843192af4ac1debd2a0632cd98bd9,202
20bda007534393aca72e72d96413e61264746345,21
20c0561fec87a88875114ad53bae6b078718f8bb,156
20c0829db3d080d07756b32f2d190aa5baba5554,525
20c431c869c2a05e2c83155fd9952786e9038f70,655
20c5a18eeeac85799e4dfd652751ff9c22cae19c,228
20c6f11ad75adc773f455e6f13cf17bfe3c173d0,585
20c9073e27b269d4c792ac3873dcafb9ff0af11e,128
20cc48158f0cdee483ea116e8fc14e9272b48a53,6
20cd069fc68b176a091b5b697d431ed27ba1ee87,168
20dc7b53b898a2604ede3a7bece7081b6ba58c19,59
20e1a1b33926247028074131026eb7956170c4a1,379
20e56690be883b0a2858c6e5364416c0c0be8309,359
20e662f74f3406363b18dcb30cb24cf6dec6b160,88
20e95f7ed5ce5f22a6161231e4ef2d91e4a6fa8f,655
20ea579519b2e67059da5cdc13e89de6a90b86ba,202
20ece3c1f5eaf0bc37db0d5af9268b5cfb6ae32a,4
20f52c053635797aca88a84e2f4f522503b7937a,375
20f69fbbe1430ed238076ef99a88a3d9d22d5229,634
2108afa5ee8f922a523594a10baf1505dd46daca,503
210ca95768ae9d165cefb11d1ae12875f2b4c286,21
210d97b91deac79240350aa0762394ae61c9344c,389
21119b45e2c08f537ee6e860fe259764cd8ae45a,87
211275c9c3c856972fcb8fea193fafc56b3ac736,21
211ebdc5cc01cf7ef4753e96097ca970f8c271ec,178
21244eff2b48f8fd070c77a4e06ab8e38e6ba9a6,265
212eedfa8808ede498c876af69c518f7df835d55,220
212f05cfa4745f6b77c746c44d5cd26abc09d01d,21
213625b07c65df70a1f82f319e1595ad2d9e984a,597
213b17a367ffbb190021821970c2a42ff159166d,597
21426506fffdfd8704690a21e52471bd1c3dfb45,749
214383cb36967e9596081abc792338adeb761af8,80
21439544edc41217242b708e6f77129f34bd4646,179
2147d07e80b7508869a5725d1238ec90d907d7ef,128
2151260084b50c98e49ebbb2622ea438faa3b941,73
2157a58ea6fc482c88329202a7603c16f18e7388,228
215914e628f0ccf8e267db085f02480b2faf5c16,528
216169813d2cd111baafdb4a98219d99010fd089,4
2164a967260afbfdc6fa5a6c9d16e44fb79a2d5d,552
216d957cfc344e8a23935c5cfc02fe1499475555,265
216ed6e8b393a0c27e13298306818f5a208d68a6,552
21743d41d388fb876057bf14695ec17cfb5e6659,100
21746f7bd46b9c6f51e101d13559186981e29d6d,602
217835c448e520c66dc90a5ba963733dc77d3459,4
2179d79d69d6422ed83181472d971dae2b03a3cc,119
217c9aaa5d6560ab11d318d87714d4267632e96d,342
217eed1a4ccd167e46a3a04b9ed12a7efaa6f7ac,717
217fc3a3db66542c2807219dc674abe2fcba0459,482
217fe623db8b707407dd9c7179ca2b1d39419ff1,383
2181480d82417621e017570d6d21dcca54983c48,677
2181d441f4c2215bb791d1763ca6eedef4858b18,21
21842653994eb8f398869296f94847cd8e61f83a,82
218ced1166c8d633ba19310e6bdcd8427143f1f8,707
2190cf10f10312189f0a11cb204c614fb6bac73a,202
21915ffac3d348d0c941089fdca2deda7e5dcec1,297
2192871ba3d0d2df22715014cd1d5938d933d586,518
219be12449c482a86a7b8977c18591ff158fa33f,533
219dec0d112bce82623a38e46ce501d0232eb035,331
21a0fbc0d8fc03ede02c90a0f83f39a435fb0013,21
21a137bd8ccd787755d39653e9df7197428bd570,452
21a16f3a3868c4e83b21a8815a6df017382dbdcc,170
21a77ae265374c92ff6832ef9fa6644373af0af2,589
21b0fd226a2a62d0a31172ab64841d56b898e9e5,78
21b35432efcf40313a400eab1ffb186ce58d909a,670
21b6fef3955e8bf2c9ebdeca295798d7886ac92e,698
21c4115f111574facd08775b9ee350ab122412ad,671
21c68215e11b99d4de1f25610f68d15f64e54f8c,202
21c9a6bd8cfd160d975d96d7b72d13a5c13d6074,67
21cc8f71faa00566c035b0bbf560e78e7e7c3f23,517
21d01f29469e800c57aa452a17fbf920b409bf3e,432
21d54e5d88158890c148930a673e9ee1e84f3f96,21
21d652d7604982bbf42cef8d30d2fa51ddfa64eb,713
21d6b3015195dd1a2cf1b2f220d859517333e486,21
21dc41c2a448d2e14d2bc2ea3b8501a177c9c020,341
21dc934a2a76c63a15d3d563ed912fd43f3e539d,512
21e1a8fe79524f372b4cb13811265211a81f9722,379
21ebc4292e860b130326535252c3d4cc0da5b587,423
21ed03fa07eaa16221853bcb242f6b9ebba7e12b,685
21f122ff8f9ad1c39f54babbeb499d2603820724,676
21f46abfc204ae343fe7226b796fe400c78f4e74,559
220304f5bb3472a031dc7c2a64d68ab1e90ba5cc,332
220827beb993b25f78109f9a1ca843098439a989,594
220a4312e7159d5b1386d468fec10016db090892,190
220c58b2b7527729d4631a97d4eb9e8a05fe6710,314
2214fe9d5042a43a2b01ea8099097b3028a88c96,202
221910b1d23d39fb2098b1917fefa658be10f9eb,709
22194b2782827edca6743af77180c2dbd085e0bf,485
221bc292f38be7bf936769c52552b96a893e8907,555
221f5c779e3aa2c5d5def33a50afb50a88bd07d7,59
2220f3209c66a4076e78832449e012f8999506d6,518
2228940b671ca1b48ad350fee943749e74b187d9,604
2231b1973b67d42d03828dd5e51aa17c5dc4284b,209
2233c5672c1d9c39f9dd9c438ecd9aa73da5d4e7,21
22394d915b8fb32ee69e99d7c77c21bb940e7471,314
223abe3ad3bf8e6051e0be49608e6898a1098467,482
223ea1d37479423113f02f8a2fc9f2625b3bb647,311
223f97789db15d33ad50fd2feca62b234099080f,139
224218a8b1bef19644adba2e024b47cd2ee040aa,498
2244f71f983fc5a2d86853d771dafa0539f6838c,484
224653f898ad9f4b749ee8f430f8eafb64f99351,530
224fb59dd98eb9c35cd80fbe6b8262afe49a8426,496
2258e02e65bb9d6da4644cefa70fb29eb6bae70d,141
225b96c97ea409eded796515b1c7c699c8bda95f,692
225f99c64e38ac12e677b7d32e715159b808151c,544
2263b7a18528b8913c851a42855fd5214b2e2f7f,351
226449704e9b8e6a85c7f22a0079c67656d8b297,560
2265f454d569a228d7ecaa77f3e0a4c5d7d5552e,500
2269cccebc279897eda41eaf4c54c2aa5ad2c0d0,676
226bec9544017310e7801aa3c18148a3e01c0393,553
226c1682b8a738365db164c013ee007b9a40867a,21
226d4e257a89b62b9717e19f2ad9a54633c1bbef,452
2272c9d9cb7dd7999ec7d3697da47d7c8c56c7c7,655
22740d322eaf3c79d809a069eb440705dae3c856,202
2274793e4b42f0d4bd60a31b73bbcedc6479c88e,484
2275706218ce826e2dc7233eba25f210265b7bf4,597
2278e238c1971bceb3f8d0c919d6212165690e9e,4
227d3699a0e489ce2859a44d7d29f0fb61913295,399
22873722cba0088f380efa4e10188833721f6f16,421
2288f8861156c9f5b2669443c9ffc7224c622f33,332
229166873e6ad34f639a52a2b8b99208f2eb05b1,441
22941e5c2b91a056686df67ec0b3f48dab0be01d,17
229eee3a1d61ada29cd1244722cb4749b6fde776,501
229fd63111a0b8cb2cebcb4e1bd5734297bf94d4,514
22a1f19b1341a5fea6281db5b5c0578b085e9114,21
22a4c46880c9dd64d340d83b82a9cfecbba59f0e,63
22a9844e3a8f5c67c43cc17f12270ce9f504114a,742
22abdc0012fce4471f33a0660f6df8d38c87cb0d,485
22b2c982c1987565912cf7948bc51c7bc791e2a2,35
22b5551143512f01bf476b16e0e23c637e0869b9,327
22b7325463fdaf2eddfbdce9e1ae1151456dae6a,591
22c578c04b2bc59aecfa3244e0b1e57140e83cab,280
22c928fce904df3f890cd4718d8313fb56a8722b,453
22cd96d52a31cb564f1391a0b8fbf4e1baf514d0,21
22d3569f3c9c9d6b2abe644a9702cebe5c33676f,470
22daba54add5e07939c6dc759d804f712921ca93,35
22dffe6b8311b109ec2f74e5ff5677c413d92202,21
22e6c72c5f30b2e58cefa7832464118d63f8bd1f,435
22e74b5e1a204a1f2e9da63a9318734d0f054b4f,23
22ee24124e4564fea9ffef70705943c26abea7c4,576
22f0655360ea827fb0d09ed017ff18489675ab55,682
22f0d5eaf70244e6adfaea531c2dbf8d7ceb88f4,646
22f5495026584e5068d114c24ebb44cb358c4ec5,332
22f6f2ec24ddf59cb77f3a0095d82b86cb4123ec,21
23034bd3485ea2c634ffb67ec24bf930d742a529,559
2303c3c040de9128fec0bc2f26eb2e26147a0a1a,21
230ab78f4957bee8bf3e0e90f6631bec6f68c058,35
230ac724aea49cf7ed00cc82071dd9712ced99c4,257
2312697f44b3f8f8579168290173cd7d14f10201,152
23153ad71708d88cbe5a8aacc38f5b9cbf9e9a51,175
231ac3311b9d11bb5e74279df0bb7e1ae192e3d9,458
231e26cf33d00066248bbaa916caa065b6ca4433,157
2321f49a266896804136f7e7305ab9e73be4b38f,326
2326809debe0b595ffcf7411921c5e1fe617a727,247
232696637e1e2b9a8b61549743dda8365edf63a5,553
23291524bd20d23f0c746fa4b8338869ffeb7b39,677
232c0fc7de6bb3e16809add3dc0b635fcd7131d5,280
232ede0032cedcf2d40ee2b346018dc0353168c5,535
2332096e74b305b326c1ee91de2d43df80646662,441
2335e490909de28cf998a425733f240e7bc884d9,505
233731a07b3c1920aa3bb4c1da68d70688d0b495,141
233a6ed63c1452adea1c21513217460efef547b2,202
2341c451bfa8aa29b78e3a39b4608c0715905f9d,591
2341e67da48b77426ae132969f6355c4b25d0cae,21
2344a4cae10ad451fedaafa9872e026df9c850be,523
23463d1420983afcd1506d1dcbda5a5936cc2547,46
2346e05b1af043329fcb0b06eaadf37bbb489dd2,550
23475d0d2b01d900aad50a40e5bc27543d841ccc,539
234c59ed74782856e2ee2987ce0e30af179e7adf,677
23504b53364fc3b63598550d8a83a37a5d75bc57,692
23547e9dccffb3755f028738db1e6f1d7658c170,202
235855fa98735aa80c320b39a6387926720d1506,623
235a7632341d90fe2fc3e44db4da073fc30e2d45,491
236464796bcc11f1bdff533a48a205cff6f78f15,128
236b40da21a168a468217a5f2b26a9bea42ee530,500
236db233384858f1a1b3a40cd16841dbb477c3c6,552
236efa133bb30f28e8cc771fff7c41dd766a5b57,67
236fbb9bcb20dff84047518a280f3848018a2544,282
237882a5311bdd4ad5883b3571db0bfc49bee6b4,552
2378d1af4c1e6b67909e372d469231969e333f34,42
237b5064c2c196c99ee68b8ffb6d00de72730e81,713
237ebde032616d2a87e847aba6be77611c24d630,548
2383456250c4ef50e4eb24038e35d949e2786028,45
23861ded77ab2159825507d46cfb6a420bb969f5,482
2388f100150d6fb7d9b7b05ae44923a5fcf88dc8,273
2389ee6d4fc59a5a64938d7dc68a6ff97889afa6,31
238ae3174f3e2b80ffae32328206ad670108f618,484
2397e534bdbde8aa95e859c94ae4d247d02cb2d9,332
239e2592e1fa828e1f20f693e313934de2107b23,692
23a83937e5ef3bec44daba350b8286827639e68f,202
23a90fb9a1fa9d1b7ca9e87a01e4305c18d9402d,228
23acd3e9592124017ac08b72e933453c9d9dfb95,485
23b5c33d23efacc9d7692fad170cd8fbf704eef8,735
23b741675e28f3f168329dcdc618eaeea5306e9e,752
23c966db8fdb1c737349eabfb37b9a1104ee704d,73
23cdc6003d2e4210c2d3f86e54f05749f9dbefd6,202
23cf0a89de02bbcf8470e0ceabd2f70ac28277aa,202
23d1fb14e07efd690e17fc840fff4fe4623a8f7a,67
23e0346220d4b4c4157fc4c892095a0bf19057ab,399
23e7609280502fe3f7339604410392070a09c41a,379
23ebc782299181e97cf40c193542fdd65cea7089,535
23f5563695222a4cb1c302663d3206dba78300c0,384
2407bafc1c3e9fcd7c4e50fcebc3468dc39d9cc8,766
2409ea3c67ee5c409395045c5dc2c0b32bbdd847,21
240a79dce6fcaf4b5052f8bc79e626741115736e,332
240fe1f92ba3429709633e31ee3d59c54962b404,559
2412c36b9a6912ef246c6f10666f1bf70ea67122,758
24161c40e3a645ef1c0262b846b0026d5402d06b,664
24197cb7d62fff2a4cf50c18a9f61aa6df3daf92,441
241b5326e1e4884d9c079a364074bfb34834a452,21
241c2613e82efddf5d8adaaa9313b1aa72455f5e,688
2420b6f942882c7b28fb31e278bef0c493eef76a,476
2420dcda500759c827f0b42528b6b71c63304751,512
242471f318f05cca616ea137cd1839f48b4da264,655
242595fdb6a3ff4405a054044661e258460f1295,685
2426f3c7643623e75813c9d2c0ef38d57bff9613,282
2426f6071926917bfdc35d40bd51b09e0ff8d3fe,128
2429ed897a562000a79aa7852d6073c0c7468a2f,144
242a2d9d7dd83ecfce80e1514eaff9ac72ae793c,197
242a9b6d9d15bcfd44c3032d2404bc5d83e8c2fe,707
242ac26098cc28ab4cf18813def35dde2a1dd081,95
242dceddbc89f9bb4f6f40abb4b73a2d49ddbe49,202
24334981b3ab177bbfb7787906807666b1978ea5,56
243376a68c03f690a831e919e156f191d5579fe2,140
243532ea22e627e7b3eb8149403e4b755c443a6f,251
24367a4be4e440177d6de4977c093f213ae5f261,314
24388cf94a1cd8b3f4ba1347a29fedc6931b608c,637
2439b5db1ba878cbe3e3d607e0e4ba7d92c60e35,505
244162145162aab344ca0975ef595a86060c0755,65
2449d60c909c50167bb568133b51ac488bf8c411,338
244a37c45425e51ce934bde5dcb35263f2aec393,372
244d539cb922cfa362368532acc2e24dbffb72ed,202
244e757bd4861588e89a87d463cf9b296425d4bb,79
2451d6e5f5f67b99809fdaac3c67ebc17e2d53d5,357
245309ccae959d3fd9a65a3986ecbe5af587ed8b,141
245667e8d96c5f3bee3beef1911e3fb94d344f0c,512
245da5723062a775363a6e800362f478f03cf4ac,512
246088b78fd315065bbdcb3ca797f73a40bc0c40,443
2462614201d7dbd463b4b88a60c01a331b3ce134,82
246a19947c7b97750695cf949279531a5f23c4c9,21
246a3c434d8daba5e5d2150238151924c422763a,485
248c47f9c4f2c15f93dde249111693162c50e3ee,544
248d0cd94e819b635f3a8c4f4677858823d7dc11,320
248d26024214e940145454539b338bba286ff4a0,13
2499de2ac0d2631544757fea827498b1ecf10aae,78
24a1cf4fddce4bb8ee055b0f4e45541e7c74f565,139
24a728e3584ee0ed26384e814546477706cb3ed5,209
24b35975fb315e43311d942e26d9371595591e24,552
24bcfe790fefb5cd7744a349bb5cbd30b80ec647,552
24bd8a11f4f41aceabd3b5643bceb19488d52900,523
24c713672feb299fdbc98da4d93215061f5a3186,533
24d581eacef905688616d9ebf371f65f8dfeb3c2,59
24d617937938cb9d2684f64e804d4146d8aae919,484
24dbe4946771cd6be22e41bd8c7f380223b45482,600
24e66dbc6c781180980a64f92e9406f1b75f1e09,202
24f398f547e8983b9c0bc1fdce28377c4f920347,437
24f62cbc101996a7d185882ad4a6eeff9fe5d02d,117
24f6fdb9e010353fab4b6d2afd6a748a8708a989,41
24fdde71cfeaa4a83aaec046a3fbcde5e6ae4946,204
2502781643f27b4d14e54449cbec211d1a70aaf1,562
2502bd784a504e85cfb9d6205935e70555b4eac4,314
2506c281a03e30b4b9da93d3e91b05d4121ac957,67
250734f5bb5982091e03e0b776da515a13c9b49c,4
2512275ec0e4a1bdd1f82c43ec97da70658438e1,21
2512880fbc6ed3973e9c7d1ffc7f8e90f15f5ca0,332
251eafb3cda5f5845c2b8c700fe94c72b9fff91d,359
252bb50996b0773290845699e12d65e855be9b35,765
252bc14f872e8764f425cecf8cfca7e83bc57ff1,457
252c5d45fb4688f4fcc65a0c06351dcdc9b7e705,646
2530085f65b15025e65654b01b2085b232fb99d6,512
253035a248437e53012b0965a24b578147838f26,344
2530cef4781b16bc68e3d0fb7b02c2f5b920c420,722
2532e9b68855b567341b0bfaa1dd4d9eb434d279,696
25388e4c6040d48e101223963758b37d4279a300,535
2539c0043a20b454883b729752e777a73d1aaf28,202
254178e3ce718056cbb64ae9d56759db61729014,40
2544a2ef5e5c1bfd1ea88a92a3542202a6f79428,691
254f6181a6130c998dbd9624a399b2a15e0a67a5,52
25534ad9a9bb97941c75e9318d18ab20896384a4,484
2555a2a2a58a2fc73c6f693cfe1b9c03d6495d76,484
25585dde7f1a1c81f8780decfc1c52832c0c284c,586
255a440e87da6769d79b181c6af40f89dceb77ac,82
257518d55a334b5feeed006e54105aee6807e986,552
25758b767757b5a7ba1029dae8d9181a9b88e89a,722
2579c3e93460bae619b8df9690ef53e22b1d40ba,484
257bb48e057c5e745d7a33122d1f74a9d56514a1,118
2585e3fabd0e405b69df9a38bd2f1d852dfa0bd9,251
25861a72564fab55c166a4207c426de6e4d3f0b9,473
25865d344f28d931663ddb878945d07d363a0fdb,332
258e0338a635e4bae5246949edbc47f7f639ad97,101
258ec12658b8d4e6631ce531b7a467db9a60c37b,713
258f1294d44f84247423ce3c33b24898250ed7cb,585
258f9725d91860ca4ed256df495e84b2e8a9f72a,559
2593703910f670feba7169a284f3b706558cd62d,503
25961bdef34dbef5df920a0d686ccb43508aa34e,441
2597dd119b7ec0175b92e82b468412f11ea874fc,42
2599eef95dc153762de78a74b85d61fcff6cccb4,82
259ab40f9d24934c4a1d642aaf6010e7172d1007,235
25a2d4493f6e8c08a9235532470d03c97fc6dc1c,482
25a4ee97304ce54ab01a1167bd10f2c15c68a8f5,512
25b07106b22fc31166e0e7d9a2f2bf8f2d17585a,452
25bd148ee9d8e5dbfbdc0f01715d05ce9b76e10d,441
25bd56bfeb01b2b9e559296c479c243c437c3f91,482
25c1774f698f2f15b16eb0552c759afd89c675a5,67
25c2b6b14b97f6e8de54841bc7856baa7b624ec4,49
25c74c65191879abe1450acfa2a06165d82828f8,698
25c77959cc3127e0457d284440f85e7b7ac5f7b5,498
25c97fb27041ff342c4467d859c0aee24e817375,709
25ca551a875522cd1672a9b8861be30d42a23f86,482
25cdb590daef0d480427cbbceafca849838e55c2,120
25d174bb8415fb347645e6242364f25bbff9101c,175
25d432fe899f179014a5f7b4dfc54d13134cc87e,188
25d74e6ce290f444a279fa9e28e8cb29f1396dd5,758
25dba067a339138e5f417d6171eed38e9fb047d7,766
25dbaa40988ccc7269ac9d2810379d526feda8c6,677
25ddfb98ba27944411ab56ee1f0e8ef665bae7cf,495
25e073b5f0f3a4026d8f9b4e9c8fb3116ad0a082,161
25e07f323c9db0bb9c0f1b6885d740428df9aebf,21
25e6a5207da8f224e3fe77b0305dbbc7f8fb24e3,21
25eba4b04cc26678fb136e4021bfe39d2dc5e6e8,4
25f14be8fae92396995d5977431c300f50cd5468,610
25f4d801967445885cfc3d848beeb4c47b8e69ba,523
25fd6f74c26f5b9f874249e82a725c2a3ba861bd,24
26001c26ed9f287b28ba2efc8ddffca98de8345d,591
2605823ce936035378f96aec608037f10fa776fc,441
2605f3fe6f387f0b513d0c5c86eca8f8bc6b547c,81
260c83b9c13c62a10061cc8e38362bdda393e4dd,441
260d0637e2f3a709ad6a761e6dec92526b39bec8,688
260fdf92f4ce37a175e1b19637c5c4997c3dcf92,608
2618a51d34add6fd9aa0c0a14f805c7c3f2b8919,75
2622b3ca9f11fefd32c93c314ae3eb3e77f9999a,498
2626c0aede571317a5f8f683b7aa0d680d23e58e,482
2629be32b7bbdb4e08445ced48c93751ad83c089,552
262c07fbc9953332de56c42032eef5c73ee5782b,196
262c27ee02dcc67d7dd22f8a0e906f9134805e52,675
262e6e9a8bd79967f69fb04b4b265bcb52d5abe2,202
262e9875f15ef6426c8bc063122420a1304d53b4,331
263377a972db8c514331117d216a985ac91e2413,470
2635b7e7f6718f12d256f4ef22ac12ebfeedd4fe,341
2640bd8a77a77451ca4e9ffa8b5f761877136c5a,178
2640c4e612dad729f8f9e60a04cb4a8731f81d78,202
2645e207f12e1ce27fdd5d65aae5c0fb21ce092f,168
26478f3fcf5fcac0ec084eaa436283ff57dee0ee,49
264b57e683fc35f88c5b6ada3488e21b3e7d9b97,482
2650fe0b967a0aebc96052a5c26b0a562a9f0197,453
26517ea0936a872e70f3fb2b52599d2fd3114a4f,482
2653ee55279d10d8658d0471f9efca73704eb21e,202
26586b020bf96ce232d0f871c6f2d213d4067dfa,602
2658b79b53f0730c7aa138d86b2ba6894776138d,621
265fab1bee808a832e05785c294e7d8eb6aecee2,655
26603b85165a2c2f9d75c66a9c7cf832574021dd,681
2662aa963a5f14b02a12ab2b5ec475968aef7ea8,379
2664653dfbf9cfe203c3d666a954135361ce3add,469
2665fdd86502dbae68626aee78d82e22f1b56ac5,441
266682c5c04ce71b5fb2aca8c4439750939c3468,242
266bd63b05873283efc17cdd76e46a6d4c42497c,758
266d02840f6626a69f0fe9e419b68eab65686bfb,533
267330bfd0975aea5a06d425f5c3d3ef0550808f,131
2676ee52a1ea4d41a01b484efdb11f389c492167,342
26771014513d34a6bfa0c3510a3cffb51bd54f74,21
267941cc44f6800f5cf23befe5579970675b9433,56
267dc268263e6400f35db42ffb7565653c614fc5,178
2680fb3b974c3864051c6f462153121a60914a0e,175
2681e00685df862da8cf9fb7258adcbb3e5bc86c,700
268590e8002ac631c57beac969cbd3e21e530468,139
2686ba20c86d086926ee5b0adbcbccfb15b31ee5,743
2688e1a1f6335cea4595438468514e9da1bf9b5d,525
269d88a797f0dd8c3fe02e2ff16e1f1f111f0c37,515
269f93a4fb15ccd5a041c4f58f6748df799769ec,675
26a848d4f46172a2d4e2dff34727d2a903d07ded,280
26b5be4204ec8905611ef1245e135fc35a493551,482
26cda563cffefdec134ca6663613811639531b67,49
26d056b2d8ec9886d38220199565f2433ef100ce,1
26d44cc1d1821c649a876509a9f85363169bda63,137
26d5ba3a5adf464580e0e103b1bf23cad432c161,64
26dcfcee4cc9cba68d06143f0b02950d664e8ec1,202
26df463af075056fb1d04c0a8bfa40f554d5ae0d,482
26dfdfc7a50b1f6e3b4b182243f5d01c4837133d,21
26e0ba5fbdfc1138045477293db9f3edf154975b,139
26e119bd7950de8da9bd1781fddcda0b0bcc3c1f,646
26e2926427dcf774b23f68a3d46ea554e0ec647d,655
26e3c7eeb6c6d219a6779b180ad65dd5c1143c14,482
26e6a4f5c3464feae8714183ef747743ab5a7f8c,202
26e72ea1ee3162359f6266bf562d20497b27e432,133
26e79e5e0e66ff84e1771c5bbfa23de3630ed8f9,202
26e7de8a0bee6ea8b6de5079151d7fb3ca78a641,45
26eab9eeb7390ecb9175e68af2d89286d18c0ae9,227
26f5a194bc99a0657f85f56e880276ab2bee50a9,21
26f5bddc95837bbaf0d56045f9c0af2617c8b59f,134
26f98c9dfee361c870918fb7ad96a370df34f3a3,602
26f9f6ebbdfdf9b2f1678ea9be6e04250ebbe63f,85
26fca575c2f0bf23d2f19f81a3caa9513dcbdf8f,713
2700eede5bbe855a222e8cae41bf622b3af4dfd6,4
270f762414ad7a2f9a915c119947c2f755dc0e62,202
27100b9a42775bc1644f043e4bd2391ed66ccc82,409
271018fe89ea780e42e28ecac9460d553096cebf,518
2710bc7dca8c4249ee8e7e9dc571baf2e93f9a58,236
2711d34937f5d772f2eb6c2422233353869ffde3,737
271bfb122cf17a984173bca1a99701a497364fef,128
272addbaf3c751c1a2287a81c6dd9290ecf76ced,47
272d662944636f939c33582924cb3e35d655fcc1,781
2742498b8cd2cc4936787a0602158da0b396849b,201
275078381de13b6a89757db522e46cee5b9bb7d1,21
2752e44cf858b962c52d5be003f7fd37def6c856,559
27544d715dee51bcaf087ae107480b0454421c7d,49
2758279b443f6ee6d211a624e5ed08f2bce75a64,685
275dadbf50c3854ee0d65886d79fb65ec75ea9de,441
275e1cf96e64caaa1d5aacd0047f33ee23bbead9,273
27602881f2a507a8adc2df27b4a947ba3193a655,45
2773fc307f39fb9d02432be0dcb6d41a8d03070f,202
277609c6da704659292a810bd1284f45de4f053d,548
278061c636ac003bb94a29c8a01c9a8535e4425a,113
2780eabb485ff17799371034b215a2f96a2c0f02,570
27867033967a6e4acc7ecee95d2ae637bfd3316f,21
278b56ff0753eb9ba6fa055694901e2d80df8bb2,45
2791f878ac1195bebafda2decfad3ff0304baf59,197
2796d0f486794ed3892dadf9cb21fa621ae5bea4,716
2799fda8d17cc791930bad3dc1192d1206bcfd30,567
279e71b91945c85ceb2721b02104214cec14f05f,464
27a7ed7f105c813857b657595c35f4ead882a923,608
27a82d4e559bd72bea2bbae448bb5c7b770b316c,342
27b1072197b8d1dab2429a56eb1293475224add5,775
27bd76ad9a1090d6f46ea8e7ed4f84e53ad15424,36
27c24902ded37a0e008d3c3c5b01d6f39a7d4674,539
27c4a79b8bc4539c6fb70ddec5ddc18c163d0a0f,79
27d0689ab8fca075fd1f06e12825a3dbf81c480e,341
27d27be977cbb6681ace1ecc443eaf0b631bab97,21
27db1209d1dfedcf4f076da84fec1e07d84ab049,13
27dc7548650367e15abf71ae6685aea860424751,45
27e0f92244f5e6bde1d7c6e31667d4d74f25efc6,723
27e1e56d288f6e778bcf748c94bf35ae0f8ac8fc,567
27e1efab5ebc93f0497b2f46e917635ff91078c2,677
27e54c0769e61082d4349bf2f419c97b576f86c9,46
27e7e2b9d672e3ee8e883eacbad563ab02387ab2,482
27e9a73284d48e65160309b738e37e79ebb735c8,56
27ed5429d14b7ae734e37fc56c7e96f78ba0fd2c,202
280b95ec59b9a59f4f3918c7c484208f13ba9095,580
28143b87629126c233987116c9190198b8f2113f,88
2814f92ebc8329fdb2ee62d2352e8081ce2d7649,537
2816786de3770023230c41efd681488bafb3dd38,597
281784865c752bda412b2a674268cfd857dab1c7,567
281e24289537c7a549fa75bb8339e6adb592c13e,576
282197bcc1808932d54ce99d4244d08f51bfd0ac,332
2821d52e89504a8f227ca66737ee3cd67e760f1a,610
282508429ec59f57cc11d63e5e288f49f59b0e93,4
282f55d60d72eac6606b7d531bde9815b4d2cd6d,619
283131f9e436c17ab0e2b99535f33c548051c0a5,21
2837141b0119b1f8d1d5c7ca7558b80e42ce1767,713
283dd8dcd73bf249b3c6292daefcd37aff4c7ef2,766
28450c71e8d69b04a404c979cf28d8dcdcfcd253,484
2852ab9c0d5144d3743f2acb3dde3189611a3f0f,544
2853c3b628a7a59463e11df070cbfa0dc7173a6b,567
2857fcfe829c8577821219d0baa8b740c9fe1047,202
285955f47f8244b16adcc121db79d60335d1937d,375
285e1847809025b9bca00093d7b51437e348cce8,580
2860a5738b683d3a005b64f492131006fe2fb088,655
28619656750902d833b855e514c4e03c2161a45d,581
286ac7c7788d08be719f0bd351111b256cdf816f,260
2871218ae5e545588747cf677662fe44496c8988,583
28744680e8e85da125c38e45a336cf62ba253c45,379
2874acb6c2700894151942d6accf6ba68005777f,174
28761adb9eb0ebcd1d563ae3144ed0aca657a2e3,21
2877028e304445f2072c816b0643a234fa2c1c02,21
2879e3f7a633cc8222b258d49a967cc2b8c65f08,168
2879f5ad3d047ce993852bdccd8ad5a7ff720ec1,168
287aec2010308cefa5809205c6d78aa9be431c05,518
287cc9c22dd0fc03fb996dc218dd756dbcedd6ce,457
2882731c2ebaacc24aeb19bb0d7835b014c4ae09,709
28842f44f55c0446df414201295c304a8c0e2776,202
2886c8ee43c262a551ec3e9d09782efedfdb90ac,713
288b581b45dcd42b42e7aaa67b8aecdd374b8534,61
2894afc9a9c62806ec872c184399131ba1886c62,482
2897102c8d23893e86ce1d373fa1de5852226bca,258
289c57449ab1fa6065aa72ee2a358f254b5bf2a7,332
289ca7da77ab51d2a21bc32f2368d7a5fb471150,479
289f2e80fde719a2de4913183d4221c49d511211,567
28aa5f296691ba603c95d0626d87c21b257abbe4,576
28b387ad9743b429430720319bf025452d27479c,96
28b6a9c042a5a84e68949ad886b950f50e56b4c7,607
28b873c1c8bfc5e50186be676af5d530f51edcfd,40
28bb8a48d042d67b3e66e99beee18db9fb3f9bd0,90
28bb8cc8ebe520beae02f80b4614ea6b4dc3bf9c,202
28bea94b8642e19d59a4d9e9e9ffa92166b1a555,206
28c229401f5e6225c615a55e928e3967f8cabb65,695
28c2cd275734a6a51f727f6ef14991c6e8c52f18,46
28c345d0ee6b839b0a97ae793d7d6e872e06ff74,552
28c3becbf539872e378c42ae8ac0a7589f3a031c,308
28c42eab0f805310200635ac1d0cca6f71b6425d,498
28cc036ef5825515841069a068fe21a33a109c5e,112
28cdedaabb6eb89c8bc62a87d4e1a51f9058cf7c,655
28d0686567d4cd90246ba041d214bb3f37398e1d,282
28d3d7fa765be25d6da0bad862795a0d8b60d594,677
28d55670a26a2f6e7d4174b340a93fd8ff759bbc,202
28d819a1c8b769c838a0a6839b02166754e4e4a9,723
28d99e3f30fef2b2555fe3a44cf67e4dc93e8fbb,226
28db72168051dd54e2164d2efdc2ce93086fefa6,237
28e43b545e0da9c86dd081a665a88be2d434776e,722
28f150994aaa46943ccd425df228acf5edb6a3bd,152
28f3a96b691f01361be917b99af98ac14589c5ab,9
28ff015b09c06efc18388814adbdbf7b9448ec31,135
29011a7875942e6c6105958b85a2d9b49a61e3c6,159
29040c5be4cbb873cafd6c0bda695c4fc61cab74,90
290b2d33375e242226ab3c3eccc7ec6d335c1097,535
290cbcde288683ae8ca850d8604f29babbe26a5a,460
291409939dbb79f931b97e0ae30d5c6b3158f04d,202
2915a78c59a80d37bc25d9f2363078b424059fe1,677
29226f665a532c7704567da1a3ee106ba22b2d8c,281
29368955089164481b23dbbc2195281e5dbd54b4,728
294552f7b006917a24a1beb81e06944c69a99564,202
294811b60a60dd04d850f624344fad5f97e7e459,202
294cfa76c4bcb28dc68d876849f6553acc4f26f6,102
294e0a6bc8cfada41644cd67c2209f8aafdb92df,231
29522ef81081741349ccf38999a9aceffb6d0a1a,202
295682640ffd076b9e608327ec1a01ec0b0111c7,330
2963722f7d258a351aefaa58513e4f4ab56135cd,545
2964e989d4de78356b0760ba14b58c3bcacb9abb,156
296628543f134a7b238fe5cb32f03949becdcf6d,226
2967a51a3fdec061b04a97496e33c9cb891b385f,512
2969ed0482b1f9194957cd1dc2227deb527f63ef,578
296d8ccbfecc805c7210958b37ef554985999798,679
2970c2b4c9a5dbd4bdb46198757bc7b858e68c4e,441
2971521afed6bc60e33fcd57b31a55241beac7ce,21
2975aa7431ec0c9e926d5bc129d8f80db0c1adf4,379
297687c8455ac8712a3edef7434ff39377aab5b3,314
2978ad270ab104e988e6cce40a00035b96eacabe,100
297c4b136622d0ca30d0cf838259613f0dff1aec,545
297e0ba5d81ea0c906cdbbbe028300ad42f45e34,482
297ef94c765a9d7f6ed42e7da5966b959fdc2da5,95
29808bc1c65737e33e58b0653a79db95294f79c1,67
2981f351126f218976acc866e4df14355cf23df4,45
2984f8c1026fb7c9a3d661dd92bb2620191e0800,80
2988bf1e7e0753d6cc45d7bf9c5b80df21e8f971,544
2989cd4d607691cfea6cfca067f85c8a3d994b11,510
29947719589a7716fac7f1c20f1e26007402491d,376
2996001185f7623c03a0608075630607d1e97bae,209
299ad7b4250b72219faf797fe110a794990c2d32,148
299f351cb5a63af03a685228da275325e3c28e96,703
29a0d70ba2ac4fdf14092ea008474196d4c6bde6,691
29a70bc2875a23465d976d2f1f4c3f7f0cafa097,184
29a7b2357434ddd74cb756d9a9c55b42c87a4f53,552
29afa9292912a35e7507d93a725f274e99ce1723,82
29b49482632cbecaf91e4f2d488f07a79eec5e50,441
29b755528b7eb56514e56a961c94bcc98bf0642b,21
29b87ed9ea4dd48d3e8ae7228f8bf80d0ba7db57,511
29b9a56df2ba529e76a9ba57cf10472d253fbf00,273
29bcf7007203c1df7ccbc784372ce4610ccb052f,146
29bd6ab21be13bd3db1fcd6a2446b37824f2f315,21
29c1b63ff543a7c9dd0bde91a37dfb26d4b8509b,293
29c2d755ad3201ecef22a761fe593d775c8f60b2,567
29c8da9dc17a6c10d8f8446e297a656eddc3a700,45
29ca1579fc601fa3ca4c951356454dc7eb6995ae,605
29d01b60ed2eabdf9bbd8c7748f769acb3b9438c,613
29d0f6ed8ae1aea2e0c6447180f247a22099971a,608
29d36461a005a9c14e71cbb00448366702d000ff,80
29d384d9fbb365a3663fa37217677d0af38df45a,535
29d3bfb4c7ba83460d00ac7ed356608dd05853e7,623
29db7230d4326b6aa760f90018c81f9b913cd290,359
29df342eb230a3e6b474144ae73ae41ab8954331,560
29e4e1a9f0e251285d1ffcef5d7933eabed1f27d,82
29e7d690f3cb6523278b6def9775eb65e293c21c,314
29e97e3a83672b558427d557553322d2366adf9a,677
29e9a008763d139602a72d0a71ccd2464d64e442,688
29e9faa0defb1465b2f8e8ba408cfc60a7066dec,49
29ec64ef3d71df20e7f63b95cb43ac02f7cf019e,82
29f1aacadcd5b56308c9099cf99bb2e73b2f92a8,758
29f7cceaea40deefcb45efba9d431856f81960bf,677
2a05e0712ab193c411a6c9eafccfb66251a711de,82
2a0ef40ee5433a889fc8b8f2aa3a8f262f98f1b2,21
2a15e4ddec0c61edf6e2ce427d29a2388710d0e7,45
2a161dcd33acec89fe9a8d3699793b8fff7ac7d3,101
2a1691a99bec91b7d8a93ad6d8c875266d4b195a,711
2a20251ffbc3144f19ef107f383a35d2ba4f4e60,554
2a21fa210d5ab97d0cf1657af3f328c400c03880,421
2a2302bf9a2711c48b0f351ed216a2e8dff05434,101
2a266f5ba8dd96dd50c29cceb12a498243c74076,688
2a2874e41bb305cbf601915f376879460d52017b,202
2a2de333ebabb9a1a5f4b4d7d66f8c158a3e5ec6,47
2a341fc482246a0371507fa4c29d2dfd6deb9654,544
2a348a18b5e5e389145ced7bafb9de15319b9a04,726
2a36a9827e4c2a50f3d075b7aef004b4321573fb,484
2a37fc621bc4365702495266e19d8e32ee121a74,67
2a3b328fc1012062a4e0c74344c8e2fd793fabd0,237
2a4023394ef07e6ec73318d3ee8c2d9146391424,552
2a45febe68b12dd0652f6508d84ad8c94c43a6ad,713
2a494e20f51e37124a1eaf6c069b86cbc4d48d17,552
2a50e753574a70652805c4d8cc4c7004324dafdf,82
2a522208bcc44482c10fe04e16764e040743a014,50
2a5869453ae723ba57213d864a441012d98dbeb6,552
2a5e7cd7e18e3cb682ff3be0af076436f1aec282,725
2a5fedf296edcf9c65f3c72c8e5969b444286ea1,441
2a62dd40b9b275a5fd475a5ec5a1e92e8a9ca575,254
2a6b4b912de4ecf99973a66d9a7304656414ee88,178
2a6e01193f01ee2ee380f086b15dc92e2829d9b5,482
2a6e65758f575d2fb088fd3d516b60a3b7cde9fc,608
2a73e7a1d269d6e3429f59257e3659699810bc69,535
2a7747022abb0364cd4af42d1f487a4e08d887db,389
2a7c42ab259d470e2aab51edeb792f36071fe17d,237
2a7c9889f1de78a67d320dd27665b38b473d2fe1,314
2a7d3dd2d76b9ce7a995cacf82b31b47bdfafe82,452
2a7ed7a98566be1dfa2e8a962122a12328cc978a,21
2a83441a7d510e7ad1b4f33c5ff0bcf244aad063,583
2a8436f1653e2fa5a6f1c654c1d29221cd6cae9d,621
2a8674dbf48a73f19ab574ad4420ec719841e5bd,280
2a88cc698f1bb5d5e81b4bf2eddf9d893667ebf1,611
2a918aa55a33fd2014e59493bdfc0dc4fd8b9d77,560
2a91e414c2914e11cfd01e6c7f1c840a9356de11,152
2a93690f5105a59f5f020cb708c5f8fb6961e7ac,498
2aa563c4e9dca3608c89b132dbcd2990840335a2,396
2ab2161503f9803028c3a05dd3e0e7d3bf5e7330,512
2abd3ec331f119ca0ae2ac1e8c8d892acf925299,441
2ac1cb3e0d54b6787336961fa75de5e26aaf9183,482
2ac4cf808671e7076ff884b480fb69804da3ba52,510
2add9883b6d3d8bd98e21b7e387fc9a6a9860f0d,535
2ae5b531e80ebfc1edb74ff23672d72ae048bd3f,698
2ae892fe66f23a0f4bd5a6ef35be71373d0810ba,597
2aebe9b5d606717198533e6df1a5798239646e22,63
2af167bf9c87e3e1d1a434cc6ed0f97ea9ecf9db,68
2af3322340c7d55b330a47332f8260980b98b5e7,677
2af8f24bdbbc933caf807ec4d83ea1b4dc6facbc,707
2afcb7521bd6b76a7d409c9a7bf836cc3b8f0bb6,674
2afe1579d3f026fd5d261003312517e82aa0fe3d,560
2b0241ecc9cb50d2cb2609556ebe486a862b5071,552
2b069101347d2513386c17cea2e1f1da33173479,96
2b092ea8efbbbc5008f0e829d859bad2b3352865,709
2b095a65ec9140c90d2af9e64d263d90254445dd,237
2b0cc50ecde05c568d1fd92ed2e3483c87636858,59
2b0e82f672a57b9e8c2790fba0bb4ac86bd571a8,229
2b0ed3cbb42a6a0214b3946f40db50b0bc388f8e,14
2b14fbc482ee29fe440176cc35e12702b1bee582,655
2b15629c2a4ca9fb65f5007dc39d31bb0d45267d,50
2b16c6658cac3817a019b67c50478f63d9b5fb10,45
2b252e214122f7c04c73e6a04426ab31d5d6f4da,603
2b2b76b3c46ad4260195bf7782e1ca41d709bdb7,479
2b326212ac83da904e0adad6200236ef496b6d1c,253
2b39bfe0e9b29f16b24b605d64599dc8bc3b7a1b,677
2b3bf8d2f1ac08afe01d5f5ab75fe68106ac1554,622
2b40f4f4fecca683b5094bc494c9d7784f779997,96
2b41420856eec1a9df913d4fdfdd99ab8309c5d4,677
2b4411ad6e12d10cbc62937097129230c1db2ee3,677
2b4432ab8a3cb4f980d9065588afe61ae2bc0c85,512
2b4b9256ae0ac6887d27d94f1f8b200fa1707aa1,21
2b58d4990e464625d60fb48b98c74b6a22f59bd0,11
2b590d830b6e37b5168d2161d189a54e88e79b5b,638
2b5a202a230816660d7c83427ec49a6a9941aa4c,482
2b68ece8891763a1a477d135702526b3f8e42990,101
2b68fdac8c950e0a7e5ce1db7003cad1feabc14f,522
2b7632847c11263d12bfd8cd85fb9771c241cc2c,17
2b77a1d4af508d6ae8fd7526ab11825e80338cb5,64
2b79d8450c82016f153e2a433fb40bd88671afb1,717
2b79e284ea2bcf5ed396d9b9614b354685523e0b,479
2b7b999e21e06cc1018f17fd00858a3b86cd67fb,560
2b7bbb81f795274bf3604db7216bede0358596a9,677
2b82688964e2a403c613e95088780a3afb9e7882,273
2b8af2678f9dbbccc6f62ddeb45ad2e4f3975766,552
2b8de14ccff344ce19bac9fe0b66310080bfda35,690
2b90f578fb100caa268dd0bc8853998fbc3e88f9,537
2b938fac7af3fc20665c7b631d62bde0c0236d61,688
2b996a4b0242ebc7a9f7480ad0e7260ec3d1a241,119
2b9973fbd305117981f2d7e4471152fee7d36193,159
2b99a96a786587bf82d6bcbf2cf69b9fdfa5da8d,544
2b9d05e71ccd94c60cd8a2f6d0142290d507e889,703
2ba152552dd975b85a6f4e2a1f9f280dd1e11938,234
2ba1d1aaa445a6bd5b821f68e0421943cb20daae,714
2ba40883d164b4fc566a9537bb9f5fdb8c2fd487,252
2bb5c45bc6e3cfbab50adef3f20a53b6a19b36f9,138
2bc2748ff7f098057028dde34b3abca14134ecff,59
2bceb19cdc45dfa47c61243029a02bb9210cfc8e,514
2bd014603a011fc74d88cb17fba20f5c2e8a9c0f,137
2bd747cc07b43567b9e3321f9821ea7425b178c4,342
2be1d2ad2ad3064e45e37ababd66014680a598c4,79
2bee4e959f6b52dd1d016068ce87ab6c76aed014,128
2bf102638cc5d8cc8947b68d9c92efccdfc1c06f,41
2bf7654c53bc8ef309d87047bdcb148baf0449f9,485
2c05795b0dd97d387e0a0efaecf969417eab1d3c,27
2c0c256b3d84ca7d3d61a0cb921ddfbf977aac0d,269
2c0ed3571253e7adf7a27ad56a149c7ff7ae3d76,501
2c0f9e3419011dbb309424bc6001b84c1f1e64eb,333
2c14cb39fd66fd2d4869506d9ed872bf12508846,168
2c1a456577245b98df746fa5d47d29e327c3463a,65
2c232507bf9be076779a1c22076600713f1b53e6,525
2c24dbf6bc43ec4bf184cfca0535b40c374ac196,45
2c2a57f6ca5eec06d6fe12bf2792104bf8520dfa,45
2c306cc245395c2b560059f20a1e81d9737363ad,587
2c33d6c2c4dfa4f3d43972e9eabd77e1f3feca1e,100
2c35ea0a7c0067d9246ed579f13c1601f2e29f79,63
2c36377d35d113d0295eee72c8571a08fec13cd9,61
2c3b37b3b59b3d429b9cc4e3913f0987bda8d587,63
2c3d951dabc3b0277d54c30555e561fae7bc8b80,137
2c3e4b47da762c5fc91256b82a474625df6e24b1,441
2c48f2362edeefa91972ecb80a3b5e15575c34ec,503
2c574ff201ce8c95d495548327dae3676c320b3e,134
2c575fdbf998979c592e98645c91c4796f3cc981,482
2c5793b79cbc8a1384d61a28865d7ded2c753d81,148
2c57cb5683d6a6c70a149d6e3441b6d3ba281f1f,600
2c59ea390814dab61c452785213c2c108e1cc83a,231
2c5ba056ae94866a4b0c6cf82b6b572dff9eccdc,128
2c6c3afe15843936040c4d9f7822b1e8928eb819,681
2c7394c7f2baf9bf906d7dc60d2f068bdc174c5d,709
2c7e42a4798339783facee8ec17183aacc42de11,552
2c800c41e07dce30c0c6a1c055fa2aebf6f188da,247
2c808ee090a72cdcf26acf2c74d5f5aa2033b434,21
2c8c544c175e1ba4d622de4ed26cda1adf0a8b45,21
2c8dffd8948aaf7c1a6879e5a5a2c6208a86dfa6,638
2c93ac9b75fb264993d23ea61c08102b43249cc6,585
2c95361a82e1c69f7968c3d3becf6d2a4a3566a5,658
2c9679f32cebf3794b5ee5a547ae30878e2b8e0e,611
2c9cbf03ff203a7598e2e58f390c985f0dac50d2,327
2c9ce818efe184f52e75575b7d668bda2e5f7d68,482
2caed7e06ba5f5c5c4992828879a026ebdb16bdd,496
2cb9ab05562500a54ae4d4160d55969818d9d471,482
2cc1144a5610bae257384d9c8346a9900b5186e8,202
2cc74aa490a05e9f6151fd047fa1793ef52bd382,100
2cc85cc2c77bf9909e82446e1e8d0917efc449ae,482
2cc920e4726ef37a8f6c7bf658fc12d98abacae4,21
2cca7d17bbef97215781da575be2cd9e45639248,128
2ccd08b83359eef4275074f54bd90e3836c7bbab,544
2ccd1b91bf58f152c6bb1374d7a03e5e0bffe403,202
2cd266719bc536a29407d44cfadb1648a43c56bf,186
2cd46f8ace46f61f4ba6d2d4776e955f8b504b42,677
2cdac008a8b6d65b9c8203c1ada89b4d30d3ee48,90
2cdc806edf4a9ee2975bb10982354e0a9931973b,202
2cdca47bd7bfd0bc2f2bfbdeb5488bff58c06d6d,229
2cdd7165900f09c553a5ebd0e734ff408bf3d795,75
2ceee09133af83d30396d0edd62532813cd7fd41,722
2cefcdc563cfbe5df36cefd88109e4306c42266f,202
2ceffd89691db64f002cfe4242555a7ad8324a49,202
2cfa9d8c3ba855dcd6ffdac585cb25d4630ea919,675
2d05cf04c34cb8fd0aa7f4c4eb7acdb10cd31030,101
2d08de234e40ed16cb6599f2d90ed7c165a9c972,595
2d0ad4ef30f50ba6e9845e4efe80a107d844d647,236
2d0f3db4e66ea54e74110fd41df957b736e01cfa,314
2d11d91cb4f7f345be791ca9f89f01298e3d22a4,739
2d168018f2284aae8abcdb8b488cde93ceef9177,646
2d1e342c67ad75ad1a09d7709f0e58a2c98450a6,119
2d22599c4e76b6e8ba462e92207f79c15aaffb42,510
2d2abe8a77b18766a28452783cac60fd6bb06bb1,751
2d2b4fc6cb93bc8f5e6a973582ccbcff37c94fbe,282
2d2b6b78a9ee62dce97d520e8291f4f1dcecd7e1,133
2d30ae4e2583b05b58b48159828515a9662f0e05,140
2d368c656754d4b581c13c686b30658a7c4146a0,372
2d3ab32c423739e30ea679f23dc1584d6f4c6e2a,608
2d3be323f7e8f37e3b2d0834d0c524f0943e84ee,688
2d3fe28cc9cfc3a28e50822e9c7b1ae80d4a8fd4,344
2d5d6224f13d81a319b4b830fa52008f650ff9a4,202
2d5ef45b9976e5f19eb5aad77f09df1888a4c0eb,47
2d616cb508bae0317c1daf2216ea7d51fa7cc0e4,523
2d6a3bc1c5dd5aa204f04c1cf3080c431257f29c,134
2d74b456aedb21cc5c0320e81f00cfbc554517e1,746
2d74d1832fbd2499d4457ff9978033c25fbc6e0f,47
2d77a3b58cb773bae7988e254db1ab9673a61a61,175
2d77b2e4cf97e3f93cb8e1a951c79804583a863a,686
2d85efe941eaea6f59014141eb2b5201b0439419,565
2d8ceac956521cef5b0828d5e895d531e772de89,24
2da315419bb659f6aca90580d71d007d1b4f1b49,223
2da382e9aa98640856f5e1c416115f94665810ad,219
2dadd8e62ae10710742f302bdaae64f5ac145655,688
2dafa2ec10452eb412e9550bbe2d3dedc23f0f9a,14
2db0a23c7d696a91aaf62eb9226d456933982df5,46
2db728d049b0c5033fb810a3b144de1be68954f3,139
2dbed297ec1c48fd4f552b7079e633e0f82d3f44,692
2dc1ad821b9d3dca7f26daf5d8366a58a7dbd873,692
2dc583e16c62fac2c3557c6ac5ba13d140d37b34,523
2dc6335692bfa1ec6e19884ee92918efdcd4923a,220
2dc67260f87d5a9ae42659b4a3a4d7733e617dd4,529
2dcbd429e51d1f889942be2c9b29680cd929c287,482
2dd9ca8f9495096b70e11e14cba144b2c920ceaf,17
2ddc0bb93f7e5cfc256025037f0b3120eb694080,116
2de69caa6c4edfebfe98d1d2a50e44e2664f184b,443
2decaa1af3c7240ff4d64fa9908273dcf595b15b,331
2def7de0336a7c7cd3cfa1911b2382a45fc3f246,4
2df1a0717352458f9c45419e90a71cbb8d4e773d,482
2dfbd1dd5acd0ae6057abc7a173fd4d30ff8366f,314
2dfc5ff645a25d9c79175500ae00864878580dc4,202
2e015752baeb7e61661d698ea8133c7bd107ebce,324
2e0804b17764b77dfba19872fc39ebb39dc6565a,21
2e0fece7a6d7153f5bf21d0b0b5c95b4fd9fdb48,677
2e234d5ab28d8cd5b7921727e285683d68ebeefb,567
2e2c592b670fc2186333763d6aed224779adecb8,316
2e2e32c5f1201464cc7f0bd4295ca0412eaa25a0,85
2e37d5cfe68f312574673e31349bdcc64b5d6755,63
2e3b70e65b703f6543c26381da3d85015d784306,739
2e41a758140fabce3a415b8eda56fbef03dda196,202
2e48553521faea7ef6ac6593152aa49917d40003,604
2e4c65c20fe9c4e2dd0759fb6bcf9b1be41a4db9,517
2e53cbd9a3e56b4c1e71d2b4093377611f8f78e5,237
2e584b14d20c5091ba207d369bf9e887c9f8d7e8,552
2e5bc4050acd47a5a7ea3e03741178e71fec7cee,180
2e5efd1bbc6b4a4647797ad1ebfa67a2c030be4f,559
2e5f84279528571e7d5e4b356de7f159ad6c004d,671
2e61a0199623c2000db2bcbe315601f90ad339cb,441
2e66b29d58b07ea111884ddbecb080d11710aaff,379
2e6a0781ae0eae1d8d75aa8e619b81efef037d97,226
2e6b958dee3862163a50e0f418817449b09c9214,350
2e72551ddfb4c84904e3a2fac0794ee6496d28d5,168
2e748b40657565f83e021f6ddbac8518f7b87b05,170
2e76725e9479ee82a7f700e66222d5a0723edaa4,341
2e7eb7f3b547bf502bc028ea6ec7795c9a4fdf21,523
2e885e6fe350ade2167b5332dda3b3d38e06a7d7,271
2e89ec33d36d9b3799f9903cf804520b42a0cf01,512
2e8d3b281d02b074f51130e0744bc83fbc1307c3,775
2e94c8cbdd62ca175c7bfd9824c86dcc75eb9bef,606
2e959fdb3ad84fb7fbd2911a0b635fa660f9112d,610
2ea41df22b6684fcfbc3b61102f75b814e44a3a2,21
2ea52b1870732f3a1790f5177bc569121f1a54ae,95
2ea60bbb9bf8cbe1338405480059eda0f98951a0,202
2eb13e6b75520a5c824ce14dd0e89f46278178ff,701
2eb4222ebda324657c17ba7a4474a013fbbf598c,195
2eb60390ba16769c28818ba5fc8e6f7364d496c0,46
2ebdf80aa6cc88dac3ca5b9f62af7af3b79c45a8,621
2ebe3f9a5950be58a4bbd5f952d248347471b514,677
2ec7c3bf6eaa68203cc09a5c62e9936969d248c5,596
2ecb296d43aada9cc5d54346efef882c3770186b,523
2ece84349cdd25cba07b540c14606ef18e978c0d,179
2ed0e2b3e355081d1b0ab427187336d24085679d,366
2ed2e9a7ad6e1c8207af43464d197c97331ddd9c,688
2ed422d2171875e72b262cd50df652948b5a6dad,609
2ed6029d299266df00db994d0bf0db12cd3e4a2a,344
2eda5d932c036c63c8f1182dd640dca5a4a3e5e9,199
2eddf01326e15d01acea2a1a7e30ed111441b3a3,550
2ee55ebe946c55dad3c26a1a92e49004fec43037,202
2ee565f8abd30e6b18a7ea4285d18361c735344e,282
2ee6670857efe5bb2ea414c09a52c6cac1315bda,559
2ee83b9bc6ff330f27ff4fd188156d998179f0ef,96
2eebb13f885654fcfb26c3464ca0137ab302496e,21
2eed68e52765bd6892ead273b8b11f29af9666fe,676
2eeea87a100016edecd94cc60abd096fe667dd98,600
2eef30318f31923c3a73434e4bf2e8d4c0373a72,655
2ef8f860e808ee4fbc034f3df481ec4e3a32d0be,685
2efc2a329dd3c14178bed4370c226f40dbc5f768,576
2f0bf1c4971a3ff7e72fb85d1768247ae4b3cced,314
2f10859f997dc7d1b8264f63d3116d328ed90b06,46
2f148bb22342b2a4c277407b84e839e62afa6b2b,565
2f1ce7d3f040ad6767a0c43580fee87c2a6512b6,417
2f22e3733e0581795d59721f70fa708fa32cd2a7,202
2f23d10bca9ff4b40391ef4178f95092d354b562,655
2f2402f879440609323bddf433290642b97770ac,237
2f31307beee2dfb03e8b8bce7040f7f075c4e77c,153
2f32a0f6f5be8588bb6d749d2c145691dfca61f5,677
2f334a18f0d310399189da4be4f24e746b5f0d99,48
2f4385d11249ec1002217533052312007743686c,709
2f4cb149a9845aad5ab350667be0ff2b3c44f60c,49
2f4f4a8bcbb62f1f2d2897d54bfbfb6a25b65d19,109
2f51c5850c9777c4cd1b4de87662aa815e161f43,207
2f5d5d5ab31a3da9391b643f3f32611e295da10b,379
2f5d79aec9c542832a223e8797377029429fe885,686
2f5fb3f2e7afaca0b564d6a40a8a4b4ea9141831,591
2f643ec112b0e5b2a0d0b16264cac2cb88e403f0,202
2f692767d646067673d6d8c1e9b9bf19ac3f98ba,775
2f6a3b6336d18b2f982c30996a699c1f827d63e1,632
2f803705c49f4c437c37dfd069c34ab70b77353d,517
2f847e28a3f823ec4e8c5a4c5784cf5bbc70c0ba,552
2fa538342af103754be25c69388f048c89af5ed3,243
2fab5accd2f48ee33b56e511594ce5ea63e2fb62,560
2fad7a6b2e50c40c224b938e6c41fd3fa7335d2f,513
2faf56c7cd385fd802577a46c09560b252d22b14,202
2fb0039ae19c8fb80a13a2615333657df9943289,161
2fb52ca548eb95fedb6a8b57f2fcf85831cfaf73,56
2fbcb7f00a2e9cf39d7c5220b1b7f834aef7ea42,482
2fbf072b1df5315014c73572407966566a729a5a,47
2fc05a1564365e89684037302a77f777cc1723cd,709
2fc19c4851944d987927dcbc5f28f35510c6216e,49
2fc296638bd04abd3337a3379f491cc70fcf35ea,251
2fc548cc267d8a16a2fe71799b8b75ce5e8dee18,580
2fc5919b6a20de739fe39dd417d1c7496fc16611,685
2fc909a242fddd3b82a18a29a599b64d94638b87,379
2fd1fdc7cef52a7ab1cad073e01b4c184aa069a9,47
2fd48628ccf05045aae2da87546cfd0b4dbb70ab,643
2fd6de1f2bd782b8ef37315bf318f0ffe197ff25,90
2fd6e3a694e86a82dd5d444da09f546a5684e7f0,477
2fda0c644f6219c12842c8657851416dae8ef644,335
2fdba8a6acd8f0f974c2e946f64cae994587687a,482
2fdd7d3bf79c94757ed2f15ce350bb82e4f55bee,443
2fddc0f9c7346ef39ae49d8cc0290e157c4ffd76,230
2fe0822e8fd85568d780bccdbe4e7fa159634b8c,709
2fef7a40fe92aca51928b84429bb2f24f12d7a6b,384
2ff184ced6a7481788b4be5785d0294e00045089,236
2ff4f59bf8f6558c7f6e7a82ebf2d363b904b77f,688
2ffa01a194132ff4086d40f3481f8de56f1aeec0,623
3006554e003d52ee074a7677172b2d34649d4dab,655
300bc49ba0bb48834cf936a57582e8398676eafb,544
300e441889b927005fa88a8eb6816676b4e2b2f0,87
30106b6ec59fa3a35388aabb8878734d5c5a8434,688
3011515b4883ece52798fc5e7a3efaf27e7b0a9b,576
30145b54eea47ab6a88b090a822c201372f5c53d,552
30155c403d7a56a1ea3b6b4253b6beb8287a2f3e,560
301912c103e53a5d528f2e6cc4888dcc2a4c4f76,552
301e1d4259a165aed4c764511a68fcf40277f9aa,100
30278549b6d08ebf791c8bfa1612907301858258,65
302c56329c6e0863b5b43136af0dfdfe43519d92,596
302e2d2485886b0df3977201c9cf14c6e2dfa0bc,692
30310cfe6429bcc7c07650565f74f4bf2281130f,202
303511435c4e88e798a4d87f59d697c2f534693c,631
303ca1690c44a969bda9348a51f8e5fbaa8d4513,87
303eaf001ff33fa15b8c41e75907701f49f53ddd,82
304a4aaf6c47626ef9dc7a3d07ba832b4e43de9c,657
304b9852f368ed90cbca62ec437e3cd1acf4f6c5,202
304e28bec232367eb53ff03e8b8f364de66e746b,713
3051884d041c069fedc832922436f173f4b777df,240
3057e6f01d979c64e9215264abd6f6d4a78b3f46,754
3057f6a5aa599a3004b2f034f9ba3e917acea619,677
30592471ccc662446783e3cffb6c075b470c87b1,21
30625e7e002b3d4f1146a37d67d1085b691511d4,409
3067746c83afb78dabb7f93b9a1f3b61bd5177cd,97
306e560e5beab15f3957a182ff5d354ed282ec4e,45
307591d68cfa72a9221fe4784db1ae6e64980980,351
3079a1fbeb59e4bdfad026c7993ebeea7ba88f20,281
3085ff9cf9eecf9e851c8ab8559cf960b3ee88a2,600
3086f51a9c96a59c18c40fbd846e408e056fc119,314
3087ea79a730fa7a941bd68ef8ed51b7d99d0748,139
308a0d0dca4e48a67e124263f1f1d3a985847174,576
308bd26f9da0909165702a09d3d20236d6892b1e,21
308e2fe04d9b3750be6482b04f8255b11fb81c1b,332
308e8dfb406ccf15c5500af11fa1d7ee992b2870,82
3091875bfdea70d7d842f4689e7ee58dc0aaacc7,441
30a40372739e38f8b124bfd7cff90de1cb93205d,76
30a6ecef8a37643d5d07adaac0279e44fabc2195,713
30ab31db15a6d9af5bc4518d3ec1f873085c6bce,202
30aecf059ec0ba686230bcbfdfd501df29ff5188,321
30af8e8a2a016987e2e552322883d836104f4b1a,482
30b296af7a15f777acb76bfa6f5adc4bdaadf217,608
30b3291fd4f00f98b126210f6fc69eed73e6766e,49
30b387ac4bd40da2e55c5df2224709537eb48e6e,17
30b955b1c5365bde51a4bd637ecd298cc1e0f67c,485
30be816e996ee190109549d6a306027c4383b3db,202
30c09819587e01a802e715c5178e91d48fca13ae,202
30c61bbc95be04841a925b4004efe4c090cb5a7e,113
30c7c2d4e87fc4c664aa35630a40c8984d41e201,348
30c7d605d100f4b7a4bd5b340e7ba1e0bd4d5979,720
30c9fe99f4678a356d92f86e2df3451ff3f61a15,17
30d625a4ad3d8df22305d06eae9fb79ba0aeee62,331
30d779ecd17d961fc8bdb2187f313098829e1d2d,411
30dda7b7b53518d48097f85edacb061f6b0cd4bf,424
30def4ca3b8cba6dc5afc26d7fc8d29b34048954,532
30e1d51199b9218b4753429293216fd18abbdc2e,491
30e5fc734e62a7c3685bfc5d57dc93bfadbcd109,552
30e6cb88ed55070164f3fc9ffc38b6fa6852fb69,211
30e9601ab686d0c502dd384edd5c0f6ef907c1c1,79
30ea1e0de564dc2f8026109dcb32b9138b8fd6f0,138
30eb80d0221e524094a281693ca014f6efc9ce77,202
30fb6bb2f43a27d9496ccca27c384954af8accac,329
31056f84726a799fceabfaa2119c576e6291a092,97
3106a0690c3e2293cf86991a54acb0e97c15487e,48
310e5f7dcd506340717006cc80f86891d5a8300c,202
310fd0f2ba81dce6029df20b4e8a15d40270286a,567
31122fd07ea2d0bb208c06a68d3f6dddae25d68c,113
31127d17a7fc5a871b1559cd85a037c80f7d3e08,21
311645d8b462e6afd5e5b5d6ca8e166a498b0b48,330
311aa70feaf3d3a04a6b0e999220a65547c66ecf,379
311def07377930bc449e928d894626eed8cedfe8,21
311f24bb2db72a67bf1ec69d3642ea07ae07afb8,515
3120c947a34cde3cd28fefb41c2169ab4ce1804b,260
31257d9839e7d6adae8da8b47106aa1494097bd7,46
312d11b51b69c8740541e807298991cbe4ede26d,79
313114ab89c21e64cb1719625bcae3f6e058acfc,482
3131d446759b8c298e3f81e1135a5d38b030cf76,131
3131eaaa2ec57430b2257c42b033879b487db472,555
3133ecb127064a36000ebc41211590ffe91013e8,638
313ad31a5e2addc33447812b9031b7d110b421f3,677
313b1c836d3393df4c513343de8abf772d230e1e,677
313ffe4fd7d2af6da7614f69735e84c7fd7db6fc,583
3141bcf76ecd763895dee2b6a52a4b4e891f53ba,282
314250af85536efe4101f57b28b58a9dab212b90,687
31501379b38ffebacec4cb149d834f412bcc55b3,623
3152b4fd2e31e855e604fb81e7e818ea7c3f830c,379
315453a6f7089957e27d49d0dac1ad68e6d541ba,59
315508fc09bddf6c5658a0eb0564d854f4279423,264
315bd1701f2e559b38d2ae92d4be036d52131315,68
3167fb1552377b8b4a07f5b54fad9049e14182cd,21
316dd3238ec78881761e48ce28845443998b3a03,202
316ed0c67f1a5175cf2b471fa36fd0d205d41b61,21
3170845a00436691dd3afce0d1c0234a7ac401e2,482
31738337e62ee35ed30364e2c82017c88aa52e21,677
317402a4fa8118498aec8dcfd4451a12a9bbac0e,21
3174fe207226f82a1f3b9867107893521fd2a929,441
31750e767e7f895c9ab9c16a33cd72df07e52aab,67
317bdaab2d38c2b1af80442193b63658fba9bdd7,482
317d5d581600391b462dbd60f6398438437b029e,202
31818914fdc0791f35770bd30e3b76cc93f2f495,735
3189d8dca7fab09fb52de1e30407d8a3bbbb65f4,113
31963d5421507ae8252aa50b0f6440d65356d823,677
31971952c1a46bf96b965614bb485a92ce23018d,119
319c714b9d4823dc8403564a25afed5f8fa79f2d,622
319cb96ed70ca28d404344a202a3a671e8c07d9f,514
319e17b0f6983a353681dd4fb2925278927e374f,677
31ab626f761db7752a8e0087eece343b660beb1f,101
31ae3a02bc29a53e1b8887a2e4356211c6e4b368,241
31b83c99bc739c99fc9a41639b587db0fa400254,247
31c5a9c1a489ebf3e7e3c1f2ab0f0057907ac1c0,265
31c8233cd80a9997a23485b1c3b9fa846faa320f,677
31c8e50d579c65f5e6b7da3c3142a31c08f4be33,59
31c9d19a21005d230ace9f8e980c28f0923ca272,70
31ca9c97412130f469977d395c8028f571bbef14,332
31cad5e171e8c1524cd8fe09fcd256a984da9915,713
31d4d7d2124d069d21ba4beacc627fb95b852762,333
31d7a6358a4a11f84c988cbd9b2a6fbeb824e34a,82
31e1b67b065e6f7bdb161a84daed18b179fa5736,179
31e5a0f688792e0c79b5979c0d86ec3086703156,179
31e5ec3f149d99a85ff09bc9e015a72eda5e5396,666
31e6c3102a2062d77a0dac73c017accc4d114c21,591
31e9c348046c7cd3ee65360ebae8be317172378a,314
31ebc071c24e15ca46ea27e9d58edef314ba9f5d,21
31efac36a848f49896678af3a7302dcf527ea976,284
31f16b9658a02207a6781f667b1f8beb56c5cca6,117
31f866e8e934bfccb4882175a496451e6009e01b,86
3203137cf2da4ba845c8f1e4e040189b9645598f,21
320a37de54b7354382f33b328e0d111815b95856,351
320c57ef8aa831a0c2f7754744af223217586884,687
321217a840258c6ccc6518e33d8c24297c6802e3,506
321303304efdb5bc81694af6c021fb8576ee50f3,717
3218cbcef8580de4c6055218012efb6ad549babb,157
321fbb698d3485562e1c6ad00bc92f4601535071,479
32201ece5c2adc803518d93856ba588730c4fd7e,179
32203c70d36bcb526592d4025fe449109043d48d,523
3220d5f018f0d0c6e6ed0e62f5e6a8edb73a6b12,34
322463c813105e66b5a5ca7bdb7c40d71104b7d8,21
322515f082e4b61ce94aa8821f9d8f81ab353acd,547
3225a21ee2581e410553401255a10d9af17c74f5,251
32261ec4e5fce2015f36a1ffb0b7f28780947977,396
322fe3ca840ff63b8e94fb163119886beaf58751,4
32306593b8483887aecfe6fa30447306fff88ab1,314
32306aa8d70b20d840d625977b452bbd9a1b9b98,621
323827b017ba7d95bf4d5a44a4f26b37ea4971ec,65
323a3110c3cbdb5cf561199f54553168fcf56a2e,550
323c516c5e7de6d468e4ff5858289d5fe30a1ae1,210
3243ab61e811237b960779e75c718d58620e7a24,251
324b4255abc83cbc7f7c74b5ca9d589cc95dac65,576
325e79469e1c1d33f93f2e19324ef92470c180e2,141
3267efaca232bfae9e2c293aeb17d6bb1e7a1646,316
326a202f4df0c32a39a26e9b1170fc61a5845464,175
326d64dffe81e04c4ecce79499df44c8da64dec8,364
326d9fafafc6cc6764fc7771841ff35f0a7274ef,441
32722df0dc948af91a0ffc756670d1ea99a600be,453
3278e1a5aeb898fcd4901f8028b1210c38426dca,202
327e90e635ab510119c6ef6a665093731ea105bd,379
328269da9c39e1b036c91ad4a649c0151a37942a,576
328c0d129c5040237bb0b7514d4b416f050ef3d5,265
328de7c3f04acc95f9b7adb16ffb65956640c90d,491
32900f947d408bf0ceafc314c8ff6966a0af6d4f,82
3297f51d40bdccce4fd96089cb3925fa7e7010bd,514
3298c88ae3a8edcd1854ce3bb5b1dcd80e0bb065,408
329c6c2e0b1efa423227556c1cf0b328f602ca2b,489
32ab674cd0f1847cf58747792ad4d1d01f2c851f,237
32ab76dbd4ae6f6b0fff7d8ba7d3731f72d51c55,21
32b0b1291d5b1f689fc21658da41ec9a82dd9802,707
32b3ede46b2b47f613ab161efbf83fad877ae0ed,182
32b6044997b50a689a8f4c07ec6efe1f3ae7c9c7,560
32bad98c78ba20c7a936f84b63db7a7d6427e000,230
32bc99218d48aee324c960a4b2aae9d357ff9336,379
32c15de0df70bbaa97b35a5329c0639bccf49490,441
32c2fc9b6aba70e443f84c306dd1be3353cdb69b,82
32c49c9e25bd410e859d59943e95c1fe21730ba4,21
32cc287282ce6e511905f3543e85c49c15697392,324
32cc8a3282650fd6eeaf033c11a84d594c5557a9,49
32d1599808c844db4bae35de406ed6fc5c0e6274,253
32d68601e73e8ac3bc17ee1b146681f4cc6e508a,13
32e0cef8ef5ec53646f8ecd81df7cbbbd68d370a,700
32f46e763cdcbaa50fed28f189cc06be1ccba657,757
3306df55905a2314b028195057880d1b7d911e9c,21
33084f4ad5b8ad1d8d5fc6b193fd13a3d2f89fff,441
330a83f644dbf26d8b463b75c2501e98b5fdadba,379
330d0a87745f87957e7c7151c6da4c66a47f8dcb,113
330ed4d785e0489f31c30481ddabfed5b6708003,700
33123dbad4be3f60cdd413dcc2edbeaeabc4e5fb,443
3312dc6c376c1880f39596c7071420654fc88c23,591
331946cfec77a4ff3c6628b35746194f5349b81c,441
331ad614def01890b1acc16a5786cc340a2b8aa5,24
331dda02f0e7aaa76749c9f87ea21193c93c52e1,498
331e13e8d7df319e0615ca60b3ff7429117ed40b,654
331e811be76654423bc5799a0fa327cd4fa8519d,514
33245976270ad407915ab936a34dc4e2255c5951,634
332621053833e538adb59a36d85847f5bc0aa25e,631
3327114dffe000ac31a60cb99d42b49877c075a8,119
33290d13e004ddade560fe9156175b9d5e7b0402,498
332f8226e447fb49a04dccacabdef24d70d9f13e,585
33318b0e1d0f33e172d7658ca8f8dabe43dfdadc,215
3333fcd1fa0c020815f39cfbe7698f2b14466c18,620
333e73e1ad8fad75abe1bea6fc1b432d29426570,441
33405598f21130887cd40fca5744cd0673b74fca,202
33461a88f8cd146335c5b07216200a76ee5eee92,122
334c23cb77121e0ebdb9c4f5c934a142964ada57,202
334e7ce5ae64dc005632347f15ab1449042f85cc,120
334ee7b8a1a818dab6abf3be26be2f279fa73fb0,565
3351e9f0d59463045bf45392775bbd14f545ddd7,47
335908dffeb6fe2ee93ff392e061f739b01c592b,21
33601d4deadc7cf6e54a3050e480a28fb9ad0a40,554
336b0393215fc88f11a44c052f7e4b1d3e6f9fc3,496
336bb1aabc17537d6a9619950be01ae3d3acc069,82
336cb3432702d563bf7343db6f5b9d2dc25ffa42,550
33757356c748af2a7aa12fc3303c82fe71581933,677
3382e2e37fe3ba5e93b78beb1d20754ebb8167f7,453
33875842443f1ee6bf4f17391b5a07ea1688f914,482
3389aff0d9d578c017a4e414b264e474e64f0892,634
33925b1379bb3e9f490f8454c83aca269b2e2974,461
339755e4c60a7044c5a8b3c124e19d794d9076d0,202
339c2981ea751a44d6d765f29f3932eba0cf1d2d,441
33a641c989e972856b45bcb06efa0e3e40db1052,424
33a66dba8ec3ba6749e0747eb5dd874ccd536a40,560
33aaefc6230ace780894d8e37caefd2d17ddd94e,654
33aeda278001160b9bd145c2a903c34c62b463d5,101
33b60ff62b014b6ac2383b60fe0a6aeede23b065,280
33b8bd2f2eade6f387c8f03a6ee94a210e28a27f,605
33bf5fff1df858e6708d36e56b1e941f8cc5190d,95
33bfc73a2d53853b0649b61e06a87501fd98aeba,452
33c513ca17c9c4cc83de59859d6f425a0b69a777,692
33c5f04697f5223e46801128af684309c2a5033c,465
33c61dde26e59c0636c9c6a4308de6e4bdbeb9e2,169
33c75c5cb7ca35cc15deebe2ba406f5250935d55,21
33d2b338dd9cdcab91d923b9ae03611a7fd6eca5,56
33d566c1aad6642cb3797eb98e8e9d58717c8e98,536
33d67bc954356d610e5f9c90af6827a655d54ee0,21
33d828f812fc1b67ff08815380e85dd8a53349e5,140
33e26a57c671d7fc1b4f11c753bbde527c044977,128
33e323b972caedc740202de917e2b8a0a4785f32,253
33e6bf734d32c321d43be39374587d8826cfd48f,179
33edbf062743e5b44340cb5fde228552d6104687,477
33ee2ce7a2daaa012a45dc852b3ca653f4d2755b,40
33f22aaabfb53ee81827546df9fec215da27ff50,470
33f258b45bd07b6fcf4bf2389211a1d8da4436b6,409
33f6f1dd5bb3d0c0f1591749f438c593e107b9e7,202
33fb52c9bb21edfa5ad51c6e074a7c0837fa6fd6,81
3406b70cd76820467ae26305af262dc2210958f9,139
3407156aeb0e5c5b0a23667678b71efc4825d2b3,600
340e9224c62841b1b24165378ddd1c1c09aa2989,79
34147bbc4bf091396bd9bbea83fbfcd7e5222cda,100
3419c3925e2f42dc3e255532172f1c1f72ae1907,257
34200a61072147c2e7023300d3e88e0add342c24,689
34262cfee0e630df04dbf197b906a26c7f63c4ac,88
3429c88daeb8dc23b7afeb33d65cb9e8a87f3e89,758
3433324d0725fe4e079100bd997f7ca454acf609,119
34454ad19b1f0680f78cca8f3cb3275d6cdc8908,344
34497cce2948af36f41fd87d3244a7e777e3ea1a,202
3450e9ee8ad2ed7954116bce0644779ff2710b9b,60
345444614416c9cb36e97455bf82aa30ea2de290,717
345789e71461c1512909efc54957f6cd17e69514,202
34663c5dc3c346cef3413076e9d21264bd43858d,754
3470f440062154757414dba19f8a02bf97e578b0,79
3474ea6828bf40efafac4e5a182233523822024f,139
3475efe1c5dabb9afaefe0ea398913d8e670333a,133
347bd196dfa0767283e079710357387c704237f8,21
348886a358e7f88a48eb3e4524ec01d54f037510,21
348a57ce20cf4e197e1e17a64817bbc1c1ee6a1c,495
3490934b697e244f46a0b223316e05c2ed5ac554,550
3491adfd559e2f37d2640d1b9c0de77727a11249,567
34924b0bac8429d7b391ff4b6a57e6769531eeba,691
349386d9bacf7cec7b0aefd6c10e82f6df9a19de,491
349d784ab5ec0c8af4a2bd3580f3ff622ac71a61,13
349d9ad39102d08938c105b78ba89a5142849af8,42
34a538912541469585a589fbe13759fd0ed5b375,482
34a6776c75e4dfbeb86d853c0999a2ab656c7653,47
34a9cabb8ea7a1084ea8be1e59846369a99fbaa1,657
34ad0e35c0a987e0899508763dc107d6d51d707e,646
34b59fc8418fd927b178952d22a5096e452ca978,119
34b9c5cd518fe641965b1a8f269b1220091405db,4
34be810e011e1a4695561de44b1d289c6829670a,265
34c4e9d78cf340d78a1104db22df25e1bba52919,496
34cc86e5feffc82c01cfb0f357c1e1b68c0f4346,59
34cf2a30243fd544b91487de93ea898e62a22256,281
34d62f25c1a4b387ecfcd52eed643023c419c9be,591
34d68e8db69cbd0e71bb31826093406121612383,290
34d843f12a0a1026060146082d1090b2b73092be,560
34e1a07296c0a7c9851175a6890e008f23d8ae67,631
34e6e8a98cf7a08fbe491381414818535ccb1187,580
34ebd5c6413fd0cf956b18fdada0eff8fba731d8,295
34f750030ed3d7a0c8e4b9f37be0ab4afbcef599,21
34f7e59c25a7bea62e3126a1cd8c03a4c3c17710,292
34f97bc38e24ee1333f21dd6a706e67ea5e1eeb4,96
34fd1d0e4759ccfd4f635d8725e0af1e2edab466,482
34fff5d39fed1ef03052510a7672c08f3292a3b7,241
3501b8ff89c427f5bad3048bd2eba1ba16ec59cb,202
350327fe39ffa0399111ccb1ee9c57aa5b67792c,611
3504273e14a8e76055a4ff533d4cb66b94a04e31,498
35101fce25a8560a53d04c77b085a2f505990bd1,679
35131ba528de89603a41f9d71e0ce6d82ae8d278,657
3516aafa2359f26fb13a31ce277db186675fe549,717
35185810fc305e789f1fc6a7f90fbf904b39c808,342
351cb649b3b96a0e39c2e4bb85c5603709c2ada1,21
351e6c7be17dd69796eb0baa7106ea02e184d017,754
351f5130b3ee2765ecceb47229303e35d8bce767,49
35208bcff9caaf53ea0dae866c617bfeb855e498,21
35222e17b2914ecc03144e13b4b1db3827a7ba73,379
35226265c1b5cd82b269a0ac2b20bb983a0412b1,677
35248f8b458b09809b494ae65ba833d26fb2e9c8,482
352dd3bda8f9eaae0a14bb21e028cdf4353aa49d,261
3537cf7d4822334c56e086299edf6756bdb57111,134
353e8a0871b67a7f9eeb079d5b243cd2af7180b3,21
35416b7afa639b3ac7d9630fb388b6b9274569b2,523
35445c5ab01437c2596405bb32b0eb84219cd6de,295
354be2df02bca2cc9e82caea2dba0990c4c57265,768
354f5816554880df3bdc1ff0b0e6fb5188e871bf,257
3551439f7f91fa8b50518c278b48891febfd30bf,406
35520795c53c706c30365a4021c25a3689495b06,47
35521c66669becf9eb87b6be2d6fb1d960d0f709,567
35564c851a4f03aa9551e996a781a21d565ef1a1,202
3556fa5141db9be80a1a365990dbe296a3faf5ac,259
355cde4e1fdac95978939ed3c90d52a4946e369b,258
355d74a9b9ff1fcdde5fc720f39ea3a0bab63241,657
356033bcd31db3629c21df725a0fe485a0573978,270
3564b2a9a01d472a7abae28093b74d06990296dd,677
3566545335885461c0fa30d8a24ef2f8acc09583,59
35684e24c7e2f8582a04e6a90a52072d31924951,59
356a9044d92d6872c8ed9b49102aa680d43e89ce,443
356f05270adfd5787bea5300c55b7761080d9785,295
356f906c3e62e12bcff2daf3d70dc0cb86ba1437,168
35737e6e3951d9c5ae0cae033f8b6249c9cf7f7a,21
3575b612345490e96e6973e81b42a5258fb81ea1,251
35767bee417a1fb142fe14136a8549d799cf1821,679
3577b5bc3258d870ec9a73c8aa7f40b19cfe4d69,202
357d1985d3ee0c5b35393079dd5a8b9789c8fac9,21
358300c3e5293edba6551b02b13924ddf15740f8,717
3586d28e9bc9a962fd7404b1e4c5bacf90a8d8a6,623
358acd6001dbfc6d42276d656e03f8a95bda29ff,253
358afbb47ff059383ada53e94de3269bf14f6f4f,45
358e317898c1b3ad21ab733e3bdb88951241d703,202
359236de77eeb64609cd66060dc3154948f0e737,498
359448c689820072d77be4136fcbcf4f0d2da932,539
35950f4048562984ebe305ef1e92291e6e72f264,4
35a4ff60dbe85ee4879084c06edbe833395bbb7e,79
35b9d5fd9ba1b5f1f33624f2e3a14482ed270034,141
35be062a257a8d026b45d03649535bd973ceb0dd,441
35bfbe1c0d9e725f30b090de64d0810984a64927,251
35c12ab3298d3b1501255d0f6cdeab887d67dde4,292
35c24afc8a9088f0158cce8277f1ff98c410eca7,4
35c2646c5d4a6229e93d90290b5edcec8fd5b8e7,692
35c683af0214bcbe89b75d870a6df7f35b113977,202
35c83ae56d8a284c118f24771b2e376d805f2d9c,709
35caff0c14aee23d5f3746c893084ed7705da483,713
35d01c06a564e3e44fbaecdf81732b54b929d19f,717
35d5ece933f2b8240a4e1d4c33c2c5e234ec62e4,749
35d61d55b6e964866d7ff04865b69da86fb9447c,147
35e02cb0e29c9bbe7133071b5f677551f53b8c06,458
35e7de8d60cc8f2f04b5fa99230dc6bd16c23743,567
35f1759029d4178f72285a21b8dc39b17186f200,689
35f20786d97a2e3019744b92ad4bb5583d5743b9,136
35f31d423416db234e1f974183e1b4927f5f6a3d,441
35f7fea2481fe0593fe7c069921d53eafedc7519,655
36020176250d1f53cb8af55bfa7c7037a84ac47d,523
3602e08aaabc9cef9eee3352ec042e3fa9cb9348,611
360d37788580eaaee2d060ddf86fd0212cf4e70c,206
360e793f1e74fe9996b5af3dd84af34d718e63c2,13
360faf5f972cdae8ab3aa113efb6fbbdff5e8eeb,21
3612308cba64beb0e94f35ba2dfcffcd45b4a44e,396
361328954085f2dfad9676efcf88f852d6367717,217
3618c45da33f9150069257f666fb479806e4a4c3,101
3625ff2c0bfee5ce574314065a21b2d27f88c038,208
362cc4b5d19cb520e54b3ff0acf1551075b17088,4
362d0cf03aebeb7bf5cedd9ebe9143e3cfcc23ed,484
362e2821abcff19ea494e15108f3fe0a642d7eab,295
363246a77a4937504c8123b189aedd460af7f6d5,46
36360da5abe269f9acf5f09656e501893070fa7c,638
363e046baaf4371e3d03c54be6c31b15720d02dc,535
3642c61ea03552d9514cf4322b7982cd48e3708a,170
36445a27aa18ebfcb511337d01bbdf322845c632,21
3647df5f54136176b064cc35366d6ee85aab2da6,342
36497337558d1292730dd5db54219722a51e86e2,316
3651665149b5da48b491a8c6368763d0011b5444,21
3658a6e9c17b68fbb77d503d1b7ece387f0c976e,485
365bf0be8b6a90061809a289f8e5dedcd46029d6,45
3661e3f2946ec0a69ac0761bfeb7e1cca077dc79,168
3666c4aa3bbe4bf5ecb5ef5ab94fd017391cba8b,512
367fcf356c4b171f1c3c843b2c2a40558c886b69,86
368111a123b28f424763a12d9352c26e041ebbea,473
36812acfb51e373a8e4686c27754948af513cf33,533
368abfe0a1488bdffbf03aab747dc9a023911046,79
368e781e4cd025b4497cdb04aaba1c2f945dd610,443
3692d89861c529dc536fdde5508a9330d9cb43bf,620
369a60aa02a94a80978e8f9475c8d0e2dc46c4b8,550
369e42f79c4f6ccdce754cbd2a6571e932c6e1b6,82
36a357bc3060ba87e27aee16fe3590d13202bb09,655
36a5aa4badde97c9c709d892af05bc9757a26c96,231
36adf1a95c856ab4244d0f78051f178ae2154db2,21
36b0790e490098df486644724789cf91fd00204d,600
36b0a60926084f5784adc8f204cd67634bae8f11,131
36b149307f0990a9330d5b1bde7ec44bc6be1e1c,209
36b19ae37120f618c8ba5f7c5bf7b2fedb0c0eb0,41
36b2749212d6a420bc5a7d4b18bfc5adc28fd812,482
36b53093b68ca5ea450cfd05cce24a1a65c17a8a,344
36b853226315d48444154d18db2c063151c5b146,299
36bd32a5c389ad35e05b7b005e0b7cd59ba570dd,512
36c25836bb1c0d658af1426db246063f7a232471,359
36c2c1d95e7f769858c824bc2992f3fec13776ee,781
36c5ac285410b87c077719af6d6b695a644901b4,48
36cf94c7a91188a7fe639db6146c0ca76b466606,45
36d000714513079178cbf76dbc07fc1ae0f58933,141
36e2db23c9a0504cdb0c74704e73a985e8fb05ce,202
36efa0de697dd375516843343342d59604966828,71
36f07461e0739dea97464458212bd2dc5f66123c,482
36f4af2d27f894a28d5787ec7a476d218623c5a1,774
36f958f49ae064b1aeee4ee0585c89bbd5b4b6bd,21
36fe26a9671cac6acc49d7a04ced72c7993aab58,482
36ff8e20a3d325f18532fb1da18ddf6a5a77eda4,82
370b9ebe085d9512a764e4a4f73ef967b883a0ea,539
370bf0f41b102ac4353587a285adcf603832ab3e,487
3715648c6dae3f20865b0e845342e9b93769edbc,316
371ab775bed77a0c1a9fb3729868557ce0b63b34,209
371c050ff2d9470f85b18d8135f39813f36aab2e,202
371f21b1cfacec5e346a0ffe647d4171416d2e6d,237
372e0ccbe55db8a71dabb036ac9b2cd5ee268e71,46
372f43a73c70b96bcf1d3536282c7d2be9f5e118,21
3732adc990d1dc9e9db68f8975569263e237f178,21
3742870d90860b8cb5f56f2e63e35634876250e5,585
37436a011c4ff45d788ef3f518400dd7c5b846ae,261
374747c045d9b5c1e91f8250a1ab6486edd22b35,119
3752ce58c0bcc75da5ead460ad164e7643766837,217
3756b54fd0720df271e3bb8abb152b229a0b02ec,560
375c32b698f3f912e39d8d085181500ff4ba27c4,758
376625c7d23509473ff707ecb4a6bd20787c21ee,709
37678578711d10c42080c0dd47f1745e66c59df5,547
376e4be5bbf472dc0ee4e27d29d76009cd9e396c,82
377a2f7de8efd26c30b5312717db0b7c48c1b36f,677
377d6c113030649d61a92869b0ac69961e944acd,21
37822d5f5f178aa2d21ee1d5ae4f19901b630664,59
3793e3c984f5f50a685038160e3d1f667cc0e002,535
379b17d0883a26a5fb3909976000314275289a46,512
37a25473cb831787881289b072abc1e3ad6ad5e0,552
37a390d02f19c9dd2fea19ead28794e4b57af916,484
37a40fa610eefdd76f0ff9475991bad468801432,21
37a540cd889a26ce6ea18029ce4a9d046975245a,482
37a85041c7c11584f6a28ea05eff55df8e73fd86,273
37aa04e7a39f5191f886b7876a6f9519220dd6bd,65
37b3b982323ceae29db6210af9b211bd247634db,87
37b50bd3746589fe06026ce32b46906becb8b43d,133
37b888b781094c63fbe69d56bfe2f83dc075fe0b,17
37bb1272a7386cf293c18099749c9626ec96287d,677
37bb493c820b2f5a10bc6333996db872be9da382,677
37bcc2880154236ae2024005145780e580bbcd45,375
37c652efd6b831e67cf25618b32d9bd37d70e051,332
37d04d12a1a3c025ed2a3534ed56acaca757ec4f,482
37d16b0aa2978fa4cdccdd21f6313435a2b8bbc0,45
37d19656e48ca23ae5e0a69b73fede7166ded6b5,635
37d38afe58b8a0138ed1cf07e31e5185ec0535a4,102
37da9250835dc93050abbac6e979e91362c47c33,677
37df47578c4c213e2237d8b7b0f41582ef44f1c1,409
37e1fe5b2b00d1779d3e49bb908854ec8382a8a0,156
37e310ed0f90664d18b9c04b2d29a071d54da423,202
37e9b06e72b264d1d621f6045479ba2f474ab136,219
37f09381237d65271547a3117f015b6884ba9938,591
37f33fb170551cf7cb7f5e57fe383e0747bd8c1c,27
37f77172a0afe47e0b2fff0fa3583f4c09dc81e9,144
380a196d8b406de542f76e07ef66a5bd85ad7507,500
381010007ef3167f1f692ec746bf2ad276236e9b,559
38102a78cdd0f94a44f7a4271d78d9fdc9f07713,677
381344b28e6c203de1dacda5c71267d02cbcce70,491
381559f5da069d235d29575d9241364b420775b6,13
381fdfb5fb835ff915309d8c56d88d8edf6997b2,101
3825236671e925e8609bcf62a59084c63ee826af,675
382b41fdf0ce8a70ca66fa2ef976311718ffd8d4,49
382cdbf2165ebb1216cb3c736b33dcfd26903c30,591
382d1d5a957d31ca204807ea9deaf86ef82ae6ed,235
382eb50fe3342021a4f5ad854340b8f858c19734,202
3830b842f82fac3b0e67a022b1e4d1e387e6c6e4,482
3832743aa96939b2759440c9029deef2fafe0149,479
38374ecfc0ecc9cdef6cea99107ce266eeabe5cf,379
3837e8cfa8d69bbe205e6e1738df1de261b59904,539
3838aab5dd398a326aa81a19af6e898665b28556,372
383fa1dd447627d0aa9c70a95a660f68a55a18af,161
3840eb557710a8fa382700754b07e156f6a3917b,202
384a0d561bd84528c4e951eafe39e70cbe179789,85
384a655dc3bd067421908019e22e5b6bfdb5b18b,327
384bc6d5058c4688ce6dafae5ff38a2b1f3b1d90,342
3850daedeadc533e921883b5c11ce59d5db6f93e,168
38629d2c903ed456fe4c0c8b01546e488cfc793d,538
38638c36efa665a57832915896e08b7f25ff137b,341
38659ae553651a0874dfa0f210d3cd5a53ea6343,73
3869ed6c5f9bca3a419e90b2b434c50986b1d316,775
386ae870dfe9c4efdd0c54bf75ccdb9f47338a4a,552
386c24191730f3a0bd20d9f95404815d61962c8d,265
3885e88ca10d72b48b9f99110a09b16e4418f890,747
388e5f88cda1d07445c4d6dfb1e4e212d18ea40e,241
388f3821f84c5971e94cf2709ffda2db1b8321a9,580
389b2acb0e0fb366321b903700130efac32fa8db,525
389f385747158f810fba347158557beb6fb046db,21
38a3b095a591b2e6a51e41c89790ac534dd5333b,78
38a4f9c3978ecb589fd5820deb1070d83611e15a,237
38a53bdf08818a98984c2ae9bf3ac123a0ba3570,379
38a7a3066f321c447de80fa8101f784058ebb37f,282
38a9cfe28a3ed5f41393f2d1b75af4fe38980755,21
38adff011ebacbc5b92c8dbae9b732b5ab610ae8,335
38b23a87389f95986d99f5f3737285bad39a8561,100
38b2e877db5cbbe3b4032f5f86b3dbd4ab78966f,720
38b92d3c825e4472b2d87ab24886a9bbeb05d322,202
38bab763aa407b518f6e07383ccae5e46f6e560d,689
38c0509a38efdcdff85686fbbf8ad4609eb8e051,128
38c15ee04ce7f08cb0295e19670ad4bf5ce22254,282
38c7879daa07b34ae5e25692caedfdfc39ca1273,657
38c828ce4b15826d049e0800258b99c4edc9b873,265
38c8e3f20e79a3e7e564de697cb15ff45d2de262,681
38cf7031e81d372c5bcbf424ce05ce6042ed0679,63
38d4fe594ce0d083bee3cdb04f3545e86bc2b0fe,146
38d510ed24768e6c9aaa4400466eb1934363dbdc,593
38d60745ca0c92ca8574e106b7fe17acdb66e896,510
38d72ca7f7b50dcdaf3c77d263935304f9c4de5f,688
38d74b5d51c066494100612f66be4336f7c51685,500
38d885b1cbb010fe49a0dff8c20e35e8faf0b70e,688
38e32f21179ef0a4d5e33e1f56f5d312314581c7,637
38e54c0e13294bffe489a7544f3baf6f8adc55c1,76
38e61d8b6e45e95f928ab5a48d2b220239445415,67
38e8513c369dcac9025a4d240c059f514535a15e,82
38f0d7a8afdbe4f92c7878678cd9d2059068772c,119
38f85d7c6b65a6e776641fabd7414e516d84f382,500
3900aa1b01a367426a647d95e09d89dc0281ac3c,44
39041cb7622194efc83039f8eb8c54c3ff8ca6f4,211
39050ad0e07150fcacb3e0e3eb5d0bc8d144b02f,585
3907c2d502b5109c990417a95e8ccfe624c4a498,510
390e3da08bbe1e38c77e62e46b4f46aa84a0afaa,251
3911b5f998f794e956e95e135fb3245035ef8a03,503
3916b8c93ff9a2667756602466c01b7d2225fa7e,21
391cde0a50b235b27a1ea47650b34fe01d2fd84b,539
392460a577471164779b664c11fb4a39b1f3c3d7,709
3924bd907428ba2ff424d8ff3080b1ee3b165cfb,589
39260b642b1f7a9414be0b4806ab9bc825c65846,567
39264f83c97a383162cf0417aee4c017acadd4c3,139
392e150305fc6340f7e71a6da6bc2221c8b86c02,45
392e8dd25172b6e3199f2eb25e9b9d2a77f09e54,70
392fba4e99922c1d548556e574db714a6362406d,637
393358c9c859f84c110d04c91d46324446fca09c,119
3938b4fb41fbddf59bf5323fded44d7950bb5a94,518
393d4a497a68a5949387662b678ab468a4d501be,775
393eb85618218055a4de7ec98f4fa3b839dcf853,169
3946c8e71dc3723cfc9bc6ac3fe2e1dc0376d638,82
39493b86d8f190ca06df448279e22b024a13ac33,58
3951ced0043cbb276998374b053312e72642a739,49
395202d1e22ecc45e6d4c78513527b99dd6b9d9c,460
396f3e538f35fb29dce756628ca3758a782c95a3,118
397252355f202c1b7134aecbdb10c29e08138978,515
3974a7123920f66b841b28d050734517d6c729df,21
397abf66e3c3a005bdf0edb924d832f56f7ed2fb,137
397e65cf3ba33f854ed9bcf75f0e8c4b96bf0df4,247
3985e3c742f7a3f7cc40917ea2035d40efb667bb,308
398d551b4c1bc964da01a40a121cd1bfce3c5bd2,713
398e62098542a4b705b982b7fa889fb9d377ba74,4
3990f5f6f75c55d9f0105506388294efcc61a341,82
39a575170463e32dfb9eb66ba27ee5705a25208b,482
39a5f1adeb2be70141edeb3ead7fa6b210ced55c,4
39a9b7189f004c90e301464733bf211ea074660a,460
39ac118648520f8a12bb3a868c446a78a16f7bfa,236
39adfba304e94fda43c39edca03f777bb14df689,379
39af80a7d868c445b690286210fe86f68ee7e327,202
39b36b15540b4fe02741d644513fb30a74e910eb,257
39b8fb366646951176461f07e11e01c27e864010,518
39c4852448caf850a99e347c8031e2b5dce8917b,4
39c90ec5dfcef7b1667f383d90e1875f8db6e728,552
39d470d06c65e3f3e2f45ec751af74245eb7c468,202
39d7f44d4c6cc1bd27248ec35fe0d89d5be41c10,545
39e0c7669cea1063e5cb02c82fc51d581cdf97cb,550
39e14f10d55d6a035ae55286c9620d3a9cfc1584,482
39e637cfaafa6b444e047abc1fc947c94473953a,559
39efc69472223918904e9b36b9bb7bb850429afa,744
3a033e3805533e859f5abbb059e754f82bf0888c,491
3a08fd23d2ddfdc18774b24ee13a4ecac9ce7411,379
3a0dcbd2edaa8bd2cb249cda426ec6ce42512851,441
3a154b2699d371dd0cb80c0734b313de03c1ad08,202
3a1a0d11022ef7116fcb1dbdcdba95b8d2013d86,120
3a23064b78ac453ee791c34b4d4b6a6ca594c5d0,202
3a231ea2f286abb62d44c3b257331a7d8655fde3,102
3a2b1a73ab59826c02a51265ca26e8f937eda8ff,102
3a308c4813c4ab6623fd0540014c491dae56cc61,170
3a31b76d816650e642d0049361c0afc60f5dbc89,677
3a325025fd54c6276ad2bca4a0f49f90c3e7ac46,202
3a39f302a2b92f481dd01b995a7e3ae3bfd77261,523
3a3adefba5694cc53e53131c41c622b587a39796,92
3a410ea3f6b01961e94f5e3c148596fd5265597c,147
3a41621b72cfdc480783de4ac3f0bfbaf2fcc969,604
3a48f455cc6ce2951ee57a593ef16d704f5445f9,152
3a49f72a4754d6e2a35cb9497cefde24cdd919d6,35
3a4db3c5fd71a1e184c2a81585627b65c00836da,202
3a4e023c683c3e5029bc9e2528eb2ef688bcdcb3,202
3a56f978d3a918c388ad57b57ead763c8a797fa7,254
3a57591fefc1afb8c019f6c5ce3261467034fed9,78
3a578fa10569fce6c65300af2d3dd34f62eb31e0,73
3a607dba081250cacdfffd187300362cadd8fd30,202
3a62ae027323a0786a71d02cb2c5629204c13256,82
3a64874b5e41bb94a7d4d4dbb4226d5b3a5a5dc6,202
3a6f9b4ce425b020d32417df32da0574a6a04bd2,60
3a753fc66046066f69072956b982359ecc8afca7,511
3a76588b8c7fdab055d69bb009f9327ec46b1b78,482
3a7814eb1431ae18d7ca2f86898eafe63e5bd607,408
3a78a542227adcda4ff836b43ad6bb51350c855e,547
3a79e681cc21573eacc5c8bd7807ffe108635c75,458
3a7ea3f2836538fcdf563243152d6a29c0b4982c,73
3a7ecf3e96bb883481956e27ad8d8e9de94e7904,585
3a868dab549dc56debef8c799cd9b347a8d45ddf,96
3a8a660ffe87d09faffe7600aaca4a800a66dc74,42
3a8d664e7cab00bfb0067b8bd9f9c0250e926cea,491
3a9667257ae81c2965bb7d98a745d2f66b7af75f,760
3a9ce4eb616b806c2b84cf95f5704a66779e8e69,65
3a9f14ea5f871a7c3e2f39ccfc796fb7d6b4d6f7,82
3a9fce7d517524581cb41bca929de027092473de,59
3a9fdfcf901a48f9099563fdf09fe5fdbdb2f2f6,355
3aa09b0a201e097f76051ca69aecd230528b9c43,379
3aa15defa292b3143fe7ae752e7df6aecf06823c,773
3aa233d62eb8c48cdcbe6d033744412b24be4f8b,677
3aa3c0e9348c057553e4a77487aa823975ce268e,629
3aab58d11efe681d12c72809978ca46b14b34298,182
3aad931f70eaa006c9f85700ceb83962cde4af47,78
3aae7ba6681d1c10d99c0227761d19000f17db1d,552
3aaec996e55d9664607449cd4f2cc6d1a489bb06,42
3ab606f686a47a2bca7ab1d77c71d34affebd4da,253
3ab6a4c1a0992ab00fc300a421ec56f52ad58ad6,318
3ab914b6e8b7da0e9f0f2ebcfc5ccfc4114e0d47,655
3abae52b87267810fda644afba2c579752ff13a0,128
3abd41fea11f16daca48493ad8cf8bee801a1538,21
3abd6c05f2e5f389f59fd7b50c74b0ebfd62d9ca,47
3ac16e60bfe174b4835f806139f3c2904456935c,47
3ac253237f0bde45e1e06b4fe774b4e9c50db598,170
3ac448070ec73bbe324ebe6bea709a8157ed310c,567
3ac4ed436e11a5e824675087748ae236fb4a3615,128
3ac77bd8e6d243107e68ab48abd5598532469962,482
3acf2ec6adeabc8ea80dce0c5bf755652b250e1a,141
3ad08e3b09fdff7e5854d8a6c15e378cea7bdb2c,70
3ad0def1889481af4c83084951ad648835456f3d,379
3ad2afd2e2c723ac7294cb15792fc7dfd74f788d,482
3ad71b819b234967c3c7f91591ef5fbce6252a54,702
3adec3d72778adadbd601dad4846dbe862ec3c39,717
3ae161afd0cae357589532af4b1c92154e5fc367,482
3ae371dc3fb5fa6fda4a3ead82975421f47e0858,743
3ae54dfb3abab39eee44d155d47270a7cd3352e1,269
3ae71fe15a4009baada31bfce08c3525b5bdd558,677
3ae900fc08b1cc5ac111a82c4d279d4b83630239,219
3aed86a3c3cffe803537210fa212924e7c8278dc,202
3af07ea2786082726e9779277a4c35e91b4cae5a,775
3af20c1fdcb812bd8714b3a183265210f66cdf05,313
3af6218c405077a2df5b63c346b3ea5a75cb2c21,282
3afa1143557c869e4f612f101dde679922d39784,606
3afb9c02d73a8f3cdfa30368195dac4e83b2e706,314
3afccb52789fb16ff44f45f5529b02e06abd7f3b,264
3aff878a4ea4f33bae1670b2354d441ffde66066,677
3b00f8098f2f09eaa3ab33a25b106b474ca628be,63
3b03b078414c036757fc5d2ffb2977dc33abe575,252
3b085e3a05e70986af6e73bff5187236e28996fb,389
3b0cb8efc02561b44dc4135007d9271a9a18b3ea,482
3b0cf092358efad18df466520d91d0864f2cd1bf,292
3b0ebd68d39126f66f5647f68f0834aeff441614,78
3b130271765b74a209e5d8a0f3630352dc7db29a,441
3b175d194878c949ebe0449d94eaff562495ee8b,655
3b1792232ade956e919a71f6fea579bddb170a9f,58
3b1861d5ffb6358ee52380ddff7182a9abf1ad2f,202
3b1fe164558502e9edb5993d7dfb1ef615401a69,6
3b248abfe4f9064da39cb4bd2616b088425f629c,735
3b296af756a7c888f351542d01ca701378e2f51f,679
3b30096cc5a298a1f4e033bc95383d13460f0de0,441
3b3108c337b58063d61f4b6cf0272751768e0f9e,591
3b31414e3d950e41b34252b0db07acb483b750f6,254
3b3db8d3f6bd82e6ca19c166a4892b14a0647184,128
3b3faa4dfbba3ece29402341f26bb793aeed1933,292
3b453b59dbf22f32952b7752eea827223cb3ee20,441
3b466b2890dd49835699096523a2cf2985e08704,677
3b46abc1f9a14ad4a1528c4dff1487842509a8da,482
3b4a0a56c545a83389faf1f4c83022bf2680ffa6,482
3b4a5e02bd1b01d8668d7234d335f4b6af4f6105,21
3b52af0bad819b7e64ea0a2711029ebefd6b36c0,585
3b557d5d44025118a64f1a0417f0bf5ac05139a6,408
3b573d04e3cc514c19c947472a9d46cd6b2b78a8,443
3b58140a9c071d0b1bc3802034412769a5f9b5eb,201
3b5e56b20ceaa8bcceadd53722e168c08c8080d2,530
3b638bab1762ace7d001a1e94dae3393b1c01e35,148
3b6447d5aea6463c0399ad9ffc49abacb2507130,314
3b65623b19a08717e12825fd4795ab9279b7537d,677
3b67e0d9cc5ef566bd2739e4089cd8e3ed0990b5,63
3b68b7fcb37815c1fa87dc55a57ae4a8cce8fd99,685
3b7091413a254e31e12044827ac95ea4875b83e8,484
3b8250e80a3a694d9896621cc10bf8d4d92d5cd0,324
3b82bab437433590489edef9418c49231d2eba82,273
3b88a08d7c2196b99a7e39f9b9b086d1b3b34582,514
3b8948b632c59f0b973776df423fee4ce7904ac0,282
3b8da9360c5c78b93f7cd4ae84d5e3ccff27358e,482
3b92ba94dae613bd4e77f3df6378d5d66fd02d91,602
3b9382cea407cb8ec7f4169c3c72c965aa3a84a2,21
3b967c20863592cf5b25cb1b7fe7cdb4c2418580,546
3b9aff76eedce646ca98ecc8d5747d1a02cd7a04,79
3ba534ef84d0cc274cf4d014d0c1dd0f85000356,523
3bac2cb798f5a648b1711872f30ee562126381d1,677
3bb2f403324e15baf47cbcc523461ae02e20033d,498
3bb7dd6d71b11d635346ca51ff2b2b28ec38f663,101
3bbeff66b879f09b9ab4ed84b656ab0cc3dc6c24,41
3bbf8460fe974b0742f5e15cf87ec2680b50de3a,473
3bcb49808c12914ef767c6c66b0d24bda1463f95,266
3bcb6f61b9b77523f6757e58dcc0e92a66983923,484
3bce4313f5db9358cd15d96c1db956ff2b2f46ad,560
3bcea7cdc4b64a9ee8628114497cc228a321165b,560
3bdbcecc154f1ba7f2f32648a8d8d2d7cb397d71,139
3be5deeaf3aa7397421f6cfa51ee4788a2510eec,168
3be9f4c02bd1b8dd0e1d82a9d9d0246f2ec9fb5f,202
3bf13c082fed256caac12de3ba24f539a59bcee7,370
3bf593b251af4372c7add88e3e445b77fd4a8afe,17
3bf71ae2f53e9c6f44eaae45bacdbea7be1a9457,507
3c0b6f14fc71ee1ba63b012758f75c09dbd21d51,316
3c0b93eb3f2fff83422e1e0791d90080bc177cce,758
3c121933e7ae1de2ceff01d74daf2893ff54bd77,247
3c1370d543af4c4c0dc9d882be45446832d8d1b5,559
3c14bb6e1ddb3566573514c9186a6b4b0cf391d6,482
3c1684d2287b2e54a97f927cb99fc80da8360ba4,484
3c1e29b738f674623ca8717f3244a7a4b2932d14,348
3c1fc4a2df71b76f708b9e501e8813cb8c6f0fcf,574
3c211993a817c783f186f8d23f7a523d9eb989fd,4
3c22a527912858a16283ab0b5e6bd7f80f7773e5,241
3c24438b815b77af53686af054cb0da7f075d727,559
3c260e767685a2449330ca8c6a8be5867b86f3d5,21
3c274a3f6c12833c3d275dd0a847de01a277e55a,399
3c2a2c7b4424e321c4a9192c95198a8063407c9a,21
3c2d2a67444786f99e92ccac55b84188b7bc0c3a,441
3c2f21fb547c74e5d83648127244ac619372a3ec,441
3c33fc7b91e4e0836a7346049a091a7c6a9a0a0a,31
3c3535585123e9256abf631a1dfa7874b09efa41,21
3c3e06caa9318a28818580911a6502f718014827,379
3c4048e8f441710d9e285e8d3b7310cc9ffd7688,489
3c45a0a458e708e1f4c00ca060a4b1777b453a7a,202
3c45f7073826e3b6332229cf01dc2bfff8a17a14,178
3c464c1a0569f108f2d9dbdfeb6f66338a4802f7,523
3c47618977dc8bd5ac9e31e296c3078312542c7e,202
3c49877d4609a6ecf00fc0c0c4f70238e29c58c6,94
3c51b66a989614b5f515a5b290fff89d17e2154c,552
3c552e6534923d9e8122c60283335486f66570d0,353
3c5625cce7646a39ab269e6a60c0127c8f780c4e,441
3c5c6e34e7d711ec43d00c5731995c8f71e9cf2f,101
3c5ebee4f622e7a3975f850e40f5196190d5ce9f,631
3c62915b3dd4656727a2f7353d379d4d9e6c0151,458
3c65831a00082f920fad8a80fcefd90a8fec3abe,479
3c6872e78a994b2b730fdda552b4de5e85b8e509,21
3c6d63ceedad1301f1c3d260918025f0276e24e4,332
3c6d97474f3ff7e951e288e34db02d99420741f8,512
3c75dd3579eda822947c8511a51ffdee9a6996f1,82
3c89a0a17b719abcd1bc85ab89ef2ba2206b5b33,491
3c8a42b678bc0cc17a2e6b6609c203e055c46570,21
3c8c2e7729d138dc72f10ba48a8e95d92fba01ca,379
3c96279fc830da000f01057b3f905d30a3f35cf2,552
3c9e6af1ad244b5002b0e7dc3d1ee7a918a3bfc6,553
3ca454bb0218a1a3fd5107c8e3eca51c622783ed,56
3ca4d85d6dc4a97af2120da088d23899bd299d9c,533
3ca9988ba40592a9bafd139d8977892b5e751bf4,709
3cac0eeab3c44dcda8702fb6182266db7a3a704b,650
3cb791a881fa2c44efa80bdf0fc7affc171782b9,332
3cb7a68ddc1661002b96ac762c1423c5af38c239,87
3cbd5c6d1b7d40c6a8b5894d8cae6acd9f0fb60a,496
3cbfb86393398ca87fc1f05c4e84bbeab4e40845,34
3cc0d167e95f96bfffa9167ba3368fad0bd62713,202
3cc5af359547a5916587b3642f948014b4e149db,161
3cc6045282672acbe109e375fd969d9f9b823e8b,201
3cc89b28f59dbfc85db151b5fba97002fa510537,82
3ccc81125be509868f212097b09b38c2b4f0e413,202
3cd2a350178cd9cd562e277f6d15f9fdeb6c12f5,498
3cd5c434d1619961421febe130d876c872a05dee,70
3cd735371e0c514021fe52a43013a33c4c1e5ce5,657
3cd810a660e8a0be9bef6c276f2d8aeb04289682,202
3cd8ac41916cf88fc4d3aeca3fde46c48436cd1f,441
3cded05a34c4c3dd20cea31cd22ed95143d42c84,602
3ce249df37d5c56a8a95633adcd3b771b8e9b022,728
3ce56fec826669cb230b1fd609998087c2eef319,209
3ceee1b57c103e1671083f5ecee24764963c4c64,139
3cf5bfaf1fe7d7ce2b1c677f31a57838b04b102b,87
3cf8817d55696aeb5df58fb7f84cfd591ea564fe,282
3cfca46e1401912875e3f344a9eb0e75b65d8029,59
3d0448c050c9db40b457b0fed959823baad9636d,202
3d0d5341d46353bf1bea7a2782baff9e287a8571,604
3d0fffbd50de67fcc3908277d58bd47a5c517ba6,591
3d191a0bca7bcaa0092d6aa0a1b49c4230dd810f,597
3d1c2169c2e1e35d11c1212d6778d2a121852e6c,100
3d1c26f6f32d697d610bf2c20039a8b1e79553b5,565
3d1d6004668657a238b21c1791035d6c51e694a9,482
3d299d500067569552a28dfef2a587b4e9d0f8ae,437
3d2bb0dc8b35f1354123b12c5b31722eb6b3ba4d,688
3d3226f3411cab5403064fae5946dfb2d8d5a4e7,87
3d3d4515ce98832ba927757e7e5a028895d657f7,552
3d445c67930b05adf68cb5d8b3c215dfa4920e80,441
3d47a2f135b3987c2a0f5b39295c3ef3b13db135,157
3d4850c86893b801819322794e637b09a6e98dcc,550
3d49b074e20977289641c0b4663f9e8051bc6a15,67
3d4a199d174953cc4354d3e40b99df3f1430a477,314
3d51d7e63b28368e3ff00537c79dc5ba28d4bcd7,688
3d5235e5382415f7e2e7c1a75ab6e2ebb8f1a251,504
3d591e546858387c67e190866e844731cccb7fd4,63
3d5f5ad7b483ac99d3e0316af86d403284469789,21
3d6213d062a953ec31a3173622a5c249023e9aa2,560
3d69bae99e2fb65ce2f808ea64fe95e7c03306d0,495
3d69e33871776d5b6b62b37b0ab2a0d083fab89b,686
3d6bec0340a155b6baeab73d52f30af59cfdbae4,133
3d6cf6f27cfe242622bb69901a9ae256cbd31d24,655
3d6f20f8c3e3f674ba110a77d8c47c4e24ecfdb7,119
3d73d555ff127750660a09988b8176aa99ada135,762
3d77bc4ed2a872f4e2fabd15bf2b89e95b413d31,560
3d7f0b2934802372c57b5cc9501e1230d7edcb17,21
3d8e39e4a89afefee6f92392f1faad4ad22639c6,533
3d91d698c1542a609fe994b50673ded9c1893149,162
3d930e925aeccb2e51be68f772495d3225548672,634
3d9585349982724a908b3f31a2d51c36879b8dcb,241
3d97ed6f55fe09dce7d531ba71efdecb33c24dc0,202
3d9e3c664e118d0ce28400af58ff64098b93a601,584
3d9e8a79b75ef8866c3103931a0af20b57e1d948,35
3da04752778e89c0331492f29358a453ab29559b,120
3da3095d34c30b552d771170498eeef151beeb22,366
3da61277237ce735d68f086e2be240d5d3e3c4d1,515
3daa7bbdf9c18c0385b1a17bcf5caa3f1b898a5c,454
3db509d3e5830718d75dd8b2c460126814f89b09,679
3dbcc6a669af8c25c6552066acafafd613752b10,515
3dbd0aea053fea0066bf61e6282266578960e5e8,202
3dbff40282cf0e5af6f081e439d47687c5cc2d9a,21
3dc276d6705f417068b069fbe051b0f8e2443fb8,73
3dc9ad04b4e8c99fc402970df4338726cc0605cc,280
3dd9332af5c5bf9e72dbd1e10a62e16fe04ac0c1,465
3dddd97411d91a0287ec43d5bb950203037f79f6,482
3de2e88960280d74b4b4b61603b14b49b71bbeae,128
3de93fc5e34efbd95edf7acf8db9c8722b4224c6,482
3dec0a698c7182feb5f0ffc2a8d0c4862ff7c010,79
3dfb851a666f7e98df5993ac8731568033520e7a,655
3e005acaf44f8b86e721f3b66c6a5ebaa25dd076,775
3e0211dda373fb3c4bb5d6357489ed7602fecbf8,610
3e0976579a0625c1dc5e15b7ebc0e4b7509f1fdc,209
3e1fd49f431b7d7dd6ca62666b63782be7afead7,544
3e29c28d5293d0696e70cd8ef5bd18962221150b,21
3e332d90c530912374107f49960db1b220ac6b53,49
3e3443c29cd752502e3169797ad38cecc59b6a85,485
3e3774fcdd83c378bc462bb720295377dcb49fba,677
3e38ca7df8c75c67a62498f0ad955641c8816e8e,21
3e3c27815ff3ec46d59148d05965095df77be295,482
3e3ca3a0976cfbede12e91dcd96089f5103cb427,21
3e3da6666474d625bb119b9ebf223ffe0a2daba5,655
3e3ddaa7f4ac6df615f0194e05517aad7f4ea373,260
3e3e41d6c4bed2e47a92cdd209247d473fbc63fb,655
3e4097556af6ddf49202321938f08a807b740ecd,482
3e443740e1e2623f07b7c47384c297b0f8c8bd20,139
3e5019bdc60c6be97379773fecd69f2a568e218f,699
3e511e7a8d49116282018371706dbf93b2024368,342
3e5247376f74267204831a0b92762f656f182c18,560
3e587ce65df9d4bbb05dc93a0fb30f1164f80afc,236
3e5a5989780d86ef1c520c3597add107ad99432f,549
3e602a8464e7837904c4b8bfcf22bd6fdb3b3f1a,265
3e60f5266f2d5f1dc5bc9aa1a3c58057396b61b5,596
3e6699e460cc89dd2a44c45ecdf631a3e79c6b51,139
3e6a76b4c6d04b342c511be876440384a110fe44,441
3e6cd981bb6440c0d096d024cf3ee8f25b76b4d6,202
3e6ce0ca637df389b98b9923f8ed6d8b4febf289,356
3e7004822a7a030e7abc5efeb119dbdf9a93d3a0,565
3e76c6bbf686a00769666eff71c6915aa7b52f86,482
3e81573ece8cdd4624ec31c07ccbe533f5ccc339,717
3e8db916b356628fdd070218862868fdbf7c1142,193
3e8dfafe892bf476cdcd3fe4590f819990d55f7e,49
3e8e96fe730dac883efe928fabba543a4a7cf265,21
3e98d5e6da136f3580ea911b25d17f88a5da19c4,128
3e99bf99ce557a21fe4735815f1df489ae1ffd53,120
3e9be33525f0d75141007de28fd146b1086b1386,250
3ea5a50e8bd01ced2de63356b15d255c8be0e588,498
3ea61bbc59a9022aea88e8d708a3958c72e089bf,49
3eafdb88a07f82e9340981038d4517879093a052,84
3eb2af900986d950aa891fff978988b734d94587,95
3eb31c64c413df488f84f6863f5e22e4fabc7b82,21
3eb7f06f8d527e811bff6e3a33b1e5c6086f57b4,677
3ec8260bb5f3d3b4a4cdf42f03057707fba50985,553
3ecf50a14a0babdb0d289185f933385a5ab0a31b,161
3ed03bf17453d6688207c8e3e5c9eb6608eb1f87,384
3ed2e6cabddafde19e19780117fad9c43a2b9f91,202
3ed5db5f8db7d0c7e3794384c1f667afddb177ec,81
3ed9eaee17c0e5fd24d0062fb47f3f17c2cff656,128
3edf738124bfc46b009a0431f7c2f1d98ab3c2f8,443
3ee057dcf3c9076056ee7009e09275e71dee2f4a,202
3ee26e6989219cde0c41bb93111272764bc7e4cb,202
3ee4e75cb8e55c73cd2c772d2ff535c807e568b5,692
3eea1239c071f94334d07b75af553f5ce22dcd2c,342
3eed407dcf0967765f6c56e18eb8e8e9190367f2,482
3eee2ba254e83c7eab7d1fedee1cc1dd2b1d7b1c,46
3ef73b4110e8b45a3d26b9f203bec9b88e8f5e49,559
3ef8240d3de1811e1c36de0c2ec1ed8127ff7df4,717
3ef9f6012dd82c8fd240091940643c45a9fa97fe,470
3efad668c9e310e41a5ed7d4e043f0b83a2c3260,591
3f033cb1e92bdd4e60adc39cc1f3bc9cf07bd50e,49
3f05b4723a0d6e6383b79bd24a98c1bc36645eeb,65
3f15c20d4fb5dba0fbb29b77799dd3cafe06a41d,684
3f171a0b642df7557ad1847b892a131920f27990,280
3f1903ae97a689423a2535bcfbb164755167e90a,68
3f1c38ce9e3fc8da9fdc98f2c0368353a205a53e,168
3f1f269e314c28e58c2f3664e1a2c618ff08b563,554
3f243d3bc31eac933127c312bccc6229ee88d14a,41
3f2b90928d9ccabc29d06373639cb08dbc6ffc10,19
3f33aaf4348548a7452446f617469e7534625463,441
3f33f94d854453c01a663c691800272606b68ce7,90
3f34926ca264ee27bd358f5341f98a963f910f34,473
3f43171a3f18e86234528fb95e0d1b934045aff7,282
3f48932718b52586bfa2696aa70d29b970bb78bf,241
3f489d665b70dca1cb4be1ccf54b4217206d4db2,657
3f4a7ff567c48759244a341b85059554272c468c,182
3f4d11ebb6660a0c3a640082eb7d02cdb3fb96ca,608
3f4d26945871a715188991524f7a01ef20f38cdf,379
3f5013a109024fd5de459c958c70de3cea091feb,544
3f514218ac556560a6d476a14e42b046312429d6,21
3f57b96e3436eeefe095a2e74906c957f5c6403f,754
3f5a5a121b93958b7e0e6b382bdcaaf8c93c2df1,544
3f5ca80a96a62b75d7e0c9745e122d7ff3899cbe,163
3f5f3fe555ce576ad608be48bae34b28ae97ec0d,379
3f63917aed01fec77af5a79075f417583de0a14f,482
3f65e406de55d0d74a8eb69151bf2d22aa46fd00,144
3f6905aa7afbfdcdb92744e739787008033b13c4,202
3f74d7c6cbd765fb9047867fa0cc17ada8da5e6f,375
3f752e14610af0c7e955cbc066a0277815c24635,559
3f75e60cae9a8916158e6d61af653efc3e0d9977,50
3f76112e5e64e9ba23222c3e045f9849e161e521,68
3f76f66d6e2e46c9f6d12aea38622dd20cb374ce,202
3f7e5e8ec052ae28f0fe622c40bda7c09840f423,203
3f857990c0dcf2e742105b5fc83242007cc1b40a,202
3f88f6bd0ce0d70a0d9c9b671606310bfe4cb9a3,202
3f89bbd7a624e4ebc07c034af074e54ef44c0334,202
3f8f10bfa1ee29b0628191432e9a04ffc89703c2,441
3f9295404d30fc65ae7de22cc23c597c68a69a59,559
3f97790bc0d8fb1f775856c756f5627149b51136,559
3f9cb2543edb7fe7080c97fd4d66ced119a31fe7,482
3f9d38e3d8c231e1728eb60d57f747b105099e7e,60
3fa0ecc278354f0645b7ad19df40c4d3a74cf079,78
3fa5b8f8bd0a330f9460a968510aff10d0565bb6,602
3fa953749a3873406a72da6cfe44aa41a60e9afb,59
3fac45b974a45acd17b9a78425b432a72d629f60,484
3fb2b7cde2bb2a094014061f62fafc1c5bcfdd3c,688
3fb65b52abf8fec155dcc5c92b08036065a1df08,537
3fb72cdb3fb768366b4b3629a57a25f437c560f3,599
3fb822559fd3c750a5c1bd0ded69502729f79552,692
3fbb667bee70224719434ceae09e6e59d538689a,13
3fc4d1070c8bb46e55b7345c1735cdba51929922,152
3fc8ccc0cf3156b33aae7ce8473a696003040a78,452
3fc93fb737d0444a7b5e0a10d7d3280b180cb331,749
3fcbcd73a3128b5e7531f23316dd1d823e04bff1,658
3fce5a6433e03d055c937350d0059f0df87516c1,441
3fcef9627838698b21052629d64fb3dfd36418df,202
3fd2770b0c4203b3933c6007d629208b1dc50753,21
3fd5a2951816793f02fa7d7ff6b18610ae7cfc9c,65
3fdc56363ad574e4c1b04f2dac27396e9f69223c,732
3fe0e528b543036016b59a6e4853ab7fc28db3b1,209
3fe12a7e45293c0ca276f570b6b226b9bd4853d1,95
3fe295c035fdc6bd2857eeb3e31d21dbf66ed690,533
3fe4a21cdf5a6194c31ee970124279c43e59cfc7,648
3fee3017f002ab2fdf36cdd3cb1cdec45f9c0d47,8
3ff01caae23523709d1979416c79621a7a5dc723,758
3ff3ff51e2c047ae6e5b5c97e8e04f6ee8bbabea,605
3ff57c3bdef4fdd7ad76933fb7f31ba258af6589,95
3ff61fbe6ec2d05d9596d189c5661a8635d86ac9,775
3ff6e0d7773ef195476ac35e78182019392ac3e7,686
3ff72a664e4a9c31e726a6e78a809da0ffbf423d,585
3ffb21f0549f2a47194e94f710e5807451dc0889,234
3ffb4deca33ebefc6ab6dd9fcee149e5841f9e55,513
3fffd8ebbe8ac3a88ed0ad93fd565102bf85ec02,135
400086c9450aeea2a6f5d787eca301ad525beeaf,148
400da33fc448291646bb540fcf31cd4ee0b0a330,477
4012da3ec09f91b2eb3ae4c7d28ade85bbedb813,141
401a71d2508244f2b8b6a2c5e275aad56cb2fc45,101
401b61f9df1f34b3234e0daab875fcf466b61ece,441
401bbc5a4535985ea8fbed3f57afbbbeb5751ba8,17
401c2282b1f667d978578b2d1e172913c22cd061,121
401d8b914c2c2dc1962f9713900906a1c1401798,152
4021018c1d4e3baeaad6b34884514816426a1b31,82
40211c23b54bf06b6b0664272188f836e15d63b3,258
4021424c6798e7d4f22744d6ffb70f8cd6b86fb4,512
4022397dd3c653b105190004db469be4bda71f24,399
40235441eb20976e05a5a16692e0facd246c6395,585
402e6c3b406e85ce3ff73b319d4a0deaa5900498,464
402e9aa49d9bb6dce3d2a7be2f4acd0345c132e7,202
40310f4b62d3f0f08f5e16cfccc7cfd4be3c15ba,677
4035d13e26361e932b9c4f08966f6cb317492112,441
4035f75b6905d46920ef2e3161dc915921f4c08a,482
40367ae6b733bc9ff6cd01ac0aeccad3bbd750e8,512
4038ee4083f9f47d4968e866e0635d0732c42358,623
403ae4affcdb51e159ee8d750fa7ce4162122575,202
403b08bbdde08e21d55a6fa10af41b65826485d8,31
403e6216d99aed992b4f256e39d93adf7df9255a,204
403f7ae130cf03ab1f6016974ad16d91bf4849d6,202
4042d1c9d53976f28a58c9f1acd179b479b490a7,770
404509d2837a363784fa5c2d869650debf068297,265
4045c99c306a88d4b1c316c05656a62652627c95,646
4051218828b3a8ad4c57c45349838e0acb4f013f,584
40552ad5dae874c400b1dd983065ddb84c0659ea,583
4060879d4ca514d0a86c04cbc5deb160cb4b6b21,443
4063317dae5e2e92df5e56852cc246b1f1c4068f,65
40803e8b28e603914df403291be91f90cf214811,310
4083601bfb8761467a5a6dad21d21eb9930107e2,583
4083f81a0d4d34c0d5cfb40a737863800e69340e,677
4086e54cd15597ad07ce6cbc08ae3d6c1d7b726d,84
408e99bfe3d4b880849435d4551e3c058610799c,230
40952257b53f0c3cda2aa6df91c195bf51432a07,498
40988a1db94a88cb9deac452217548410ad53b1c,688
409e24405e866a79cae201fa90ac76ba51904b95,47
409f43484cb9cc9304d04405fe764699263b2ffa,567
40a2522d92f714357513d00d9af2ed0c33113d15,79
40a57a585c69e91e627d2c5d764efec6a160e8a7,21
40a98a2dbd30e6090ceaf221e62e7f785293460d,623
40aa54b169ccdd10897896284bcacfeea5214af9,567
40ad3f912834b97c30c8a040750c460d8597033d,168
40aeb91bdb9b70eead25b017f04b8a891cf12c2e,202
40b2f5c8170a260a091e2625b730b9705a0d14fd,24
40b905ad25fe692e454417419a9ea4e99bc4c268,82
40c39ef0e43e904d2e8a75a31ae77afd1439d7b4,202
40c69f41f2dce00f163c56d397d17de07c6c5589,187
40d9ed63a916309846be190401fe7969d6f3f319,351
40ec713ed95d8bd6229eb320af30fb822cd83b97,202
40ed1708c76bd11d4125ff6aa5719dbafc8264fe,351
40f022d6ec243140832ffe97d9b3536e97e3782c,676
40faebe55bff646a8e177de00ef90947cb8a70f5,594
40fd0d81ea3d50b817fab689c8c7eec25a418eff,202
410730b07a1eafcb21035d16936f4cc2aeda212d,148
410b2812fd9e9738d0decb8a3b90bff58dddc8e4,565
410c23fed410bc8d8bf15b2f57981f00b46bf6dd,544
4110d4732159473c3e1b4a94646e33419f6dda80,441
4112179ead6d7844a773e50f550b07e27819c246,765
411518f3e9673becaaa2fbfdce536baf806874f7,585
41177909d0d6cfccc64084f5255d70af95a5cbbe,650
4117c6ffce13b60cb41dbf9548a860d1823423e3,302
4119349fb581d628a1897f10b4e0271955041dad,585
4125e8314f97e4f6e4398dd4a6f9daa95b313683,195
412840d44ee8dc7f99b1e47c2d7bad573dd239cc,168
412a804c8e761ba2c69595e3bbc48900e74a9987,714
412c8da0ab74406a4a395826dd956522fc5af3bd,202
412cd2c86a63415bfede16d24d2f194a10a99126,87
412de94c3d09f715bab196f4e1767a43aa068bc0,651
4138d0e0cd9023d186b4de785b05ccbc371d632e,202
413f21a934b26d71862e494aa48e078e519c4971,4
413fed624c03f2531df2bc1ea2b591d47e797a10,21
4140bbf5746a429f1149d34551cad636354fcfe0,634
414167e443fa8bd1114f509dfaf77734b0fe7d0a,547
4142b9615ca3df308324571f5986ddf6836a366c,513
4146dd3cb9211b628967911db4a75412df8fd30f,113
414dca30b200b9f88ef7cc3721dca21e1b1d0ed8,45
414dcfc7e3256961202949e0856c7a328d8ebe54,304
4154876c6e10af82e7868a11dbaf0c611759b9cd,374
415c707619011784c82a0db217637ce462ae2c9d,131
41691da4229802cf66f13af838aec9285293b2d3,282
4174a06e3de119d1856762418f623cab7ca39d35,162
41795ba62bb40b6844858a8bd5a567b515ff0d4c,21
417ae31693e69a0d440feb9a8cc18f83eebc5061,21
417db0a5cd17b2cb665a668955fa93396064d074,47
417dc5db44b0da6ad7198d6368e879cac5995a01,59
4182b40555f2cf295b7d7945f962bcca443f1449,486
4182b5fba3d0a9d5ebc2d2522c388138a75e717f,80
4184ae43287c82ca834a0c8b255912e744f38a4e,202
418562fd8f88ecc88e09ce398b1bd11ab074d86c,399
418a5e4c5cb2d93cb43c56ed0fa712e79315eb46,749
419188ca5ab1894b17baf6875a8d26d78d92707d,544
4194127990672e81ad8eafb77c291dfddc0fd285,101
419863fe52643d96c15f794f4381f8ff113e363f,518
419882b6974b38e568173879d227a429316e8cf7,188
419e439cd9122118492a2d37146bc7bf581d10cb,113
419e57d30de0c1263eb62d927bd8a294c17268e6,408
41a32cbc9dd4bf2f0c88a9af4ff2209f96dacef5,144
41b289439258a40b815344342e41d7459ad22efc,482
41b395f75a0d887353b808ff9c7a4af29ac9f245,341
41b4725f1e3ad08005c5b2764b8320f03be4ed1c,128
41c299b72b580ca645513e4f567c011f9b619e35,296
41c3a82db8710b6e7ceee5ba61423b58b448874a,21
41c6d0f8de92fc289732e3abddb986c59af389a2,484
41cb6a6207691ade1e67bc5be5b0dd1ea065731f,535
41d251963ff0ac6e6f5e733090a45edcb390aa94,77
41d44cc7c15f59d8739cb57ba7befc361fae965a,79
41d70f1b53470a634a03c21cd99bce96ef533125,27
41e56e01ee7837391860bfeec986a23d40b1dab0,657
41f02db5ee47ad6066f0b4a2fb79f97997db6c62,120
41f5b0563f4c43a05760b9c6bd0436557243396a,677
41f719110d3a9bb7010b25bdd1591379821d3224,560
41fee3048c85d6428b6e9ca00cf3d3c2c5836196,448
4201dc17e6179276e8536f20563372044d89e1fe,140
4202351c945b52e92c0a1920ed7cf5ca8a7fb7ff,229
4204234681cdff0ecbdbb2263becd2aa35e79d48,709
420866b2ec1b6e915a5700d9703d4e55e9d7bca6,409
420e067a98e62a076f4bef9307813c2c6a492a1e,202
4212c8538077c6276f47435f74ba2fe0d105fbd1,523
421a2941043ea28f8a3d278cb89b1b0e7d3eee11,202
421bda55c5e7e284a3021df063b95091fc8e39b3,333
42200c6fa3744766c2c5945357caea55a42996a9,202
4228af6a521f2b8412b18410552f618190490c6e,236
422ef7c780a06d3d8e50df35bdb8ad727bc71351,460
4236fda97b32c2fdbf26e51da215e4fdc7eb7641,677
42397480d2713565c1fa36a18ca4dcf2fc457e0d,709
423aee50324b1b0f053de61fb37672a3e928f23a,501
424b1a4c3a707d31b545814d9c7679d030c30cfd,685
4250e528f6f73b80cdb8b1cf1a7d75a2ceab3439,179
42540d26995eea5adc1cca35460a436e6078457e,113
4255da0d0648daf667eb5a73c9cdc6ce79e9664f,709
4258d8330d1a1a291a590eba82bbc07686f5b729,199
425c3f4487d7dff1332535cb67f534afd2857462,86
426d971ded5e938966686d56e922167ec25e160b,717
426f117fe92a307d05837a27fcd151d1b49705c6,635
426f71da42a6e976b8439b1a7fae7651465a90d6,45
42731e142a1234474790d3804219d23fd75d3dd7,152
427bceb3efe80c97b83fffe76c37c42e4a22f8aa,280
427c7a5ec646c0c2e156fbdc0c3e116c56aa08fe,21
42809a3f7f7a32bd03540be01cdd636cbd0e50e7,295
428538d9707015aeb38aa1a538a0576485a6202f,147
428bcf9073ffce4aa9f4479156938b807115bfea,21
428bdcd37a2e1726f9990412e2934bd332278be3,21
4290f1478d62bf24b1e58afd625b872e528eff0c,202
4295e8258419b849bd8bd36b09eda96e0a2e429f,277
429b44e417d97c6cdeb31e5fdf2c56a7c6494868,82
429d5f9d62089ae38b2e023811b8aeb313689476,21
42a890b6762edc14d1e36f658d69a6e16c229715,585
42ab6ef0327efef6392991baea5a1ab7ac79f928,544
42ac0f079b8d0627cbfbcbf14afb41646198d696,470
42ac540bd7d7194b6fb3db7b5ee1823a1f12cc2e,314
42adb93db788798cd9b5ec47e120269141403352,282
42b56fa339fe06e664e029976dd12924397fab94,359
42b59c61f577056a31721d85cbc9c6e1307ccee4,184
42b6322a08b343e8a50a675838753758b3e8e949,441
42baae725eb795a288b71d607d3e195f1297983f,21
42ca9cb2f65d22d168bca0c95fd564c28beffc02,21
42cc82f083d4bc777602097177af4ac3fbfa9917,345
42ccb0271c64cef96d52b0a6ccfe7a7bdaf8c002,79
42d16e0a235bd6cc2f0e12c7c4080ef5e220304c,482
42d2fe74a7815c9c3457126e2f3bd1130646feba,428
42d4b7e7f6712e91383790c85aa79bb365024ad3,747
42d94eaeac31cb8bbefec504349d5624f997aea2,122
42d9f2ec605121596820194d0fcc5b4fd0551e44,552
42dcc192f43ee0c9927febae601b5932376bf773,643
42e23f2ef8e4895ef56cb2c71e22749de76e16c1,580
42e880d7a4fd52042628bc04c488b1794829b3e1,698
42f67d7877259d8f11c9aa6c6d617531b49aee53,717
42ffb4e78431f0a3d2693041f34726af264e5aa6,677
430904844dcfbb5ebca2f8ead88d32ebe85d676d,45
4309e22633413231c6979700facd0ab1dd252cda,209
430a5201c8b770a9af3c2858cf0b781d997c6c33,409
430e49f94852684e6ad166ae0ab1400d8229e3a6,58
4310a4b7cc4d68b533ac733fa71fdb73185dc17e,128
4312c6de0e119fd361dd57fcd9e7087eef2a8e78,560
4316d9a9e449ad0a88e317226fae945e6aab6315,679
43181ed32ee517e15e143c91ed1d128f0833af94,646
432efeec00005abd04ce91d50d20ae5792614cc2,332
43332a1268e2524723a5635dcdbba78d57a9ea46,583
433cb2029d704952abcd64120cb99847a3619cee,498
434314009b4ac2608c8cbf303cb9dfc75b79b94b,606
4344dbd8a73184192e82528b54262cb97aafb380,602
43532c60e3aa73702d743fcd857866f3a6db4d3b,675
435fd6f1b70b89d8b6a21b6d67964df0e437957d,21
4366fe16723c785310ebf5819a5692a335cbbccc,677
4369d552d4ab307167a582d62088988b51adb99b,76
436a03c1ac7473886f8a3088cce231db86fd44c3,482
436a873625d38266f4b3551f329395de2bb41397,375
4371a8b8871800b21ab64de2cd146048431721cd,17
4371afc0a331ad22ddb40b4ad127ddc286629e6f,133
4371e27c6c2cb34d12d40c317d3e5db05cb7534e,379
4372a07397f715349d3d09b2a12a08f2915646a5,539
43775ee9924889f5b93934280695fc82a80f6929,470
437a2eff81da68e0593ec9b7942164d4203ea7be,46
437c080f434684166cd11be432107f794313628d,552
437c43532ac6de878b96700cc49cb08663f903ba,67
43802c6e1a3d3a9d57e3d97eb22cdf26d66aeef6,139
4381d37f54a350dd0dbd696de4d267326a398dbc,70
4388c479e75050af07bd23b076e4698be5d78ec5,21
43987eead671d72d1999ff6cd7daacc9a63ec029,676
439ad264128ab9586ae0dc885de53ad33d66589d,750
43a33f1883260162b5a3b4689d3dab2bcc058b6b,709
43a37188645bfc0ff175c03f294a9753f9b163dd,518
43a5fa3d85f04f99ab65567980c6acb189ee653d,209
43a7f267dc67914dcbc32656ae8f0f496ada9283,717
43a9012d40bd86739b950f92bfd2629dbd0637d9,354
43aa256011eee57717f56645514b7ba279b568d2,655
43b07936f22ab0b4c58f7274aec9322aab1b0f4a,580
43b602b9376dc6256f008875d4aa167b1e4d3388,309
43b60bc2aa14faf6ce9077266c88a48eea8e9736,510
43b856093c4c3d9a0e2bae90495c174b0500edcd,27
43c2a579bf85b5e73d33990f7c60b17748800d55,471
43c41c6ccd37ef9c27f420706a10678e670014f1,557
43d35febb51dc2a6df561a1ed1ee808d612d466e,335
43d444d244272c4d028a037e4765e196bcffbb8f,118
43d745dcb39a54e422c6b9d9cebf703963e58944,491
43df320b8ab582985320b87455f829f911ea6f86,366
43e2b19212ea01e742ff8d549953613cde2a8687,677
43e76b8c1fc86f5f49f4f8061312cb5feb282803,282
43e791b8c64eebfd71695e64bdfc7f3339d5f060,713
43ed3ede83dbbfae0f9eb62e04b00784c988b6a1,202
43f3958018b6fe4c45af711126b8d48242f58e2a,101
43f4623fe6261e23689a8eaa63de569d9f16c63d,436
43f97cd686848ffd0dafe23e59ebb5adbf6e122f,21
43fc2b9260f566da2d159b59744949f965c3dcda,435
44066781f5ce5eaab4b50f0cc931ced0b3e8270c,473
4406e38d3d31ddd27efccba3262de3bf1de37ffe,599
440848a77c7fd20dbc523d1f5f9e4ed931335704,202
440c61865441adcfa61138673b6c6e0d9120e26d,344
440f88c0c697d0e05beb78ae908649cd2cc978ea,128
44131cbb467e022434658c6579e93fb347663f53,236
4418c0816cb5614f41deaeec370bb47094c55ff5,442
441a927eaca28d2b9ab83bfca382282371a3a804,576
441d9c29fe8c9e237a852dc2d3d08b603158fbe8,441
441dc81b2fcb51db13369c271556a08a0e88d5ab,717
4420cff678e77ed6aedd967012cb90534dc55203,681
442267080b0900f33004af1314529784be9baac4,128
4423568a1c5edc1129218687882951d2b17fa9b2,220
44288c0d54486d00193c97d02845bdf77f2a02ab,552
4430751d1165b2e150c9c1ffe5c655cb1f6bf945,67
44336c73f3ef70867b5d2e6f1b24f6ff0736addf,552
443c2ae3baf676cb82b1298f9fb0a49c8b2f39a3,460
444312e69383f2bf60e435cc587c2f622116d257,473
444973313383f1fc43fc3a279bbb435cde0657ed,539
444bf5347bb4aa367a5fc45f25193ba373afb6d6,308
444e0a20b836b00499f2987203c19b61adef5247,441
44523ad5e244265cb799dbcb9828ef8ca409524e,202
4456b58180da27ebb0d806398cf40ee67699e95b,482
446cb1fe65d876ff5aed8722cb7e1d9de3ed1575,482
446d3d9b361fb92628253a2eb6a4e7fcee0fbf7b,135
4484b2b7aa1ef55ab3dafd92d5f136e274b21187,441
4484ba2c46e85dc027875f81e4d8125b97ae5eb4,409
449223e7a9f9591f687df4ab8639ac50b67e5882,717
44940fee85724b9986ba7e87beb41ee25569fd3a,13
44a63fdcb476eaafca27ebd31edb577e63ce6f31,552
44ab490a8481b603864be7d2e4d57edc83e830ae,21
44ac3a85737415929cc522c3870a91f2422553d9,603
44b46d89ce750260ad7197df26f4387669a5d25e,82
44b47ab29605d05fa215fdd403d3fc39c6be2d45,634
44b87f91eb2508d135ff5af513a8fb1b447c756b,333
44b980f5b32b8771b529bda0fe638e4a41af962c,604
44ba8f7180813fb817a6ce19a670e9c5107e8671,447
44c0a7d567014d8acdfaaffd80e11d1c9aeb577a,552
44c19c282c1b16ad2461fb6d3af53d927caaaa20,85
44c22c5159bc14cb8ffd8623faa6ef862f23ed63,655
44c5e357b13ac924ddb90be6aa2ca64632cc3597,48
44c7cab3538e8e343366edd96a9e85eaaaac8a9d,161
44c854b1dc5ca0867600f9f33280b7d5eb61b49f,452
44d15747a798f394433005241989f176f0fed298,652
44d16287ba00d6c7d206ab5a8ca199f8fc9bce4e,562
44d1acb58d5a2fe3aaaf79d58c1fb714cff69946,202
44df19fe42e72a41a858dbdad8d35ea7f48ce96d,27
44e1585e235ee743a15ab1fc2a70a7c5a92f8c71,554
44e5fe2e2349a84d6370b8691106dc8eec7d52b7,90
44e6ca42494af6d787a7fe2ea9adaed610bf8ec6,308
44ea852f2589def20702a5cdeba06a824f66bcc3,87
44ec049889b69858f95002a69f6127df8b1b71b4,638
44ec2b3a79fd3c0a84301205dbcc11cb70ada9e3,202
44edd4266d3f52364f80dd7ab9d6f041e5bfa9bb,720
44fb97a069a6551675355bd8214f9e3dc62dc2ee,654
4500ef6b595ac6138303b55aecfa59dd98f41860,153
45024fc1f55cec1d281a18b07f7579653bf7b044,97
45050615df73f925dbd1e38431d9cf6978a657e5,314
4507fa100fcfa82a2d9e0e06a9a5572e312c15d1,202
45091ca1f087d59e31d801a2a1513c70d3c4a8ef,473
4513761db5b9a4c4ab423089c76f7722087e0457,21
45148a8197431559e0855c5e02fe3e875457fc56,193
451effffb1c85b0547b54c6ac26d5d9381eedc91,775
45216643e6173cd7aeabfc266e0b56422fe5c60d,389
452299b5dad5918ffba8aef80c8010da7eac2795,631
45239f7d1c0653b8e17f49f3c05a8edcbcf4ea76,554
4524032596e55eb489247dcd190d5780f139df9e,46
45254089f32bbd9355ddb45ca91a4940a655a361,688
45268fc9ed3739df230fec39a515f4f6a0c46b20,620
4529df15153caf92390f9df30edc275698d4f2c6,709
452d2575e32d2cf22546d538f2a155afc4125b92,77
452fa4a4bba7fdade69f6b4262eaa060b59cfec4,735
453303ca801deafbeb1da4b85cde596e7ec1ae5f,550
4534a84cf39f9e60e4ae49123003c8fea78aabaf,21
4534e17c2c9234c67d309c9e69c8fadee95932e2,202
45378e194c7d901bce1e9cd4ba31f86b70578be9,152
4549dc6d6e76d9afb2fe3c1b68883154ea147c63,496
454eb5009d9a07a7aa709177a4ec0c3e33898868,675
45507462ae4958d28451db13087423d9135b1407,482
4550ea26e7805a643609a46f06fdad573e7cedc3,79
4559223f88aabfb91533fc6c5ba9dd9718c09d6b,49
455ffeffe3a0a37ab3103e1944485aab27551a12,574
4563cb42796c16b0174161f9c1f6109a3017478a,128
45642b5c33336b4898dc94c33b8b8c7093edab59,567
456f03c5aa8913408a332148b55d556de9db6258,250
45706045f5d20fdaa5f43832d1b99c1b1554df79,749
4570faaaa1a44d0a8209176a4c2d8cd0c7e36b10,517
4571d55e41a4371d2c6b950e9dc7f0f6790e5906,635
457544d830640937ac0f7cf84c304d7fbfcd83aa,360
4577df772f342069f74eb6d71d088bb86ca67ad7,688
457a7cf03b2fe881e05b3ede37f40a80509a69a3,435
457aae3d52945baeb9d12efc53e9f84a5f42f56f,161
45802f7e3788174779b12f3885f1d7df64753d7e,496
45813add52b05525158d74a95662a4fd3e8090be,436
4582282a826d800a31b9fdb486ec45cc6dbae2fc,21
4583805b8f6308e288eb19078ee6778076c14f3a,202
45858b792d976d1295b027c29a51f390dbaf45ec,45
458ab6fe93b5e5105fe8da822022efd496514885,466
459560f294ddc927de64fc951caf0a6164a92cc2,425
45989f857df53b56c43c48a92ad9f165dc80f831,564
45a03e928a679c12bcfff7db13d777d16e5891fb,21
45a0677c743978314bbbdcae315217b3b178bdca,685
45a3efbd923eee2d4a2a65c16b94cdf798ac0f12,35
45a7341e4c38c105ca1dab225aa49ba24e50b1fd,195
45a98179d1d033edbd46a7edc2995f88d1ec3ceb,107
45a9e2d8457ab4ffa2fe4a56bad32a8f566b698c,100
45aa109b42b2280f4d50abedd4792a5675444198,96
45b33d2b9e3b15f32bc7d5d737e84957d621154a,717
45b3c62d70756c15f96ceca0b1b93b71a59a1862,17
45b4b9e1af5f92dc6f8f66a2a70f1bd8cf8cbb92,677
45be4156726995bc49f4f74a07816fc023e9ab42,251
45c0dae77b14a604aa14eb2bf37c61fb008bc1f3,171
45c17a22ccdf5b2a0e0a78dd22fb9ce076173db4,139
45ca426f55f5e0ab089f2aae737bc8fe6e6839aa,650
45cd577282b726f73ad7f02530c583f05db6a2ad,209
45cf6a47529e5a253346fe42957298d1f1b2e59d,552
45cfb1df0a0db94341266d0419814279140d9516,88
45d4f1a1a48846913e5b1278b621c2a617b38771,202
45d673e37c63ba3fc2d99197641b96e1807ba465,152
45dcab0482a84365415fe1dcfd4f41df7be2a1b3,42
45e2c0fd54802f0744986d86a04b8dc39af773e5,209
45e517101eb16f9aaa4a1108a3eda41a35323610,202
45e7a135fe48f736e275e8f24b61d65b8262fb9a,11
45ef38a975c67cb6b4ce1de95e50a7f1f1cb181d,202
45f123b6096024e719b5581e8be7f829c162d56c,6
45f3feb14d8abfb5fd8710341c9c5b15c0c82af2,761
45f6f0049ef31922d4af58468f320805cf44e708,603
45f8a3589febd0e08f470a6dfb374b0dd994aa16,202
45fa52741f210701c1f53d75289f91056493ccc7,771
45fb5c87e37fcf6dedcc424d75caa216f70807ef,492
45fdfc29f888ee79674fbc1d43d8651dbfcb66b7,496
4603c8eb582767dd7b496aa209c1d0ac38a2a23a,646
46068911d4d3190b47ccb0545f1aa15d1a2d2d73,21
460edc480cf82f0a4db17d2382a6480227a6a835,482
461300a9b4c9e5e5e10b54efb5379fe1bb5a5e8b,379
46149da2c263016d81e577f02bab33bebfaa5dee,559
461bb1742bf085f84b0f95d42c31b0339bf41a8b,585
461d2d3336eb24997f26c8c578e68c37dc9644d0,621
461d57e3165a481ddd8b2a758b7a3f2d4fcaa1c0,344
461db0c3f5849ec9369a630901fa854f95cd95ef,560
461f78dc3e5df57a1d74a0d1a51072a2afe06a93,510
462c55783c057c580eba0765f721b5a02bf0cc2a,21
463201c9b47cca36cbca8b3a47fb579cfe785a8e,327
463444e84bb427f62815a2e6afc8fda802450415,21
46370387e820aefef1ac9705ce13390ff5fb4cd7,657
463ade9e0385a89f30c0cb4395f34f6682247953,688
464224ca5053cc7d9eb0a91434bae6c37224ceec,257
4643f543cfaedd6f1933bd163cb284bb83d5838e,76
464781c18c357a7cf3282e1600349ddc7eee3270,82
4649a125af7e6b12d082183c1384c91ee8e7be1e,552
4651dfb85ec5031bce21a417c24d6e483df659c8,634
46565b09005893c479ce10ea7402790e608140d9,500
46581a4225d981764b1db0557df3f10219e97547,87
4658d0b6177f86f2cdd7a514b78953c06e4e51d4,389
4659f09a6d7db82c5d0e1cb15a6876afdb2294c9,567
465a9deeef1f40d57c042ad7e0b0a5bb3642992d,580
465aa4f6e88217534483e75185b43dae5ccc94cb,379
465b5ea67f35d85f52670fb35cb1bc1ed546ab44,96
4664d5959648965eaaa426e9cb8cbf08a59b2372,281
4666292e85e8222a69fa4ae86f3d6b6814ad3a6f,76
466a83b90aa21606e4cc2c623dc9506798af21b7,35
466b923f053d76a6452aa1b2428073f308d58eae,327
46738206f552b6f7bde744733ac5318f92eb5de8,513
467446768f69cc30346a5d74c528d43bcf687860,158
467759b2b6ea85e62bb32fb3388a643acd70d2b0,78
4678df2978fd54a3b2ac816df8b438df7ba3f860,544
469082a981f866dfafa22c4867c43d04a8565b77,314
4693322e1d11d8e3474e861a0755ca65d01586fd,102
46936f7a174f60a4006c07573f750ac47c3599d3,45
4693cf195a8ce6d175efb1a4af169b1156cc3de5,251
4695ccec318b44ea662f49d2344008d035675942,510
4695dd7132d5652b028fb465714399e64c17cd9b,648
4696840968c0d030156c3900736416d997b06ec2,21
4697727aec1cff0b6ee1a36b03035d4e51d0e94b,758
4697985e3096a5cd7b75907066d0f621bf7bda6e,389
46a2b7c5b9972083a9afd1ac4e2e03263b778f7e,473
46a490e7f0ef6f87f0bd8300d30e8d4cae24ee1e,677
46ab2ac912d3bddbcb77b4091a7f7b7a91ab5b6c,220
46b0d679695100002235bd53795ed2c3c8a58ba2,21
46b481775fddac5730ed2350e871531a2d5604b8,544
46b5b541ae693ac8952566335584c2e9c71a669d,587
46be4ec677e90c48d5d843d3d34015779fc64e8c,470
46bf2291d0db9ba957ee0442479b5ed35cb700d2,68
46bff167845315c27bc1b708d618bc6d9defa9d0,21
46c22bccdcabfc1d75901020951023398d49b0c0,202
46c2d2a4ae5a396522ff1201643d526236871cf3,137
46c377648cdc888b51358d974d71b0ac45ba7c62,265
46c943c0e56f959d0604e9ef4f7b881c00226872,586
46cc82e06ff516f917234a352832d5499fb82da1,686
46d0eb1469583cbb4233f657d450cd4669d47807,168
46d32903588c6f4c0f391b411e453ad102712589,441
46d3763eb06452bb0e67f3dbe41f07a62b98c15b,332
46d559152eb82d5a29b04364a0759008c8930f01,161
46d67c863d316d26ef3668bb5ce671bad61ff125,128
46dc1499f79ee571f9e8a6406e0cefc388b959ce,482
46dd64a2efa9fecda89aa2e21f5d6922ae5d329f,566
46e407658ddc53992284dd31e7d31dd1b0942a94,688
46e526a180a207b7bc386dd3120440ea747908ae,552
46e5b50f2bfd4b119da072982b0633ba5ef778c2,758
46eb8d2094277b80d8d5d9bd0db35fb3eff0a580,677
46ebd366dacbfd1117396d081782da3089f86b2e,703
46ecdc48f6544d38d7acc1b3222c53122bcb552d,118
46ed9ef74370470f0d26be0dc848aa7e9a342fed,409
46ee0ab2e83058cab6f9c9f6ed7d684947af7fb8,129
46eef79fbb0928c446d802946d2df684a486e0d9,394
46f09ddd22fe794d8e15a68ed4878371bd3fb2c9,552
46f0ac10b263944cbf79aece3bd862f0ef7dbefb,498
46f913f80ea0d50cabd44567976f1964be052c34,90
46fa71fefcebb53233fe61a8592346bfb914109d,168
46fb1fdffaed126943363002cf7ba8212ed09377,21
46fc492e4319c3ff9b13e9c1abab9d8eba56a4e5,257
47004e253d65fe37b61a01dc7b280da14dd3e6a6,4
4700fc8f6cb3359cbbeb5a1268f1a264d4202b19,664
470417777eca9cf390dca7a85059018ab3a6fa46,575
470976dffff652087b30c4972981edbafe833dbd,552
470e38e2eea8030875954e339ecc5ca021a81d05,120
470fbc0b76a69f641fa5b86f48c8f26b09afb3ac,646
4715ea8b1003d5ea3356a0e6e0dd28b3ef1f5345,679
4717cce1bbf7e2bf54ffcee02513c3a173a4450c,252
4719570544f456ca2df4040b956fb59128de234f,650
471b77222d5ffbbf16277fe3c7a0a7f9102cde8d,566
471e8044c0f7e518184df39a412109f49b7fff0d,35
472100e61ce78e6e0c4fc788edac2a88167aed87,646
4727ba3f972f40dcddd8adf0734914eafd5ab5ca,59
4728805e2cc23b311e142e16b03acb7cb11dc567,47
472bd76b4fccc8942ce3a43c5bb197603d47f694,780
472c547a9e414361daccfc197a1426cf1655f5e7,21
472da1f99f238a70e34ac4b1f9b9e04f8c709f5a,21
4734050df1fe3a960d6e74d88a5f0d8284303ac7,473
47346fd141676637043300d7e0553e87bf8f66a4,500
47381b53f1ba95d2a8cee132f03e3f027b87f75e,79
473ae0a812f4336fb6db59b877231f68770398c2,532
473d77a2afb92089588ac6d0ae2ee114f193435b,59
473dbfb7fa7fa9259adfead417f509ca3b59740a,47
473e22ab2bfbb1c5475cb18455c7d144be7c2603,606
4743784ee85dbe26d45279745150cc05b03a4ff1,496
4749610d803611fc7af1916a61a9619299ce5d17,243
474fd8951fd8d330495d465e11ea7d718d335ae0,331
4757494b86256f18d7b597c91d41ef9c96c56f46,441
4758940d497b49a8d8a595099f495cff79f75219,82
475b34e720f0848593b279f91a803a8e6fd062f8,13
475caf84ae08db3081f1bce7f58fb3432b93673a,608
475fa9bc39a67edbb95ead6084d50ca824de0ce7,243
476166c704c1ccb95d4fd60cc8c5472484a80ad9,408
4762aee9bb4b4d0b39712b837823f7605da2fa51,21
476c19f9fad94499140b05ad9eb8f9a268c1537d,309
476ee5ae9709110784a76724b2f698141769b4c6,390
477046940ac1f27b3335fa489814a6fccbe3f063,73
477135daab45429dece35aa40388c7aefd4ac8c2,663
4772a37c977a043e70b81c2dca133a2105961800,379
478ad7d0676353e2ba3e2d6c53e2dd232375bcbf,690
478cec0ee6f9da5883a844ead6df585626283d65,148
478e67f1153edd489c942a6835a03993b6471bb7,393
478f5bf9e69f441a10ba8f1bf47fb6b4319e2327,655
479500533a2e659dc420c4c5129e3c53d5678949,559
479abc68384b56cf0cf5a2f173aa941a6e96470c,553
479e9ee79b8fbfd6d5fefb345817ece3eb0c0f53,512
47a37ea261d9a54a89da22ce7ee18373764e63f5,709
47add06e54738a925ff8b6197b87d994d01fb64b,133
47b1004cf5dc3a3f8952574c87f8ea8e5652fd51,620
47b3743296811e6fb31b546d2dd7ee516b86bf1a,482
47bbf549e2ac9e4775193dfbb90ce0f43a46cffd,85
47bdb2a55e282abda99f968d00e67cab86ababe0,566
47bee0565b8083702b2d5e28a3fdf066f22538a7,512
47c29d2dcaed987aed3fe85cb667b797c980c1df,78
47c2facff828d1bac808ff55a724c7325fd0ca5d,119
47c63d3927d8efbf5ef6efdb2ff60676c1c3ded1,81
47ca9d8c3af0a6b184f73f6a0d67e9901e2c400f,92
47d01e563f3e1f49170aa32f51265e9c2d4ddeec,70
47d2abd190642fb6542e1a8b9cc003e3306c0d84,379
47d7f6318e2afa5245c1157d49eab5523834b503,280
47da4d458bb6e13efd27c2b1b12ba14123102dfd,401
47f92861bf7136f244301162a1631f4bd6f3a6ca,161
47fd024a9c7e422fdd6a46a674b9ba7aa0b1cf31,700
481091adf606478abd26c82667b25aaa950dd7c8,163
48109a42a2b691d4e9a0ea49a36c319e862814e0,149
4812bb9c4daba8d589cc256c18313f8ba6c00a51,45
4818f8d4b86cd7410b939b0d29b76d9109cef10f,160
4819a6f4b9dd54a13bb3af586036af609ccf34d6,21
481fcaca9926f31a52caec8f7d37bc731af63ab6,27
48265ecc13a09486b31c11f57337f0e227a38df1,314
4827921d70837fa96530f37ecbad772e3148ee8d,717
48288ce2ba82b74c8ac3f9a503a57c6d46aab7da,237
482d4501ed5a82e0e825a856906abc29b87dda6b,677
4836bdb5fd5455c38c41835067d5258e2dfc6541,202
483b315147df4a78f92b157685dd3051213f54d3,17
483b8ebc7d9893d7f0c5796f3a6a58fe1d435350,67
48427c26250351f05338796db66689364b9d486b,128
4846b7b84b6a3129f76499af9ff8cfc7bb68300f,638
484970319aaef22326ba0e1954ae1cbe82139eb9,82
484a53256d431e2f76695128089101cfced670ad,161
484af690d1451757a31b4422cd507a3b46dbae4e,82
484b5a926c7e04831d1d800a045fa4474e88b050,712
484c9a265b91a5c57239417dedf1e89dba217bd6,73
48551a8230866782e1c1012a62de84fba110165f,202
4858016ec0590476f5fb6262881325fb95b1619e,539
485aa894632204d6a6bcd394fa3f4f5cf7e4d9a5,168
4863461ed0e1c6add8b5265eb9470cac166e8b59,510
4863747abba152565ceeb5ec27b212049a8a8702,273
4864275b9a6247ccadd1eb2c635ad529c237755b,78
486ed8e2aecd4f39ed4604dec6dfc2e3faedc53e,611
48780de99a3b8c99f6ad8fd16c2f0937a3807f14,677
487ac1c7a5f034101de96575c0fa90ffc3f602f0,591
4888c024c6ef6d3cd024a53cc7952723866b26d6,585
488ebd87e55983bd210126440a5fb88677008e6c,720
488f59ae3e8d47174efccb903b58fb497e3d92b7,565
4893be9dd36b7cc0bf3001f34257b0384f53616a,59
4894b9f94dbed7277e26aded691ddbbe65cb3fbf,379
489e43d8c3b18b5485a2e33858fe421ded3cf16f,634
48a225026760a553c5993c8aca95f7c05544d20c,21
48af3aa0dbfce72eb15a5d4929145848ed3ac6a3,162
48b13231d460c3790c347bf20277c457c8a8ebba,179
48b1efdfe5a78799e1b77c1ecf7e92deacbc6652,470
48b2e338931f8ecfe3e40b3f73e9ae1c465f3f66,405
48b53362f9841930681045c635cb2802401e776a,87
48bada30449b156fc16200d64d224c33747d16ad,21
48bca0146a5edb6ab6d14c982c7d8452c654d6da,709
48c3a72e23a2e8d490e24da14108eac04dff659d,535
48c41afc83dd3873fb7c2c87881866d8ecd9ec2c,491
48c9fcd22807438ee057c33134dd44ab7b9e0aca,535
48e6dded98965834148dbe1ce86c1356b78fd78b,210
48edb8f73aaa52afb1fcf49fccf4c4b529dd7d7b,743
48efaa2641832d3ab21e588c308542bad425d029,144
48f2e32c800370e158746f092131d58862a297f3,48
48f42132c16749d42ea9622c5eb33501e2182525,603
4900640ec3c75006e198c1de5dfc9b5c50c38a3c,241
49189f1a75710f8f00db7ec3257cded73132d437,21
49193a5f5591090882faa4946fa6996f7c83ecef,21
491ae01fe519431731db298b400cbf29a6c4ff45,494
491d935c31a94509a64df4f198ff0cb009ecfbd2,518
491ff8b51f77015268e7387a01d3787564e4d8ea,137
4920fb45534fb888525b3b355d149f32357ba7d0,443
49268da63231081d665309c7e7b28fe68cceadcf,21
4928a27250b396219f84e3c8ce8808faccff184f,603
492b064f7d664e3aef0b9cd717fb9bbe204783af,217
492caf38a51b6fd450828af190d130759a585825,316
49390cb349e81eaab0b7fed3ca75396db17ef2c7,128
4939c503554a8598ee34f178ee1e34d894a5f9bf,113
493c7e3672eb6aa827f9ccfff031d44446d1f2ef,677
494007df9fe2319a87865b48f04ce0bc583b085e,320
494a0e4506be2b73b9cf9e51d13c52b179adbc51,58
494da1495f941d612eacfe8a34ca9a0cafb9983b,202
494ed5f361f1f5c48062a219bbe3a2d995cdf437,458
4957b903c6c5863a2f8c843de93718719f5b4d47,544
4966f531466a3e129a237763583b872a6e57cc2b,539
496b05d6b84779afec2ec2d125bd1abc3f2638e5,332
496e940ab0d7cff76f50164fc865c410d7977ea7,487
49704644fff10a26a853071279671ceb6cd7b598,109
4973c734acfdb81eb448541f653f8864fbb09527,368
4975e92a9e2ac1c4943fff8f8805b0c69b2e8b0f,676
4977c09294592cb7083dec483da0dd12cb532324,677
49780031e997176cc8de408deb88061ec5448d8b,583
49805d52c765da51b717910812c9924c600537f6,568
4986196cc9a408c50c30564102ae5b2abfcf30ec,202
4986d1474a99d81c41b8d03abd395ae241fcbb0d,120
4988f5abe5fb2d1e0a24bb5749551e78c624c88b,237
498a3c5c4b1475adb1ad980e1a08e8053b76e46c,241
498e5c37bb187372f1a33c64147e83d597feaab8,621
49925dbd97bcca91c27ab1e729a60b9fcd283124,35
49928a7121e819e548aa7f5ce3aceae1aec3f05c,544
49947600cc2ac39c6af60f6085d711f99a33885f,120
49968c7176e31e0a54a5f1d359ad309b235d164d,202
499e28dea1df5e2c4eba7a6b5dea3469496df950,170
49a6f468cf237e5058bbc295fbd66deaa36d25cc,552
49a82feef33e5dbfdd124cea01227132146ae902,277
49ac5d5c72ef9022807d58592d3f5d30f25a4e93,698
49b543782d4a948ca6ff8ca10a39d1b50dc13600,120
49b64ead668f58a03896a0a60f28fc20cad60e91,585
49b9f6ff4196db3b0545939e78f733b75bab03ec,482
49bd64c9b194ba703eed1b656cff95ba03a0680c,228
49bf9e2874712c0cb6d39df9e3e07f4beea76829,482
49c1bdfdde81d5ecd636e064d45a4870e1c7cdfb,59
49c3c7d7e5d6b0c74b33ff3c911548e77019b79f,498
49ca1bcd4f1411c8d17ad2e8590d3403b82b02f7,379
49caac57d7f034950359a0d7ae1c7c00c912119d,202
49cbda5ec1cac4e95321ed6906a61abd3c316f21,720
49cdd0c7665abfcc2dedb01f014fbc990bdfa613,677
49d5176e0c5fbedd534946ef895164990fdcebc1,482
49d5b11eaf8b6f77664f613a27233093dcc79d64,168
49d6571cbf8deac6614dd10f7a729ab768d1b948,713
49db663767ddb7c1b24f6114b79900f6377a2a88,597
49db7147cb06ea8f4904d6fbdbdfb8a7202ba16a,168
49dbf389a400a71569e040324ead5d1549555971,56
49deb4ee7537e76a6c185e2577d9f4530c0cee30,677
49e5a909efc0201f2971e792822ab7cbdf277107,179
49faa50d6aaf586ed142b48c155c9d5fcf529546,82
49fbd2fa72eafedb5046e207bca552aac77837c0,677
49fc7d5e0c4065f6d6e29a64b6cafdc7ee2ecd81,728
4a00709689ec18fe0bf0e32671fbe414d3a284ea,585
4a0518cda5360f9d5549a6af323d9f80556ce2b8,675
4a0523ff3a4fe27c4b3ef996a9735ceebb6069ec,21
4a085f40d6e3aa7aaf4ccbf6b0ef25c7494d64c4,677
4a0c52088da8116ed879372cae9dc66b7a2637ee,655
4a13cd1983e3bb09a3fa8591491d46e8d3613aea,265
4a13e49fc680cbdc8c038d229e337bd280948908,675
4a140c0d69f40f10ddcb58e3560dc25157308153,390
4a1f2771d38e50bd5682c1c621b11910536d2cfb,525
4a1f8ff8a2230e5e45dd1c160432ffa890cd7619,443
4a2202efe03848746eff774ecb394511f2af4a91,436
4a24b6fd1e892933095d8760c6db1a4a8e9541b7,281
4a2d00171675a3cc5e5d244058c8c3b8b5910881,553
4a2d91ec1b1b13f108124354a99a0bea44a3d5ff,100
4a2f47aea7251de90e20de1bd5a31ca552b48143,535
4a320e6208fa9c05c45665180cf3569c4b5f9b68,749
4a3a02f8aa8ead7447dfa67e36f8f1c65864060b,199
4a41710a9a7337a3f7488b3747f0725a78aac302,128
4a4391604bb48417b5caca96bc180d4b043e390e,169
4a45b1df4e7586ce7687e27fe358d9775f656427,202
4a4a7cb2cf95f99fd35d3ad66073063cea04dbba,119
4a522a09b7dc1ddf9f2ab3696a60435ce3801cc3,59
4a568b720dc43993e1cafb72967998a3b553c42e,134
4a56e249e0a31590e351a782ead7eda82d96e300,332
4a5972e9591611399c1fd7a98485834b17980c69,515
4a5e4aad673e524405eeeac8cd5e5b75dfb8ee22,351
4a5f189efa6ea3ef93f3a5ceedb70a1067b5fcbc,122
4a640782c23152fb6bf34cd1b0b069c6b11b0682,48
4a6a7bda2d7b3358c5f4da46a04c182e549f92f5,164
4a6eff61fadd8cf4a0c91d16df60049c6111060f,202
4a6f332faed6fb6bfa0e539ff2359892545bc732,657
4a75d5a710dd7c69c1409488440713c44409b9a0,491
4a765efc208bb2f5c5307da6f0d8663f7ea5ed84,133
4a77b775fd334dd3fefdc5b5c33581e92c229253,17
4a838206a79239bd3e284b1a81d4d0822fc6b7b0,396
4a83bbbf35aac42f23e13a4ad0081e993da46712,217
4a8c8afbabaa2bdede79d74239c157df59ecbfff,330
4a8f5e5790829b43bd4c9ea9f82b868c547aab7c,356
4a92c91293e086a9a83ef642ec7dd4a6592de6b9,179
4a93ab038ab23359f4c91f6a801912d1a4b5bcae,277
4a97391d8842feeedb5cd192315677a371b01bcb,436
4a97a14f261a9ea1f352c6c2b6a7ad281fbc47ba,175
4a97bedbac34f968296be881ac0740239b171669,21
4aa024f1a5a511e7e3c6c3846fc3f650bd78ad9d,351
4aa041656341736925e799401bb5fcbe8695ee04,680
4aa0e0e08b4802e08f7324bfea98ea36c198f39e,635
4aae6a61655b3d1e3d717f088750c4b25bec251d,441
4ab931c6da7fb61b08602a4798dfaa1daff09d87,441
4abd49067b24255b84c465e5d9bf5578ac20e282,726
4abe44878daedf3d31b4bcf7dfcce62e0c8be989,620
4ad1e608f3cbc412118f70d95367786c19dac25a,677
4ad6477b62086e7a34eb167256f24d5859f580ae,48
4adca59c02187ad2b651df0815afb8f66429dee6,690
4ae471875a2ff4ef1cbc958962846c36dbb9afd3,681
4ae6b07016f6deb5cfe7886ca320eadbbb69b2c4,13
4aefe2f65672b9850f96dd3917e4bcfe5aca9a70,168
4af3be54294a8cbaab64aa88613348b2ffc92b69,675
4af432eac438519188abca47eef4c2011c9f4a11,482
4af75e2c90eb5b5f3243b8c4faf2d9e18448fe1a,202
4af7cad7e3dfb86a7fc5a94b1174d0712e36f95b,512
4afd3ef22e0c3aa715973ded50d9aef38b4874e6,495
4b024a4105330528b4d07b1ad000b3d629a9641c,295
4b0bcc51a27ab0c8de58453f5be39033daa5fbd3,413
4b0c2b2ebdff8e764030bd1bf9308cfbd7d54675,456
4b0db0e9070c2375fb44af968c478a4c639d7982,21
4b117b61d486f3eb2f2dee009918a1e6a47f7b0a,202
4b15e373242ca1f170dbe5cbc6c987302fbe4a0f,452
4b1a92d257cb1afaa2af7c295b56e7206d1fdc3a,219
4b1bea9998bfbf11d3e9169ea6203113f6c3e5d8,677
4b22af1f74d2a419bc8625264bf0c2a492b63fb4,49
4b2cb8f1e68dd3a38379c2af0278487357778515,676
4b322a910c6943c7c052aef2d8cd6ae0248ed01d,67
4b3963384a69abefea96c49341bb885eea32632b,351
4b470bb62d1b82cda5a8164d103c361a9656d4b4,547
4b4986aae1247e7b05460960ee372a59c61e2869,655
4b4a3d6dcc9b38425800ced9caad60df19b9445f,179
4b53f702ab507c32869d2786051815aa121c90b2,688
4b546cc3e966ee552ad0ea1590c1558d9cc999a9,622
4b56700e79a6fcec9d1e3f4966d6aaa9d023468a,332
4b5c7c01bc2432d808c95f403429eb346e455159,193
4b5f9fb68752a2605a5b1aa3af960f99eda90fe3,217
4b6f0fe87a0a142b79b82134811ed66308eae464,503
4b708292c7f317652aea00155ea0a4cea29503a8,59
4b74613344a6b6fec825c3692149a4bcead21d4a,604
4b7939526c365e5ec2e46fb15ac346f7eb3cca92,509
4b7bab9a9c4e7f64cbc82beea7147bdb93e14387,679
4b7efeb2f6359b08d06607ba6be58cfd7a3d7bb3,513
4b7f2475be95025606860a96e08ab3c8e3039596,482
4b8388166aea12423109766684529d653e66f0c3,21
4b8875dbdcad3455a33704dfc18a795fb89ba5be,683
4b8e7ca6e5e603519712ae0cf97a85c7c28754ae,146
4b96178bc529219be3434ad835d0db2b4738bc05,482
4ba28373d3b3c2a50b82336a7c16bf914ae75445,314
4ba3f13ca29013fdfed1aef66de4dfa9f20e3a2f,139
4ba5a70642a040f1eed86519e697c8b5d22a2c5d,384
4ba6dd8884b924c4d5b9df4c81e736648a0eeba4,21
4ba8a415049e4955fab05e1c54761a35398f063c,45
4bac8bb2966b7b591ea0f9805b285096338fda4d,533
4baeedcc8436975fce5ce9eb0e6cf7ec07e7e3e3,331
4bafbd119fe0fa28700af41ee9c3b6a66a79783a,90
4bbbf01d920f5a354db4fddc64f2551a49a0d2f3,657
4bc11aa9ecc4887619ded95d1f677a3e775a679e,320
4bc4beb18f05ba57816e5171a28313c63ce51b0e,202
4bc7aa2de05da33fa662089a80fc47dc9aa2dd2f,657
4bc83b15f3421de5e74a6bd495dcab86379dfc22,573
4bd195cee0f980dba001ea06fff13aded562e683,21
4bd9265439291ac1dc0717fbf3b18b393ed2f233,655
4bdb758af324325f7996f4c381ee264c5337cd9b,482
4bdcd2cc17a7287314e94cd43daabd4a0decc074,655
4be6aa8ce64058a71d1127a33528329d5695aba1,202
4be9920670aa0af944a676e0eda9d1be668e3bef,518
4bef8ca9923d0c6512a09f2ad6e422396643083f,202
4bf18016dc15850b5ce6b9e93f51d6180b2fa796,675
4bf2513e0c6d2accc16228e565a058b50c9eef08,127
4bf2a1e3c060e75ed25de7970b7955d67854da74,172
4bf865d2a74261c7d116ba49e5451a70a2edb52a,30
4c0516577e345d45ca1ce374f5768baf0d8f1ee6,45
4c0bf151eeb150e5656ad82140c451fea852e1ee,21
4c19905480ecb2102ffe4387f0bedb27432644f8,202
4c1fb0f6ccca0cd41f96fc0f92e9ccb64956546f,477
4c2836951fc0682fd3608001a980c0cb1001f818,226
4c2a54cf489d33efa5f7d3b84cec3aadead08eb8,513
4c2cd325ecafc5d6012813b01b955e927b9ad5b0,606
4c2d6a6ec82f763f880bfffd133b38ae29e23d59,703
4c2f9440f5992689bc3ba2f52034938c59b338c2,692
4c32fbc22518b441e615335a4cefbea114972403,96
4c366712918d15888b879f62424e61ea98c5b500,108
4c3aab70ff234fd79e3515791c297d16ca4475b0,21
4c3de71e3c705689896b41968cb0b87496a64a00,202
4c3f1bcac09f50427dc59ad27d0f18e239c2f69d,281
4c425490e8cf9b51ba0bb2964abb478d416ab8c0,239
4c4a51fe01d85d6f71a64747eec0d9952b68a940,49
4c4e5497d7eb46da7d8a55b50db8894e2d3ec818,67
4c4ebaa5ac2b15cb24aa2d10c871803cbce2714d,101
4c4f12efc632246556b83cb64d01682e06a9d24f,21
4c5e46cee86c30939e9bcfc9b9c5e0fd0d2b7d63,441
4c60918ba207c6b5f58b9d2e856531e10dda35b2,214
4c609ea73915ac1addc4b6b89a18ef9711051065,21
4c624815d37a313e2ee6c064772a20d220cdf537,722
4c62f44834a9f6d38730d9c4b759a345cccf586a,685
4c64a3251a2fc835157bdb28eddc96696eb5cd95,552
4c6567cbab076f7596085660b8a6694c026a7d38,21
4c701a8e76070edf85d7df8ef5f54b5817081b4d,565
4c7da02f8ea7e645632b7054d23c89f5bbf1edb6,269
4c800a9d999810b959883b1a9d61458aa129d76a,408
4c8105fb31859986fd2c18fb35b9e74c60d56db9,82
4c86c11a7d2fe66c7f372f6153b68a2b6a5c10c0,550
4c87a4551f081fb6c40d77894054ee8cc3194103,286
4ca157001ac7c26625496c846407f37526eb59ad,202
4ca2df521cd604f59ab510a9d5f948616f722dd8,4
4ca662462ae7f409a0811fdc049caa6915b947a5,728
4cb59a91b22bd35a7a19d961f7cb0429672b1eed,168
4cbf489a24bfc3995f954ee2dc7ec8abd2c90094,182
4ccb2a20efe45b38e69b6efa079f44c29e423e26,273
4ccc29cc79894741e6508241c0e5223e96db0f53,41
4ccd46cb19520299a4823508149b218b62ea1435,677
4cd489553f314bcb2cbad54cbf16be45cf467899,49
4cd493e615776cb9bc4504cdff4ce16e809724ef,470
4cd63904ac17e0d3f9712054f0182dd49bd1a1c8,470
4cd7544dde54ff8a30ee343d74869ee94ec6c4fe,68
4cde8670d162f1f9a6bc50f42b71eba6e15579c6,441
4ce27abd0e06e6318e93eae48efd9e69cc8367d8,574
4ce41a7974b63873307af6aeecf9e3f0897b6d64,441
4ce9daa8d9feb0a81671a5a847cd04a39b27f119,526
4cf44a7982ea1640eab05244d9ff859906c23434,139
4cf44c1282c583d60a4f5bdc18b9d4638b557da5,64
4cf8c3be67d98443aad409a20e728237725340a7,119
4cf8eb4084c09fedfa052e6ffd5bd4614a8a5989,619
4cff001c339ceec83fa95bef5ee026fd8ecb74fb,477
4cffa725829998feaa37b232084504801b4b1f6c,552
4d052177778e668362f375e377f07c865f830444,443
4d07d101621cfcfb4ddf000d2c44f6ef74597793,82
4d0be0332acda936f2877472bbaa437a8f4ab3c4,139
4d105abcbf2b7a7ffe50681f908bbd20482ca7d8,576
4d1180a676ba77e8bd8e08f834ab100cf0f53317,604
4d11da6df3f363e37b93395f168f35f6007bb4b5,202
4d16b6d39e2a6b93e1fc80b08b41d9083ffe5aa1,113
4d17df763279ed256f560a3a8627426b52d2884e,441
4d183198e970897b3393e306ec68ee76fe3eff9f,484
4d19fedb2282c8abeddd90c6bd0fa38cd1a735c4,21
4d2d10eb0237e70b830f335224e3d5f6ad8125b1,242
4d31053121d39ab054e03214a764e2a2eea17e7b,13
4d3270b8a05e0ccb4271c350d2b261493c29ab15,82
4d3e41465f8665b02364c783ba936c02eaadcd9f,80
4d45e03a6dfb4b48ea6978b227406f1ab70c2088,560
4d4ba52773d3ec0824f3265993c8ab075fc73c7f,443
4d52cb95272908f5efb09927b93bee2649fe5410,657
4d541f8df92966a9a48dcafa2452afdc53088571,202
4d583e9ece31dacf4d3ec6ba61a254a9faa3beef,504
4d5b6ff438ce7b2b8760e8ced7427696cee0facc,21
4d5c6ff282f22725d9ce87fa6de9412f6db73701,314
4d5ce422c773ba74c3c6d4f94e461ef22d85917d,692
4d5d1814b68711899b42a198decd6f7ae1a556d7,352
4d6370357a1c22138433afb74dfb895f4c826292,630
4d68294d1479fe422cf84afb25dad9fa2ec33e02,565
4d6c370b56b1dc56b5ef9b388379333045b61d0f,34
4d6dc6213f5dfeee63aedf5d66f8e940b09241b5,550
4d6e6db2386cabfa6d89bc26104c935e038d2225,4
4d7808ddc4e1e4f682d785756817b82575b232ec,178
4d7c99296e328699301eede06d86e684871f4f81,585
4d8192d6f41de50bfe0ae8c3e1c5345fb7e0ad6e,202
4d835f6273e2ddefc61a96613f460d3ba120ecff,168
4d881d9b687befe1a371db932a09c6e17497e793,47
4d88e29ae7b0be6212c658231e4118c03deef5c8,59
4d8d2301b8ec611efd4fb87f8704220a4e676263,443
4d8d3de42a54f582ba0a6ce03de3f9d5e0f6ecab,560
4d984541ec2ba01e29695d455b2b4f87e96b6c97,101
4d98f9df8137df92535450056dc47241e3126ee5,498
4da6e5d1520f47bc114ce1030d704a528bf56ef3,246
4daa8ebcb41b4372c1a094a8890265407ab6a979,128
4dafeb97fab5512dfe240adb893e3aeb8cab260e,523
4db2679a51726fa00f40342984aed2a40a6a0090,21
4db530f0fa71296d7f007450957895fa5c87f344,634
4db5653f10368e3c625bc5895d21466e73db2a7f,466
4db653eac2d4ae82a968b082ceb6c4b0ff80a9d9,692
4db7df7bb08a01b46f86963506c62c9665797b54,201
4db7f4391ce33be322c29e21133ec2e03c0793af,522
4db83b333c664254e2d6c7148dd0f9343e2cc57f,172
4dbb5df6f5df39dbe3be1aabc738bb99c8fca9e5,597
4dc09c0130e2dd74618322709b5cdb880b77c8be,202
4dc21a4c09d7bf53839f3c716b1566fc07eeae99,482
4dc805f9a5e2bbfec56afe50c8119dca7dab3dfc,101
4dcc09a3a886e243192cd80500378bcea7beed4b,686
4dccbaf49b43c52750f464874b7bcafffd17ae72,547
4dce28e9dc9a7a83ef8da37ef384486961fdd512,473
4dd2b11c4abba1717abb19b950e3e5070f0f1d67,162
4ddb0d73714cc6d9670730b66030996a27e83424,273
4ddbf5ea6dbc1cb7bc4d60516d2cdb806e469c00,539
4ddc3cbb09630e9ce3f54d9041d5c56b78f0c10f,116
4ddc65c0d6b75350bc1aab688a72fc45cce92200,535
4de0a867b85076330ca670c412d7a43809faa01c,533
4de80fee818f19826afe5c3afec8fbec66109ddb,379
4dee3673b1a8a5a37e28aa6f08961700b89f3c4a,552
4df15060167e963317cb5068f99dfcf344712f1c,560
4df51295a513d9d271ae40c4c94917d34f52dc39,553
4df5dec4aad3b1fcb677b215c4aa45a65c54d152,528
4df611976c94b3b70820088ecadd2fd604edddec,21
4df870a423fbfbc4b40c3bfb8e37a01cc8dfffdd,500
4df8c0da297230ae3401d3a1f3f9e25c59590647,441
4df946ac8be11a7fa468d14446e863f14c439a9f,37
4df9d6d8c056ac7255642aebcc487e3c17d9d7d4,638
4e090857a77d4418f5d6c964e37d56566b539838,228
4e0a4bf00f76a9c6113aa03b56f323ae5cbb980a,267
4e0a9e19d24541b11b226e08de64052176c433d7,168
4e10a362a819ac44b617462ba6e3cac05856af71,677
4e1146053b8db8f69604ba41ea0187b331392b24,565
4e1bdb92da0f45dcc72bca9a8adea56746ed3292,437
4e1d0a107ab5a69df949f12d08fb164c7ca146e2,120
4e1dad0f05d6a4ae45de8e9bc8c34b6546f9daa5,552
4e231470f9ff8481e5ebf785aeab69fddb3eb0d3,758
4e23926ad3814180c5758dac8cd7fc165405357b,482
4e3191ad28daef85dce28b4f1f714a524a1b8e30,97
4e32c118e79347f64f1059c156d82c383c114660,36
4e359735bcc3d91e3ab98331aba279e4f4cb28a5,523
4e3ac07ca66c0acee99974baeed5c9e7449b0c75,48
4e3c8560edff5318601004257c900fd9ff8be8d6,202
4e3c92e0e6d39521fe6d969eda293313bc4899c3,550
4e3d63a6f008cca0df42e414fd83887ec7444c5a,54
4e4bd389c52ee4b75749cfba4d03199f8ba52c97,510
4e4d7913359d07f7f4d51383661795f2b8b19e3f,482
4e50f6488e35ecb7702320889c220a1399e8776b,87
4e5e8f02a26806aeb79b8efcf458019b7b9e2501,677
4e69cc16a2d3b61f1e4acce784f3e7da5df31fad,35
4e6fa4e623e13a3dcf91c13f501f0e02694564b4,45
4e6fe1ba3370a79afc9070f73016eca58886bbcd,560
4e7569c344c56a65c92fd00862b87cc64f2e5cd4,4
4e7d3885caa9fdc00e6e238839525b402f874703,47
4e8aceacdf86de77cd380f47c1e74b5d4cee7982,138
4e8b2cee6854c970d0462a4a275fc46d24526c7e,424
4e8c43bf7249285333c6246f0ae4ca9f7bffd2ea,482
4e8d8e15b80f778fa211861fc695771aa74b3563,775
4e8e266721b8f5eaad4adae3e17d842571d20368,178
4e8eb2142db6298e112281f7e6a99e99a5321de5,202
4e92c0e79284aa285585346d5ce48642d223a121,477
4e951f7eeade7068c1295e5c75b8e3c50a6ce85f,65
4e95389b635dec991639b1da53e681a7252c9460,332
4e95ada48bdf07bb16e5d431bb52dafda18ebd80,379
4e95cdf8fa7433056855d7bb9279c971a376306c,70
4e963635f8a3739de09d28a3fe7d9d39bbaaa5f7,441
4e9a077d4b0c54c432be82927932ae23ae13db70,443
4e9d3a2072a8e72c626b6f6fdb54fa6e19e63ef8,553
4ea0a7cbd87f027d76be0a3c9685460cbf95107e,503
4eaabfd0ce72e0e2ac51b43dd9f9a353773f38df,178
4eac535bee1af98244d78799a15a1edeab76cbd7,655
4eaf5192e7b8207673d99bcaa49e667bc1d0a971,65
4eaf9c53f6e3d513a4fd889b48929368e98024db,778
4eb6900d4585bc849525b08265f6e158c8014d03,202
4eb7701b7010cbaa5b85f6580283dd916c6781ef,562
4ebbe20b7506c4f81e82dde53ecb6bcfd50e7c82,677
4ec2010a8f7ef37943e866de4ceceef67bd5ad30,60
4ed76315d473ed89edb79bbfd147bdc5dd22b3bf,682
4ed7638b4754b5e3d08ac21c3ff70dc3fd101796,21
4ed80dfa6056ed5352c723fe8200f0cbd1dadbc0,344
4edb29a7539ac9f7b115d8f1ced70fc9e4ec4fd5,709
4edeaa72b6e99e05bcb0fc403a9a709cc067aa7e,552
4ee65480c1c53a69c0eae9cd3d1125bd68f93445,766
4eea7f9b8141b0dea251c535c290fb07e823bd33,63
4eeadf6d7a56c8d4d585b8f1718f510764d45eb7,677
4eec6233d73a5413610eb0bef419a49175d3ac3e,441
4ef0470f2981d989083bbd95fb3fcbce1b9bb16e,197
4ef2936fcd5e62513e7725418873eae1c585dd3f,4
4ef5a08fae121b5023f68f5e5ccfc3c9726f3412,163
4ef978b7c3a9d8e28673220c781b1a574bfe0cf8,202
4efd21cc729c24acb05fbf2f0311871eda719c05,13
4f038ade9dcc39ddbd8df91f801dfee73ebce725,655
4f0bf32cb3fd7f56200d5f065cd219f8aa790ea8,56
4f1025adf76dac708f90c1781059caa72434ddc7,5
4f1075f12558be8ae2296b61fa3368e82e067fd5,482
4f17e682b4f1b03d89210d5dddb53774ff0cc865,677
4f1edefe913ecba04debf96ac9e829f2b6e5c3a6,621
4f235247d10911c71fc6fb77e1c25e5468f50360,441
4f23f0571d363998a62ac890e5d4ec268b01a8cd,409
4f28b991a1a3625184e77d4141fc0e2d886f3cd5,59
4f2e8e968fa05e25b041ad96afec1402dcd52d35,482
4f3aadddfd14e91c91cc2b06f09aa85b3c45d867,119
4f3f88cc857794d3f8455d04f5179ac0acfda9e0,348
4f438950e4358cc79e68a59471081236d21e1144,202
4f47958f31de1015c6f598cbbafc9320205cd0e3,258
4f5a101f855a4991c20515a662f8bd57dec285e5,21
4f5cc80f018d2058991e8f69da6732c8bdd37200,63
4f61309f50590fd5d204ea01f7ede3827e69c71c,479
4f624a336945389305bde687460d9ea3e6489f0e,87
4f69956747d96c39dee2196054b670285dc58415,260
4f6ae01cf8f64cf183766d7432a9da3f751f2153,677
4f6c50a077f5f0d2a3d860c73c10f4bd9922ccab,775
4f7a481d2283ebbc807f65f05845359cde7e7c6e,100
4f7cb388853346e8336d99d1d3e9fccebea70fc2,598
4f84a493d425d0a29059acd08b49142df58b2d42,67
4f859da5116e770168ad17c757fad4685564eac9,577
4f87a73e59cd545491d5c5afe2aee5c382b4dd0b,21
4f8ba1172ece1a6b515dc3b07a69ff36b8ab9457,82
4f9a03b465bed3fbdb7e44c47b90ffdb211fded6,498
4f9c7533e4b807179bf9b80e6f8a4d81638fa7eb,567
4f9f93051de6f0f71a4149d9c1014102c8cf5499,280
4fa5a61e4696e01696f4a648a22322eca8efc689,676
4fb42e5b21174ce93375571d300e9a969d8389e5,182
4fc32778fed9513f36a4ae6cdde11f94963abcf3,341
4fc34aa66c29b4d0cdb84c337301711f75995532,572
4fc4c1817e85f4d747b36385b2a444713da0544d,535
4fc50e421fbce97e9cff27a19aa30aca35496780,90
4fd2a8a15b5e0c9d1b4e458b8c996c54e794d422,693
4fd4efbb80e0587be971ea53edc530619533da73,482
4fd788351e9c49806dff6d7dddd00a94d6879803,692
4fdb01d37f626dbd1ef049211896a0eee3bd5287,441
4fddcefa4948d10a5db219f41713012e8f07d26f,689
4fe0296f24cabf70f65a257bcd86f827a8dfa85f,485
4fe683c2572707e504f4a90fa1a856d7ad65163f,379
4fecc659526b5c0d20df3d648b9ebc0bb2d7ac4b,161
4ff2d803d22dc8cd758c28dc64588d27cb434b0d,379
50012b31a74402073d2932f207b7e26bfacc8818,709
500308d88ea458cf689372653e66a0486263c3a8,82
5006a29ce2ecee655b669f3961b688ed2956aaa1,544
500b2c3cd022ae59ed3e08dd0f5b06dd1fff7aa2,60
500b3463457fa0b996c97c32347d8cf3931811d9,667
500e0e230df8f33000c38827e153fe23751efd67,588
500f051090c94cceffc2455dc01d9b2ab20f5deb,95
501478deeba287a45dfb47059dff250704de9d26,546
5018867ca8744ec16c9c58b7bc1669ae8e52bca9,202
50189cf8ad5ba4df70e8fc705594f48b5477080c,217
50208e02267cfbf003a12d66813e9a3a71e14065,717
503712406e75f70e594cf904d4f2c85fe56ac589,687
50384691366be47bf5c6e7a959b69841eefb8171,482
503a6c7eae166bad9fe3fa6124527fa86f8ddad3,4
503c3961cd85ba43ebceed785a74458f28db755b,550
503cdb1cea81b73a8279affadc9ae3b92a16d0c1,409
503d285fffebbca377d5bba060224ca47d3104fb,585
503ee2de8e5f73e3ab7d0dc644d047e457ef72b3,158
50400b8f52880f14e4652429975776813cad9463,775
504d09f416869afcc2ddba5b8ffc86e3b6832cd6,523
5053ad9cb32cdd337c927ba424c0dd88a2c121c4,313
5053b24c7e16a6ea1e598ab72cedfaaea8b9c28b,159
5054031a437657d7106ad3c8345dc5803a9cb9fd,611
505f83064ce6dc748fa68bafad4751cb9535164e,477
505f9d86b340c7a18917cb1541dbfa995c18e9c1,169
506d6fc1adcffabdf5e508c2d3116a819c29ab5b,513
5075dc57153a1f292ae2b5ff1442cc85d0350a46,692
5078724eec17b3a9d754608d198b3d5998175123,158
507ec6f6af78d605f8c611f9608c4a0e3fe430ee,45
507faf929ce814df7c682c6dadfd577c595ebe9f,441
50884495b6bd8c8e07aa9aa5e2a22f252b248077,93
5088e1f3ec2c13a3793c4e56a9189b39dc6e2b31,351
508c6cf1f5cfcd09d02711dc824197c247a2bed6,552
50928eadfcd786a2789ae15108c0d6314153d38b,552
50961292723625f1fbcbbc7366a880d8abc9a8a0,685
509a8e21e3420ad03f5d057a97d5ab43246c76fd,602
50aaf09b81d64c438342face9cd4d31646fba38f,202
50ac639a4bd2da07d1d7341962c9f95db685a47e,49
50b0f234e4571a1a7063899a8d76e86e1c07cd0f,82
50c55e3f61786ffb45de0033d4c59876b866f1d8,21
50c6b2b33497bc71a10656c2a6927a6742813a8e,342
50c8665add8ed1cbe057d4efd6f0ef3850bb0547,87
50ca2966551e8f9724593eb6149e2548e52e30dc,82
50cd797b0f9336701d0d8f292653c2c7ab43c857,622
50cdacc70f72502248bdaf69a6dbdadde94bfbc0,21
50d24388bb3290a3cc24b758f74ba74525afcce5,21
50df5bb89ba6cd96f397c49bcf89b0b641d83302,553
50ef0a3b01b497c3649f4e9d3a26166334ebe824,470
50ef2fec05bd3acd9f491cd95b57304b909d8aff,21
50f0fbba84bb13c10a7ca08d9fd38d70db4a0bcc,54
50f705ddf7cafca3f78935ae247c8771ac94bc1b,477
50f86b87aecadff1f2f1398ceb9366b87850b652,288
50fe0d0a6788a3c956a4e48cf84f765dbc262ea6,709
51038c81704f0474f427d3b91dc19a5b799d904a,36
51052ccc8894dee1cee3d69f708b5ba407fb83f2,152
510757d72324d228429add9f8eae6358713bd2cd,375
510e5ef22e85c2b32799493b0400b960d632783c,60
510f9e3dbc2b154ad0a2a39af8c116e4916cbf61,351
51129dcebb0d50211e28ab598e73b1f66cf41ecd,470
51155440d0429544ca1c8d0f9657b5413843722e,251
51165195a190c68a55f88bbd019c319650b7213b,46
511660d2974db092f98f92fbef80f16279379eac,482
511ddcca917940739a4c552d3edf406f2bdf3d99,441
51220cd482bb179a2dc8e54ac4e7defbe14ba011,21
51246b8d68dcc9a6e9ac20171f5c42f3cca9d835,63
5127877312bb0914d38b0aaca15c58fb794a0a2a,82
51287c8b0ce599e8a60995f9d61efccd05bc6194,518
51345168a237629297fd8db35dc47a3fd3b2a10a,202
513b5ba1a8251e09825674bc072217cb35e6f218,470
513ceddde6b43605770a004f0908dad5d5f7525f,78
51451413363142e287d1a84f8fc2317588b21e95,533
514f2fd259aef568519dce6b7c7095836d51ba22,67
514f65aad261f29bec5b57345a15e8ebcb0b03a9,102
51502e817c32b0cd1338f6671fc53cfca71e8527,565
51506dd079d721e7810e6b747e19b5e4e94fd723,210
515bc78ac4fd23e6ea904a9019ffb44c7a1409fe,585
515f2e006f9593007e1f1a846ce100c9c8be94b0,441
516a8267ded800d359c8f7120c4544d4c202ef4e,764
516aa713bb8350a779f3021d0f2238d9451e573d,337
516c30cd0cca78aceaa3e71f05a37627f3b1acad,709
516e93e67cf1e29c97cc688e04db0883c6dffe31,552
517440bef60a1eb3e14aa4b7c5034e04bb1700c4,182
51764c75912f6916c586632d89627558618cf1ae,202
51775a5089659bce0bd1d292c26e4a7152e7eab3,552
5177a40f45aca3fef749b1ed78c7ab40b9ebbc34,21
5178328630993b953810a42de09b12033d408ee3,479
517bd3ac16f55511e97749894fe0e7dbefabe17b,23
517d90650ed302aa8583ef5e297b6d50e2a39b83,688
5185689bdb261c2bac986ebbd4bd1e0151676a16,655
5188e28be194f257005ca3944ac0a5b67ed621c6,759
519176dd17f03255aedb442496faa2f70556f815,675
5192b74502dbe3130625b8034ee843f71684c1c0,152
519997ee88355f943307a3280dc8597efd90e004,775
51b3fe530c1ea37c381a2a91528874cd0ab302e1,141
51b69c281962cd07d25d0f3cc9f279971e440d5d,646
51bada477d58e6d9ce39b309ba97a48790a777b8,202
51bdb3d2f42797e3ecb032b2758b94e8e4f32bfd,512
51c165c6884b6025b5e8c152c34a04c513ee1ce2,443
51c3d37c5e569a21bc2e0f00589a2421d9dc157f,252
51c7c0cf057df14489b12ddfde7c3c5d8483aa43,491
51cdfd5e0ec7e5bc6b4147d7b6ea5dbe7e8c97d9,95
51ce41a073ef0e656eaa157e0c6bb07ddb89865b,709
51d35b4b3d4db85b058dab8c0b22d13716e871ca,219
51d9971ccec68bf94acc503dea98cc26f95bb007,554
51da50ef122389e53adbd781cb2e79bbbe926435,605
51dda50d5bf3a1e2d8de4c56d157031d59f7b843,482
51e98e887e06916a031b0983fe1268627a368e96,479
51ea22a66b4cb3c1f7485ad1aee3854fd50e4fad,332
51ed246213b12f6456e6ef8d2d52cac78d264827,523
51f7cbc9eae571a46252b4f9663e23677732e7b4,416
51fcd4cf977ae3050f0ef4d38e5124691c76b42f,562
5203783873871dad12f0ac614da4342040d30286,148
5204c8a2616a3c4cc62323193834ba25f3cbf160,560
5204ca1d4fb70ff992641845865686879bc278ed,273
520b13c685161d27b5ebda27447f0c89cb12ddee,567
520c5edc8b150aea1a158939a1a51f968bb62016,119
520dfd7bba3f8abbcc7a3e8c7abff67399f50836,717
520f09424529dee38d7929d5999cac76c3ad09d5,512
521082d26ed06737bc44906a2c184be3bc72be6b,327
521ef425910d93f48aae376d6c220ec8c6dbe9b0,553
522d631a62d56be263b7199fed6499cfbdfeb665,515
522fdf7e0f7fcf3a028c66b4800e5d22e8426140,775
5234079e591a0504383ee279297da99074636c83,161
52359de8279dfe88f5355bb4e3391069ab31eb91,81
5237009fd1da8bff0ab5b0388ac6c095c9ad46cc,21
52429e95b696323e3e0072eefc6bd5570dd1459c,508
52446c5eb28548f23ae868e1b0fe0b369be1960c,295
524c57321f56c1945ba3332f946a508fb3d3a117,282
5250aef7c4ab0b6920d7cfa5b95d401c393aa48d,78
52592ab068fd562bd54738f4bec72845dc843c73,535
525944664da4c9ce74b04f95ee6af969ea4b3493,87
525a222998b3bb70cc519906adddd82fe6e96fc2,316
525bf5e44340908112c0f8ae41b148a9b0e21016,182
526d5a24efbfcfa98e9808381d6be5004b95f7ef,139
526d8e760db317523f3d732a339559346f1b7c94,574
526f4a8734de4d46c84d9eedf608f5ff5975f5a8,628
5272c18f5307f499a9038234ecc0f37843f80ea4,67
527615e94cb314d4cb3fc4f82adf8a0b5e9c29c3,408
527754f33a835e7a49d6d21cb890120104e570e1,634
52787aad9c7e719c725ee13fc3c8a38e548bbe83,586
5285897426c5f3b71542a09cd969618853e379b4,743
5286edd89050d0ef06f802c87c0b3b1c0cef1d2b,591
5286ef28ae3a4aef0d061ebbe92b2ea3e2db2103,137
52910ebbacc021bcbd11623d34427ca39da976c7,110
5297e6b69e4e68d16b8efec6ad013c78d5db5aa7,92
529ea050d7471ed48d9fd5204f42a33660d1226e,482
52a65dbeeeb8a58406f4ee9b996ceca2698bb4d7,597
52a84f6654f67a0e475bf9f459ed7e2040319bc1,47
52a85f20687ccd8143bbd01adfae8fadcfd91d73,742
52a9f5ebb1e2836a02786bd4c0d415f6886fc0fb,21
52aae74d1959de46fab4b5f9dce89343bfb67eeb,21
52aae82f90f812cc58884900ad93b15786b84f5e,619
52abdc4b04d260d60e6717df497798efa2de8043,96
52ad8edf445aeea82854aadeb2927f8c9243d534,263
52b591c1bd1d3315d85eb39105cb082010089679,182
52b62856374effd1eb0a1eedb5af24462b27324d,523
52c1e059fecccedb7d94ada7fd78fcf5002040cf,610
52c468649d82abc57e9b39bfa7df83e37bf651bf,119
52c806684dbc25e49a404190800c9ad31e92b789,82
52cf46949058474addc70f0291301b99fb3d7137,622
52d424254d702ab361cb8b249ee4f06a382c5d1d,484
52d4dd1fa087cd5fa42d466b60794520352fb085,514
52db2eaa7c53213baf56e407987751f868815086,35
52e624941aa4f0e7c2113a292cb7aa3199f918cf,720
52e6c581ff7dda5caf4afcbdb334fa4973448967,644
52edb925661a0483dd61ea0dd01ce627010367d5,351
52f1e4e33221fd12df79d6e4a5a74679174d25b3,237
52f242fc2ae19f420da8943f759162c5b26ef69e,485
53053735436e89fea80596493d6243ca5586201e,717
5305ae0c8b481a5b16bde97bd7068dd6ab05f715,633
5309b38544e64ec5785d6ac97fd01e9e2409f074,82
530dd700fae8c99abede5d6cfb8b273c0ae87939,50
5314360191c979d7886339019eb7801bb2dea020,87
5315d8034610e61b79b1474e602f055e72e866fb,482
531a2abfceff04f273d82fe22b04fdf9ab14647c,513
531bc299d4afb8d2b6f3467059ff27b48e8b1e15,377
531fd3a95b447f60194467c7af4622a3d8d30d20,139
5321df68e040bc3a9c17c526fb9c02237df1a5a8,572
532e1c32d16e5140e18190a2f8d33ac6ab6abc32,553
532ed63f3f558ae133870aafaf2c0638c097304a,679
5336071cd5d2e62194df1b011369d672eee6fa66,21
5336a2a5c33cd3aec80dc9c0fae8f8e84d2cd563,330
533b68fa31ecf2adcc66474460d4934c9680e1fe,585
533c71a576528b88cafe9351414f14a47100d58c,209
533d456a5f0733e344c92b9eee6a5ccc9be2b329,560
534cf1d03b35868177143361e133f0869141557c,119
535bc6b4e367e5853087e34c17b41cfe6bddc04a,139
535fb8c732b29da347164c8e0b53a03b3ed93602,658
53641f7d6c616a2d7daa1985557c1c9ca887e9db,453
536757ef5b404edc6313a38c58d8a9991137fdd1,21
5368a17b03a22e7454d2f2ddee5eac2809f5df12,689
5369ec9fbb291efd750bc5199dd5c37b7e52bb6d,108
536a8f6ad5852b7427f18570a306b0464acb2ba7,600
536c7e3897c0cac1931f149cb808a541a8c3f146,530
536da5a66aeb96570f7219ccd7c1a59b4a5670fe,113
5371ac5776c86e07d6cea91c893e6c9f93feb5c4,587
53770c4c5418d7ed79fa15b5dfca7dfeb1e443e0,59
537bcaa44d9a61c7b40567942af612a5d6e3fd2a,21
538c96312d47a3171b99654e95c2d6d023b91319,567
538d388d0a6dcc6ca0c94ab93ae401565c2fa5f0,698
53912737179a79e5568efa0c8a0aa5827eeb168d,67
5391cbfd860c61f8dae7a7185fbc4df336ff69ba,344
5398976e926cae5e88de19875ebde6ea0d1a6032,179
539c63e0d0f8013d08ddb16dac70532c35ff2ac2,54
539f8fd409238d6e06b3d11b0033c757880a799f,513
53ad49473ac7301a4087a0e35aa223ddd2b52d3e,237
53b09557fc1d5d4991336886352c6d59ade0cb69,408
53b0d645d0070ef33172faf0ab4e0c4116acbd8c,342
53b57097eb6491f4a84505ca8ccde0586513912d,379
53b60ae7a6050633ae52c23f0e5c1a58243cf1c8,473
53ba1e3b535e169733bbf39a710d7f19ec09ccfc,482
53beb9fb9f492666d73e671160e0161b031c1d33,518
53c8b59fd249fac25a3ac6e143ab3679420f7b48,285
53c92673ef2edca43b223c68462b1885f88ca14f,100
53cc194984a0b28bc1bd0b7aae0e6d422b7692c6,314
53ce1e4abeafdc73babe826dac327ed9225dd8de,282
53d58fd7dc1cfdcb80da6cf3b1fc1c98e0a4c9c1,120
53dc729a14147f5326b33b683b8c69ec967da44c,28
53de3102407c425aaaa9d07f3efa847d6855201d,379
53e6cd1e71d49b1b5543267d2ec1edebf1cc57f3,470
53e8c13c1c8461da29ca73b99a44c33405aea0d4,484
53e951f42682c796ba5ca68e4b9009266aee41b5,134
53f5b1ba5a5227f1ee62006d187392534c26fef6,134
53fabca3225cf74060d468883256a3cf7ecd7ac8,677
53fc13952d6d859d8cb54cef957c2740bc963565,713
540100af8d4d7d6b9a222df1c8b9d1dad5578fde,236
54016fbc4bfeaf0c17f1722fac02249b16f5505a,21
540262d40071f66049e989491667ef054dab7ca3,602
5402df4c5aa0eedecef0d2a0636875091d748f85,148
54065b2e49535ae25693426916430d99969564d0,56
540845e84a8480418426e28b2b4f495975f1926f,713
5409961a5511a7e67045404e302acb5327746463,21
540ad4049f8ca9750b2ee1341bb307ea29068987,443
540c23a362cf211ffd43c0e765e66c4dac7a91de,21
5416a69e817aad72f489d87c59460fb7977377e8,766
54178e83e83a1f4f9f7c4c6c6a54b7bd55d36dbb,727
541a6f655af81bc9bc1f9afec28afe1b6646109d,552
541b2f05861f749d5af3176cb4b8bb981943ad85,482
541eabebe32aeb7b9107b1aea365524cda65b5c8,677
5420c4e4090e938548e74da265631fc6a14428c6,576
5422e38a78ba7a7302d481c15c5c6a0adc4a3e26,688
54242ef7a5d4f5f928c1eab836abb9f800685fd8,567
542493a63aca915fe3ddcc2581cfdc9307f4c0fc,100
5424fe1e370307d2a276c0851405945e244696d2,510
5428b3432799e7cdfdd939e492f78dc5082439be,585
542abe3b25995abde07f7b2e520054d0b5a52a54,677
542ebecc7f3b0dbd79d59c698a90dbfd2d5d98e7,482
54376383869d8d0769af3deed451a1aac1d9cb28,453
54385b19d5c4ff712cd029ac1a24cc552251f965,21
54403f113d8fb1b6ee73f8734d197f837b9a50bf,202
5441e7dbc8349e6242a9ab3b3822762cd90b38c6,574
54434c4db2b9f385b74ec752065269bddff6cdcb,45
544e21b1c4f356ecf6bc40d86fcf6c004f7ed905,265
54539439d64726c0018a5c297f3e67e0a5c0f716,634
54586b37aef266911b6ca202bb3f4a7209cb4c2e,502
545fa91a6f558ba7913b23501eca00f7199bd0bd,677
546220722151a0c7eab47adbf66f5eda87a58abc,341
54626d05d1a0b1ea2ac20355d1b6e47cc80cbc79,490
546e79e519506ac69a0433a3ceda80898b58ff79,42
547469d6e210fc4d6df3e23137a13c9386d1073c,635
5475fa524dc040464865cfd856993f854a863a91,93
547b2c51c43a9d14f734301d8b2b8c7d31bb8d00,202
547e7aa62de300096d652b95922d8a33cc41e55f,4
547e99b6547579d8db8457843e21e6a18f3e0db8,253
5480810805bb802962a4945decd0a9ba63ccd94a,228
5482c37c36c05f80f3b9a0702ab21c4e8f5c317e,491
5488feae23d7091dca6af6ffa2664da35010be5e,45
548a62ce0914fbd220e1f98817611febfd017bef,491
5494b56b5cd1271172c00b96309a3923783ba13b,482
54953df3dc7a28e99e1fb3d98297ba81e142207a,496
5496db830c1ba7e695d1250e73be1a704c0a8fea,79
549a7a8cc0498c3e26741275c842e8378835221d,582
549dbd0f31ff8454592d637ae94717f9b342689f,473
54b3696b508df448b70a3dff8fedb6da75aa0887,555
54b938add63b42119db6f581785cf19010e54b0c,560
54be116d97bf489e6af3903304acb0d1687b59ea,21
54bfc246f0a2bf76f05878552037e816902dc2ef,268
54c123e5e43cfbd43604037774890e51a1d42c32,332
54c370312b9cb95fcf3bc87a3ad99a8fd59045ef,252
54c518bd38586613bec942c5035d93a467598422,144
54c95cc4eb2b43654644cc6007a2f28982eb3d45,318
54d06751e0863f9e6cf30524da4e11e5be6c62aa,90
54d0ef9da1acdd57614493a17c8060273f2d47da,21
54d4054661c7c6f486369afd03c4e08d47795fc1,591
54da8ecac4674b49fa88a44f9ec736eee7b5b1db,692
54e05a952ff1ae6527f25cfe57f3a4643e6d9316,63
54e40308e4ffc60eecd79ceab4a24d3e8bd6b7c3,436
54e4f6f4536540a2c7c83a32ae2140e71d8ad58c,717
54ec62643a45427c46e0058c017b46f1e605c1ea,21
54fadc3d2718630bd625bf0f2e98f40e69065bbd,21
54fb10f07d350fbc45d2d8d9c2b1303b153bbbe6,441
54fd9292e673b9488b4c0cc7f4ed1a262402c433,45
5504f21258b6cedfd069811020d89f17b74d62c9,182
5507ae298d340c44bf57c661dc7ce08015b7982d,389
5510bdadb1ba9e5c6ab6b4e6288553e18406707b,677
5510ce3ce136c339ebaea32bc7905cac94ed6f8b,404
5515794374a33f318ebd389842617d52af613126,21
55174f0e01801d276c65d7806c1aa946c4e6e64b,547
551b85d1eda89f3f9f091e5f06382039f13e65b9,162
552394c95d799c508f0116e5d821ebdfffffecc5,560
5525d3aab134580f646e721890d1afd2897ce1d9,168
552659a23edc654c9fb071407a97fed5d8c98752,202
552c14f7e854526081c856a3b03c28d8a735e105,688
552d6e0e1340709080da2ab6261d2ac9b54b43f7,553
552eed32c15c05ebdb63af82882780a4c1e11447,552
553476795861c67df0a09776807b7d67999421be,576
5534a2e09504757e33fd80feccfc3e2b1d7b6260,379
55362e6346a35db100cecb734fa86ec70608b20e,35
5540ee7b301e475671c2b2b7a212f46239e99992,86
5541385d737660341072c6cdeb05f78d0b296235,21
55461832b7be7a2677489ab55d564282bc3f7d69,677
55472da885ca3c34158a1b43f5440cb059468cf7,276
554803fb1f9c6b8b5903951d8c7276baee6910d6,446
554c4972833a65cdefccd939a33dfe1a2cd2af01,739
55590875e78ea845765a7e4fac69f372f08cd4f4,565
5559cf475083fb1a745a66d8c910ce1d13f1a3c0,21
555d03b6964da0e4b25407940ba607cb84dbe976,109
555d8bdbca26a3b9bae402153156816d1d5800d2,202
555e1a29886f9afe2f29439501eb189d95971981,96
556345864fe4773ee05a59a68c7c685df1ccdc99,73
556752d6e06b84042264282e56593a946001e5dd,21
5570e6a26d1e6351e2398b96a9e1926a54f83a6f,498
5575036f345bbbcc82cc13fc75883916e44d4f7d,258
5575e84ae0aaaf752a84de59e15578f69ce9ae9a,128
5578517485901694b1af1711413114216504999e,552
557c97bc50a4c4398f19c68b0d2b6727166f9e73,441
557d5303701a0e7f4ce1d62f0af6dcb7b3e1847d,21
5580f3390cf37708ffd2b9b34fd73e83a4a03d1c,544
5581348ae84f31240891792677d6066f1cdaf0c2,202
55889298e37d3bf30ab29917594115cfe9c00f68,677
5588b3f5b9cde31328d6442f112b5c62f4c5b81a,80
558c9b9c38025f74f3e4629c7d0118b598b4b187,675
5590efa0c7e7a9064e457bb6d4b9882ab74b1e58,677
559296d6d5965572547ae29daad53c7e860257c6,17
5592e0a64c37ef39da78110c45ebe03529b2d17f,296
559724a431aa1bac5e9213af6411b6eddc94f335,76
55a1a19733f69aa9fb159b9f06bf1d17001dbcd1,482
55a686ce2bbeda693841ac1463408723e1f9bf67,4
55af8a32dbca43894027bab44aa508aab4f4dfbf,95
55b065c448f828378086a7c5eb605b0982782e72,567
55b2163cefb98a17c5b6d9a60ec3e76a0c7be70f,496
55b32e19396f16ddf2fd30fec45dd05493836656,435
55b33b8cdb750475e47e78a97548328ff46bec3e,755
55b5144dccf4734250c09ffd176f038089a83adc,265
55bbaf1a95fba3f161b1e3fdab6c137300c5c435,591
55c7797f26c24e2f823d099ae3116ea2da635bf2,144
55c7ee2570ca1c2137ef2ae611bcda0cbe2e4cbb,330
55cb5bc9bbf9edc5821cdb602d2ad2f4c76b3b1a,49
55cf3c915b2594371010dbd1d0776d997c2cfa14,90
55d29637e95225be51bf785e463dd3e934327510,379
55d38526ec37f388499f25f4db35354efa3ed975,479
55d87a9350d096725d8b4e7dc3f819d34edaecd8,482
55d8ff0880a7ae52a7bf42645f79f3fc41e0ea24,373
55d9dbd4644b6d863e6b42ad279db4a7886a9e98,17
55da3d60d30f2b1e119d70110f06389f457b4144,479
55e23ccfe0276e9494003e9dbb69ba71c7a55a5e,512
55e2b0753558a183da0beb902e7d1e98c479d229,332
55e37cbae0a0ed179871744c36197b9219b2c1ab,168
55e5b03167251e439c5385453bf965a1d996e5ce,202
55e601184ca135e450c7f09996082c85139f7b56,482
55e7cf5c9d276a0e48b4ecfa7bcbf69ac7932d3f,21
55ed12439c7f6b742199b9775dc1e40e6d73134b,739
55ef47477c7e2c4983f276008ebdcc7fbbce62e1,399
55f0a636fcbe308c5d8454a1156d3ff56c66f072,362
55f20e3c4afca18ee46804918eb822bf2408ddd1,128
55f3786082b14b504618915e3d9a2f3e2356688a,202
55f3ee83e8dfa95b8e3e6375e6dea14b2afda022,4
55fa96b6693332213099c10f140f40c214cc9ef0,85
5603d7b73dbb09b5ba6e4ada3e0fc93e310f6709,332
560647bcbf939c08df19bbf24d5c4effdace43bf,436
560667e9d2268d268a78ff33862d3853f4de9b92,454
560c5c67aac6fc0f8cc3634db6e4fd52f024aa4a,690
5611a60dd29f532773bc769c3151fa66219c8a92,525
5614504580dfcc2f2661ca3884f6ff05ab7d5eca,343
5614b6bbe7eb1c30c5b6ad68503e13f4d85aa2e9,21
5619097668174b026d53adf8cc807887b8cdcee8,409
561cfd934262306e157a4e04acf29ba3ee50dcac,441
56225b2763cfdb6982b134ccc48a9d06b863ca57,102
5622f5caa070747359abc6e11efb540ebfd9b343,743
56254a0fbf55d270dfb631d80864a5feb631c873,59
5627138368cd74f62a6cd5d37db6042b9b7ffce8,634
5627be95ff0e97280aacd06a8519f3b66c645285,87
56290800a5d88d6313a343f606a788798f16be23,237
562b3c9517f66a3b448f317c439680c08dfea522,332
562e7ba9b45d527017053b28fb556839343c67ef,482
5630a11141e47f7ee30345220063456393df6e67,47
5632908aa90f9f7ece73aeef1ef9748d8d3eeb20,503
563431218c5bb8cae27ec9c7ec1785605dd20bcf,237
5634addb84088a78761a587bed7e86618daadec2,585
5637f4cdf24bc92985c8bff54540d6d38c97d5aa,439
5638824c79792bee17a776dc3f257d73f146a316,332
5639356beab67873f5bd735beaf962652fa32f0b,681
563fb1e10317921ce61f3caa2826de1d19387349,64
564bb9066159caa9d831677cf86cb08c0331a218,646
5655d3891d5c44ff344569c128b10dccf325c6a5,77
565a52fa8febdd1cb3b0a7401ac48294c35f9408,698
565ccdc80a58263c3e4622eea22be588880236ad,758
5663ba1d61d51bb3b509f451a9815540b345113d,314
56655038eae0c345ccd83ad9a07e0c9bd9d99b86,379
566e3cbef00d57a52d27820d4d4f9c381605db11,128
56765f5386b19daa13bd2676927e4a7df3c31455,600
56790861f43c1bb27372be20ae2196855af251da,526
567d45b81adbaf68c8a9adb7ceab8a9d9978e9d0,739
56804747115a16af568b94448d4277a47938d59e,21
5686e195b0340c6e19e9efdc288536997282ae74,552
568d45ceb4c8ee07ec2cc353b24b3b1834f26aa2,90
568d8a4439e4c00473452aca34de38187eed200e,21
568e5683db14a4a1d69b02f656703811af143393,524
5696e88093a267d81a65ffd4697232d07772eadb,585
569d1e20edcb28e8c8841e6947987bb44290040d,168
56a17491779b832747dac41a09fc48b7570e9ddb,588
56b60245f3c897bc974a7aade406cf987a8d36e2,90
56bc2c4db6ca9d160b22a339cc8a25db9da17092,202
56bea39ebdcf48f6f17ff1207c032a8a68569e3f,482
56c0a3f7e7c8b3c0e6871180c18200a7eb7733f4,48
56c5a18c7855a3b0330d74c373cbe9591899a940,600
56cb6d4f5024d359186568431643aee3eedef6c8,208
56d3b983a0485fa61420bbf6eb1358e631f47f29,379
56d89d93a5f165ca7092f8efe25c11436463b00d,709
56dee9950ecada45a5f09b76e73e9f760f041665,168
56e088c9ca302155ed2258e7b64adec22c685f10,686
56e19132a9c82dfb3c99fcd2453acef4b2e8f0aa,48
56e674b7d96ddb1a7cc55db21f179873888222c1,202
56f50431871b0ae74391fb1aa7708fe577b5f4a0,251
56fde6e7cc02b148ee0aaa4cf6fac1407cbbc003,700
56fed4240cebf1672d43e36a932b7357eb6a428f,292
570423d8cad3292f7dca375de1c0a89004d4e27b,553
5707f3c0159b22d7e11c1ef840a321a68acbf7d1,97
57116ff6d1d81fc95a7c3ecaea0ff4dde048a1c7,332
5716162513670dbe5c2f5e686d6a0a282261d474,87
5719dce500a6207609e7616fd7c685898ef3a6f8,539
571f857d4416d5ff5bca83603ae10f1afc97358f,170
5725ab18403628d8f348a6782e56f20b7b3cdb8a,47
5725d609acd95c7b940dfacc3f121074679dfb0f,128
5729a4a3b47e7d1a2a21ffc18e54be3ca9075db2,265
572f032003bc1e218124e8d38ca72d0a1544622c,35
5732e93253b9b6f1db58daed515cb555b5065631,644
5735cb2ad06179d16c999fb6db84523dfe8c213a,196
573680ea087271150763cd31544f791b4b20f795,542
573ee6dc63994e135be58f3f05d86d04843625af,463
5740d4b4567e860364070451276d65f823a76556,21
575081e22598f1fea6a351a9d929e7065af6cb1d,202
575e714ac4a716dee19bb1ba7828f1c8b767da85,93
575e79ca68d96b55609e939bafd6abcfc994adfd,302
575e8f6027e1fea80705191aa626bdd2966e47f1,758
5761c061b9bb8033ad8f24e1cfcb32e67c16b961,335
5767a0d6667755043f33779f716dc455931bc416,175
576b9884259588bcac6e7a3bf5ae9648729354db,217
577cb70167bc26a25baad8fde0333fafa4de45c4,709
577d2ad6ced1a9a5dc2b30c103115b635b947f53,544
577f9d2143852eb9761fdee5bfa92fbbb7a39442,552
5780d9050d0f309efea74417d89d80ab21591c73,67
578167d5e4cc4f9ea6f6cc9304c69989538a238c,266
5785b2d5e7c9e76f5521a4084f57ca5ad260ed96,684
5788a93083ec655c4d6486ce1502f1699a7ec961,119
578b3778a0f8b14caff51e2af943abeb461735c5,709
578bfe83b715014342bee2212b116e80381a550d,512
578f376ca60259788b6c3b50cf1b60085cd1a989,482
57932ef7698283244a19b20adf276f32f30bad6b,552
57959d0db4f10578491d1031f064dbc2849ef72e,341
5796033edcd96922bb844ecd9a844447965c8a01,246
579b5c101e29c297f501cd46e6b9968cf397420c,21
579ca7f2d91a1e6b5f761a8a6f227d30f7da5e11,398
579eb4317b5e92cafaa4cbd94418a36010416668,518
57a2747961303e8c88c0a92be8ec9a6004603c2e,178
57a5a363b367bb2975a4ebf7bb978a2b85ef663d,202
57aa2b3c94981ff2dc2e4a23156655f33be60ff4,602
57ac7acaf0343e7d7bc8f2830b33beee629a545c,197
57b3ce7bdb81e07a94ac0f6327052c07f6f3db23,27
57b862d28739e6a6763d3b5dbce4b8804f1a53bf,681
57bbd0542aeeab69f83e63dd66a3a9c3b357dc26,484
57bca545f684d7eaf271ed7790c4567c046a14e8,747
57c26272f9a91e59d26f5b05c0826d60e650da7f,49
57c53b79f6886ca581203a20bd5a96154f706c0f,688
57d08125e533e802fa10f14b502088c610dee9fd,739
57d22f1f3840b9afa84c949209f701640d827e8e,482
57df7a4ff6e8a9828d7eab417fc8ef6f4bf1a94d,441
57e0a7b9052f0d40f9c8d3198fe072cbb1db87c0,49
57e1934a3e37850037b8a6d4482f61abf224a044,602
57e2571c47f9bca5727456740212c79ee6c0df05,351
57eabba5122d47eca7a13064442b2bfbfe17af7f,47
57eb07c5cabe534515457fe05f7c451accb1dc00,443
57eb8bfa2d9f6052fac0d53033bb8aa97881b11f,21
57ef25e176a16372cfd158dd98b8df8ed8bf2d9e,68
57efe3a0973fbfaf7afefe67094ecaaa4d4a01f8,550
57f0774ba41ede2d5feaffca4b55b97785a71075,343
57f1048218a8d7dcc86f4da1e004364ad3ae16d1,688
57f154e0160c8e5a1e12d57bd5b3c75305d8767f,318
57f17f0f943216e764d657f0d432f4d6437da087,576
57f6e9ba21e82720f8492440c6b237cab2ae6393,35
58159f13124c130cca09adbaa1efbe6d8e8e9f64,46
5819a4f8a21fb21fcd1734a3f966257ac41fb11e,59
581efb5d75600b7c0b030aa1d2ada01e71e5245e,21
582d53941ab935cea9b40f7c820d498f38adc1b6,168
5835fa1f763620979f9e0920d0c08fe9464eb940,344
5837c62c7c4da68ee04498c22e2b1d89ca23045f,128
5839aa3478fa246f3537a4fc67463bf9cc7bb8bb,552
5843c040f2b75796ce49609248d1f233586feac2,202
584464dd773dccb20eb967a1b7d8285529140edc,178
5849f43dc3f875c75ec920f440555eeae8e7b9d3,82
584cffdb0321bd2dcbda1296c240f6719e51950b,330
5854619b4a46702c9fda82e5da49512c656420c9,606
58555febd499409d458fd105d449024cf74e6ff8,525
586c009377d42cb6baabfc324db9761fe1eb81e0,273
5870928bdd2155bb65bf441a19d08ce033f0a65b,434
58751b58a3fb83197d446f66cbf8db09cf813408,585
587b86f1a4017c0794ba271f99b44c139b893c65,314
588d0821483f1081afb00057a28ea08743313d13,21
588e75dc2df8d72b43c5cf36f3f7f46f9d338a57,202
589f54b557857b44243918ae03f5d0b2cc4fbcbc,47
58a6e4ddae60c1797a2d158fab6f8361aec10168,739
58aeea4c41b6a269ef9c2a83b4b7137ded040f01,677
58b17db2c415d08644a63820b7b7fa6a16a0f37c,479
58c17d1f1a55d2b10cabfc6871789878aaef002f,237
58c4574ba3a6778eecd847dccdd4e283f411aa3d,580
58c96aeec4281b06bd55f0506b1b6b204eec216a,21
58c982a81178c8f62525df8a2dd76ab0504e42a1,528
58cbcd22ad6b692ccf2c1e32c23c3a9ad08f7ee3,283
58d24270789ed8cc338f73fca5981181c97635d0,709
58d623fddbe0ecc63df1ea7d73eb10a8fce5d77d,482
58d6e4d1b16bebadae218b58b1e44d38c0cffd2c,679
58d7a669f91162d04ca0ea6515dd35bae0fa5f9c,38
58d7e80baac8ffb9e01f6abe1e850984af77cbd9,560
58d9dc24fbb777719cc4dc21f1a98ba270595ea0,202
58da6869243c6114693e72ec67a65e1f42bf75ee,146
58ec252f193a594bd3deb779967d0374134bca4b,458
58ed6de71280bd8c755df4fe9fdd64903dddaafe,379
58f0f6bf0fd68e6b1a538b55d319dcb2a4f055ce,311
58f5c1a3b6fc917a78218d82ab8e86eacca4ddcf,87
58fcb45be336b706894d9173db6d1f4f16ecff9d,758
58fead4ba0b490f681dbd915d661f1aa69ae9781,202
5901ea3072f69ebbad627857edf67cafb154e8e1,141
5908963205c07f5abd37f20aafb9b10fca38ba58,441
5916e9927cdfee7dbf9242fa43fcb55ffb44e467,76
591902d1ceb735a8c5b4e594303d5401fa9bd114,351
591b3bdf281a35e29f5a64fbfbf55ead37ba848d,766
5921e063fffc54b3b32587c89ee41aef1f1b8d45,677
592daf60be3472d898104ee5cef51d659114ccfb,48
59302cc9183d72b29a6562c79c437ace376da08f,282
593067344f5cbe81e032e526894d547689b1832d,655
593383294a6444c2d70de069f12f3a6966db409f,552
59355efba59567347ff030e2054d7d23b1c364c3,122
5943e57dad5d739ecfc8211d450160ce0dc58c29,254
594bffb6cb57664965c3483431de9d60224b2529,533
5953081425fcf99e0620cc40e4300ac77f850152,513
595fffced59c97fe821b5b4bed7a1ab21fbe3b31,470
59673fb6015f5050235da7149d89aff0af5fd1a9,482
596fce6761d0e23ac75d2a30af988d3dde7a2727,560
59736e2898fb2bd43fb37e14a3c1ac8a1aab7e84,21
5977796836d6b63aabbd02ace9301f056ea2ebe5,453
597848ba3c4ff752267fe0a23121290f3b5c0528,21
59791f5c2d5eeb027cf78fe4d686a8bcb1b53629,237
597b16d870d4cc12f250893e46f0295c6840847d,95
597beac3461042b309f369f0cb2706a2a8380c50,610
598014f808ea9171369be51453860b4e0c6fbce3,87
598132af8d90722215a91f23625ce772370e2834,482
5981b2128afc837b5049ccdf5006cab0243e1b3f,21
598bfb98b083e494dd63a6ed5975ec4959fceb8e,443
598f3ea9ed22efffd7ce8d39c26e610af2e2a67a,202
599307be7ae09c0164f4287b4990e89a82b1c44e,40
599ae7fcbc30cdf0f5c955fd57add1037caf5be4,237
599deafc8ebb8b1e2f9b387113a1bc7fb781f0b6,687
599e20efa8c1819e047ff98e1c8bd0ffbff3d894,608
599ff5339f1d82d2f34cad6232d5fd59771c5cec,314
59a5f8bf0be2f7593ad1dc74f0fe6ed34f6dbb89,409
59a8731d6d4fb9103387cbba29963404d4c6e531,21
59aa403872a4122a6ccc4bc1cf1133c5db9baf72,152
59ac6e717a642d79a2d52b7e1f3d41adaea302b1,512
59b22db0cd5142715cdb38e4bda872a80ac483af,515
59b52c02a07da316a073334f7fe3f09e83ddad3b,482
59c23a63ce698beea0193154c262b22d93325594,600
59c333cac76d83a541504e933b0228102c805714,655
59c34604221f5cf216377b981905bdd30875499f,47
59c3a67b56d6bea120ebe09388824c6167b33c96,257
59c3f0ec96279268017c4322c6bdef8172feabc3,688
59c709d49f4a491cd786c8145d58bae97b2f455d,379
59cc3246967a8a1f7437f656e776318f6ee22321,552
59cc7a72d19a3a3faf88ea6eb5414615d623f625,101
59ceefdb60ed03f946540b236d52817f6941477f,332
59d1f9652a478e8df0a821cf07c18ef53cc63ae1,482
59d512569d666e94426e2c3bc6f5e81612ee0029,482
59dc8a7c0e26919fe25194cb07c4b5f0fd57c427,405
59dd42d7d22b5f254a64d5e9ba04b7e4d6a07b0e,591
59de7b3a559af9c08de6f7379e6d0c169de65c14,491
59e842c61eb7be2b5e23cf1c5d33c71b48401a02,523
59efaf26cc41d5a21643a0a8733f514921ee9ae7,4
59f71678c233274664f248de92f81e07c967f4b4,326
59f827a1b191896d6368248676b82142894b88a5,692
59fc94670f4d199a159b12fce0674c5f5f7c24bc,258
59fd6f2be9e7c068cea9a77863f0f75344909180,332
59feded67ea1df35ae1b33a4f985acf0c7055425,248
5a02af1f063de9ce86d525939e768e41d776c849,21
5a066ae85071e36158a5364d25abd5b13537c132,120
5a0b725e2a6396962b90cb1683fa2be2a43ba13b,209
5a0bfa6d8abbf3a191c4e7c1ab550cff2621259e,692
5a0d58341ed0a4b5f681d5fc6511e665f23e691a,379
5a12be4de645b7c29d9bbb9a8efe41f84a9ae700,482
5a147619e46d39e58c9eb561c45c6904f9b49fff,749
5a16aad93ed2dc4cabef25e765c27fb3f6a74d88,685
5a1d7baa3803d9db933b7b43a4623486373ad91b,414
5a1f536c9a25c95a829c533f7f0a38dceaef7c1e,161
5a2497a12d221932afc692394e4bf708179df44a,484
5a27cc21a4f06f43490618be47b93c4708241dbd,202
5a28e3c4bad86802743b42993278ca19f8b67896,46
5a299ca04ef9bc0ef584a6e6d36095317ce4c815,202
5a2ebef003d93105c29f0d6b1e318e3afb5707a1,122
5a2ef8b3ba16e907a025abf572e1ca1747636d76,273
5a3450e508a0a118c6988abed0bf4b6d06582417,585
5a3495303b169a89979dc8189b5b214885d46f26,102
5a39da8e4e82e418fcf08488110fce8c26fcc621,77
5a3ae22cf30456967f1edf6ca64acae7bc18ed19,643
5a3c30b40c903ac8d76324fe0e4375463d0f4ec3,168
5a3da4b367dd6a7972e083a5152d73d4c6528baf,341
5a3e864c4c751d336f8edd664ddabbe32d199502,119
5a40ee4859fe0bec26ba94a5b77c8321e83eddfe,67
5a4c83976133dea2263acae5e39dda671f26e791,621
5a4d51473748a7e8f76808b4613a457996ecf065,677
5a545c4cbb98e8ed995b8a5aaa822b317c196d41,646
5a54a27a7190bc624111b976774cbb9ebfddc384,202
5a57e50714427d1779fd3b4f0c9406e538b77253,202
5a58643fd80355a54e6d6b9ea77de69e4c21d7f5,21
5a5b799369963cfb1b9d72f90c8a088ef7b744f5,202
5a5d6795e4d6808c529221ecd6881ff0c33f69b3,482
5a62e95cda2af3a30543a32ad29980a765cbfce8,96
5a6491a9f83b55540b39e7ce265200106410b8d9,566
5a693068ea14a807e92cc07886edbf14ab26f479,227
5a6a4ac90aa9c8925e0a2c9c62fa8d86ea312055,470
5a6a823f941b9f00f9ded1bc31bc21cfca3b0f63,139
5a758dcaeec70702d9e8fabffa83289893258f24,202
5a7ab75b0dee24fe0a15d8e38caa7268cf12d3ff,482
5a80448c5b2f93d45d27fa415ac923251d819a1f,128
5a82e66d4244900457bcbf53b7c4389f612846b1,332
5a870855f584d71511a3211129e7f52b628d6132,60
5a8836deea067e3dcff42feb33cd969cf956e27c,342
5a89d49bcb38fdb7548b7eb4f67a49b9176f245a,79
5a8ab3cfa0490bd2357c520293e4f41be206f641,686
5a8d598c2ba960be7899ec839b31042227f3509f,241
5a904623e772e24fe8d6adf0adbf77584a45c4a1,96
5a90cc2fe20b7456c97ff2c705e3b5a0e4c1b19e,560
5a930d5d79d19899ba70a5f2e0e877d70f62198a,161
5a93bf0de45de8d3cc371e747f5aa3c924a509f2,315
5a9b11e1272f7a84f37dce1a415a4af41010d778,63
5aa62816654e09a3ae5334c0fbd0afa243dd8d4b,46
5aa76c4cd60a9d3e793c85523ffb9548fb936592,314
5aaa12d6da5d22e383f3578bae5f8085fb242cc6,202
5ab7c5ec74c4fc86628de16993bce77c2d16c3b6,709
5ab8e8fae0060d550e6a25a6824a5e35524e7d1e,389
5ac4d14f8240c8fa09bc41b4bb2fbda0b240c017,8
5ac6574cc7009fcabdbb6c6cd580c8fe78f70b75,113
5acaac118413c344bb56e52ec126a94b9d3a1950,54
5acb181465288a39303dd48ffc858a8de7bb0570,141
5acc09fb6fb9ac81b8de71766ba8f03eab9c9505,46
5ace3bfb2311c3df3352c06d5bc6589f38623433,589
5ad174ef6ab5bf451ad954964e533915e1168afd,676
5ad867c17d67cca038906bd14703351f37d25f00,190
5ae429686445582584f3c798949d2acfbb6cf33d,47
5ae82fbae3a45c3f1501d5ebbfc0b521c8c3fc5c,482
5aef5bccc8ab2b5b34daeb878f851242821f5a39,284
5af12c81d15c8b2668761620eac6db9de503cd43,585
5af484a250f0486d142f4a4a84aaf40c911cfc5f,202
5af64faf3b874bb5f1aca98eb8202a9f5bddb82a,613
5afdeebb8d24b51137f548394ecb1f2dd71da6a4,21
5afed99dd16f0d6acf4bdf421d3e00ef91719355,164
5b0035b977228f39810304648adb92ffd7884fce,735
5b042f77e4c5895c4d6eede1947a25b478391fb0,120
5b043352378187e461ac7bb1deb4c8771954257e,45
5b149e87c593ea233d499df7c5419344523e89a6,598
5b1749b18aeb1a8e3954f40c05a661f3aa7505d2,610
5b22add29aa063a2a2461a9bbb5a394a1c77934c,591
5b2479be0c66fc235ee0895cfa240764bbe7138a,454
5b31380e33779140441d9bd43e5f78036aec2c0b,567
5b325f8d6afbed8192743da9a55a0b4e56d25560,484
5b3a92154e182df3c394ac04326e5c0d183a416d,518
5b3c41fbdf0c61a93e5a87e1d2cb03efedaacfa1,503
5b3db54d60a22c37deb3ad3b9d0a1616aafe7826,139
5b44689675e01b6d844304795bc4f865c1a00130,211
5b4691fa02e827092937043cd1d5f1c3776e59a2,234
5b482144dcd55b5ec9265b00938257b664fa8204,170
5b490468327f48277b309d22cc539cb80400f29e,113
5b4a12fd3577c7df1900c32429ddf8f5becd7ba7,21
5b4cee2a79644bcf32a2e0461f1b0fe2be15d447,45
5b4f5edc268bc495b1d4cd05f7ea636c99e55af8,539
5b56ca98f7a9b6fc88b3b229721ea3854c0831a6,77
5b5742501a655bef81042ececbd034273347fd25,235
5b5851c7d68678775e6071872e7456c64135f9d0,42
5b59dfbc12b150a12465dd6ccba50e947e1cbceb,608
5b5ab8134e6697992e21077fc29bdf71e5a21e22,205
5b5c499bf943f5203edf1d3564770da3bbc2f470,77
5b607128e99f6023c548462d9cbb7ea376ddf4f8,21
5b60e6e38f295092a1e29d841df8587a0aaabac3,113
5b612396de4bb7950e82d1167682ab9630581cde,202
5b628b88484f9166fb03cccf6a072cd0637c58ce,657
5b6415913f3117c428ea46b50ed7d3f639f73702,73
5b666d27bcaf250e29d59089380e524bb854f79a,252
5b7699bce75326b641d04ea8efbf9e951b767446,443
5b799f87fef74732f8d0c3f05a8e13c8d92d9f60,23
5b89911047fa6b96fa89348e8e337827f228d7aa,202
5b899c6c17684959f3b0d60a349845426669bf7c,767
5b8b61ed1bac80286491f05cae6e116893d468bd,251
5b8c0ffe0ddc0fa49a23d5ad5f94edb6eeed90d2,93
5b8e8e3d712e5a652d41b4558a4c4c048fa58ba9,518
5b8fd3445cfb46e27f795929710d7d40f1737bca,133
5ba5bbfd8230e08f1c12f2a449aef74683da706f,560
5ba75626c25972b453bf0e88743034d16b75e655,168
5baa70290633d3c4a362136d103fa63363c75b9c,202
5bb3dc1ef7ed66869c5a79bf8c67ca663aaa1f1d,21
5bb40b6e6a91efa2db65d67ac530d94a05e06a96,45
5bb8f752fb5aa490e159df5b4b3ce48e71b04914,97
5bbbd937e2aaee06f46a25d1365e45dbef8d05d1,202
5bbf8f15b10ed2d05a71cd92c99e4e0be9afe084,523
5bcac5942d533136bba628b683f497385f87b1cf,217
5bce076d8d8facb733ddd001faea30ad82c235be,482
5bcf0fd54aa91c8c6377dc9ca220ae3ff1d344c6,49
5bd1669c006cd87c16afbdd1f2acd0d82bae8336,512
5bd3619391e1bb0027ea3cac3b24fa38c1f6ec73,35
5bd41a01847eface55178931800c92e9df91cb72,703
5bd51b5d4e31f073a5946ad0504cb5c890f9cfcd,82
5bd54052bacbda629a8ae2b92336862984059e84,691
5bd583d8d81aabb7705757ee05902d1cc96b72b4,314
5bd6dc2879d6b387315985518c9f8de0d91721d0,539
5bd9dbcc95472ef8f5ea22fb9ad01c3444848944,316
5bdc2e6b01c8db1f965ee022b3ae1a4f6b774fd3,552
5bde87c5f98dfd87e40bc26b5df3935776d5cf0a,265
5bdf4f55a852885bc9ec98cc262408666889320d,758
5be37f478af7fe868be3ef05f3f106949ee66087,82
5be647f710c02f30a8830b7e0df34b0ac753464b,713
5befbeb62cd1e55fb5e4811407b73cab45b4ac12,21
5bf09c3bef7a2a26cfb5dd18f51898e068a1cdb1,226
5bf0ddc134158f8881725ff24b2aef5594f8a4c1,483
5bf2e89a2c9f6c36ac324c4f1aac833a125b9e20,580
5bf2fb7cffdea084614bd8842f9b780158005a1c,482
5bf3d4957e6065622f42c4e8455541d5f485cdb1,677
5bf40cf6c925cca306d91f9ca1b3d7acf68d6e61,59
5bf4f8078c4146a943afcd835bccd8a213cf9b9d,212
5bf61c830d5fb2e4c01ab64769053708fad94b55,175
5bfbb8c8b58da46f3f623c2b4779d44cbde1e9bb,482
5bfd0a7f9df492f62bf4681942888e73097f922f,202
5bfeb37770fd5a258b4b493aa71e0a88b4d7f409,568
5bff02224f16fb58ef9e2c68dd4d7196d2a1870a,145
5c02468150e531a168d695bdcc1175cc770ea8e4,250
5c0647944a7eee0cd9ec1309c26a343154929c36,109
5c07d66ec99c975d2ef397120cb7433b7bd33b8d,134
5c0907c5e644be67e23b357b0b1ff648ee59bb7d,552
5c0ed82473e4c52363bf318c895da12e482b700b,576
5c12246da7234458374c7d8d4aed9860e324e99a,326
5c147e5b1bfa96cfaf9bf2decaa36c2035e96059,282
5c17538a06d7bfe46b33f6da3654053789f30cee,134
5c17600cf7167e25da2f3742444d595eae43df07,409
5c198764332dacab055de64b1ef5f7ed59169110,178
5c206aaa42765d3895dc780f3536e8af732096d1,386
5c2237904618d7492a355f640984194a31482d89,552
5c24ebd17965965586809d8b945e4262eef7a19d,634
5c266e2c8adc40ce001f8a17b31ef1b436db5f5d,496
5c2985cfd33460f4056da92012acb8dcf8c18185,73
5c2997762ccbf493202cc004c5d6bc3ef034a449,21
5c33857893ceae841263f64a59a7517cbcf73c86,491
5c375a90f4935a0cb0fd26446a6f92a78b9d67d5,610
5c37fa06594fdffb11608434bcf1edb2eccdf1c8,199
5c3a37fc1cbb7e03177dfb9d729b53a4f9fc5241,73
5c4313a207e255a08d417328b8cd870c336be4e5,202
5c45d19824ce5f1def3e9f6a9dd2195e364b6b59,195
5c47a4e46525bd12849395d4f00e05ab803c6fc5,202
5c511e9226467c4726cb61aa94d15780043f19a8,623
5c52fa5b6472211bdf584c55342bb6a8521290d7,265
5c60e56b4ed58293194388ffe8103131f16578b1,379
5c650c933eaaaabac117a66887a5563133e291cb,21
5c689aef1e4134218d6f5c2372ad473557b9d0cc,692
5c6952018ca9faf876bdbef4e069f586fd20393c,482
5c70ebdb44ed9e8e26a4d895f23207438290fd57,409
5c77637ed373928c63d6af6772b834b5bba1bc52,708
5c7950e93bd29fc4b5b0164e8d5600e79537ee09,501
5c7cf690f918be39149b0bcb4f75285f8365508a,692
5c7ec28b3ecc922bd7337239e45c39dcbc8ad854,566
5c82da1255151f37ef875914485d41d4f6b323f9,482
5c84e187a3c7c192ddc7f2f4a45fd63627e3c1e0,441
5c85d6f953fb7dbcd6e7cb5bf68e77727a6a83fc,695
5c8a6f6af2e1f403a8782fd8f24eb2d025084b35,21
5c8e1f2eb289594b3895ddcd8fefd8fc7a7896c1,626
5c9445b3ca14cbc15e8215932277e25d7bf12470,681
5c98c13936e3544e3e3812519b9887cbf26efccb,82
5c9ada8cfa9e9865169f69947f3fa388ec777147,510
5c9d6069f7ef42e900688bb9895e4ad9a48237c2,161
5ca9df42056fb546baf1883afb0b4087d238808f,491
5cadddce3ab4037154a78f366d65b6c5ae54e11f,603
5cb7fb02731f1ed9bed6838718272ea97ade5e32,282
5cbe2b6fc4f9704bc47be7eb9bd88ada4c409cb0,184
5cc6a1841ff710d76a8ad06b253594151743fbf8,560
5cc78061b87ea529b1827e1cf6ad1bad9ee59c48,77
5ccb97565acdc9464d628c11e57d3f11b4f07b2b,436
5ccd11029d2974d8ac11dc55483c243a355385cd,562
5ccd3298c3ed652491673d7a51bc1e5fd5810496,67
5cceeb89fb6380db7eb7601949da614095fc21f7,655
5cd458a9040a6b94935261706adf12999cbdac49,119
5cd81bc532cc4ab1e7a5b9808b0a30fd002490cf,136
5ce41fb0aa2047b6c1843ef8be2950e67e280aba,535
5ce867a077bf42fd0b3f3f4754561e7b2622628f,560
5cebe5bb55a61a5a6ed7dbbdc2d8e7efcfa997c4,21
5cefa7064953cf23f725523541227dac5ad02891,460
5cf3a511ffd907f3e461d87296e7ac612b6b5665,482
5cfc9fa0c65a5f5ce561af1f4db133e1f3acfe44,323
5cff446ac0c57a5dec6e2bdb990d1f258d3de500,591
5d00cc5eb9fa8213631d258f8f3c539314953e8f,330
5d0282a38bf456490a6d396710909f7a7b9d16d7,128
5d04bb85194605fe17c357b57c3bb46df94d5541,677
5d0a13d16a40bfe0e941979ca7c95f2ba03e409b,220
5d0c1fe8c0d8b6770fe3de749deb38371ffe3d70,602
5d10a727c919e79eb9e2eb411ed3579c613109cf,484
5d176723d90b64ba32f36a210563f803566db6ed,87
5d1c1db925822c9782e533f4873a9bbd1563b185,749
5d1c411952900b20e56fba9d6a6a8b4dcef0d45e,281
5d281a5044c3373e62e7e20c6b70991b8d6ee1bc,209
5d2f8b0f7054f70a3435ced50bd7a5979d19c0c1,161
5d34dd26d986e611f2a18c2983f7f992c4531994,544
5d39ca96cdcb9b03cc7a7fa8e65888c627e05c03,269
5d3b24b4c95ec1517d5229b9452242ed4f4aabdc,677
5d3f268781c508c8921f9435ad6dcdcbf738437a,567
5d402e6a1b0152348b5cf26e8eec9ad68db3fc65,65
5d406addc714fd9de68f88469634941494280b2a,99
5d4a9063141e3c13a5ebd6df55a631645eef73c0,482
5d4e504d1033c372a29455db70d253a99f883aaa,512
5d5088a50cdaf9ad4edeecd5b4b2f56dc2cc9977,303
5d659fb4519e53889cc3f61483ef2d6fdf124790,409
5d6838ef6ef68878553ef2061cd576e1b3432b98,512
5d707cb1a9c066ab90b3b88efd73841478597358,585
5d733bb8cbe273ded750d174cc216827910aa28b,560
5d7abbd2aa4bffdf809874466885f346e2fd8063,48
5d7cad4274d5cd64c0151966fbe9ae70f9c9754b,443
5d7da71b9a0e6635f06e4b5800bac9d27221a3ab,677
5d86c62518a666a3f149fc350343a27cc517e89f,441
5d8791eb1af6a91aca7b3fc53f06e622297402c3,316
5d927861d6a1b2d7666c26f6c2580518cbe49209,168
5d96fe205310a2987bddb6cdedd20e24a0c5cc62,477
5daa4708928b3317b7bf41550a5b41266d93f272,67
5daab7b4e2f990676b82358c3a024f4d6c24569f,109
5dadf1d670f03e5ad81b35c7a886129166ba174c,638
5dbe9bc8ee1747071b0b2b6124d7df46f6ba00fe,45
5dc81a19a1048b6f188785cc2fb2e0f5131e96a8,168
5dc8ad1cf2c09fe1acbc434a949c265a07b8abf6,292
5dcaf0216b3d852bfffb4a2ca1532a46b6f67a56,45
5dcfdb90b72c2db1e294431fcb2006b9af2e1654,246
5ddb9a8f8e734c20fcc084158484e080926f88f2,390
5ddcdd3a910529953aa0073e6cf00b03002492e2,399
5dde9c170a8d96d4b894625a5c4b7ed1d8418602,637
5ddf1c15049f19ec9240b7429855257aef66a188,473
5de0f947c2a3bc02649a4d29d59fe9c3c7f631bf,379
5dec5efdc2af8c57d29f9bc4ac8cf3a9cb7b6825,47
5df34b72565951c3026fb7986f26ade4ee9089d7,479
5df96abb10ecf8abe897b0951926ab94418e56d1,4
5dfadd54b28b0a99c99c8ca94b196a32d4371ff5,379
5dfb39b35cf512839d1ddf35f2a83c3b5787d727,21
5dff505fa40f0fe0a14987799281ec7fb0963c2b,239
5e034280af584021fc8f51c4df0bff729b58872c,168
5e0be3eb5a328c81e6edc12903760d2e71e5de3e,374
5e223ee0438a06ad4e93a974ecd534aa088aeaaa,622
5e2961cc250e5fc41e65c2e406f3a2fe2951f224,292
5e2ec816e1443ab8c2165a347d5ffb21709bad3e,21
5e2fb083642e5bb7c46cd5e6fca0f5b30e091106,677
5e3e2e9f52c7ed5b1a1a346f05dd53fbbaf72f24,119
5e42aaa565ff21ed9e886d6d14564d8cb23ac8b3,713
5e47c0a0d448a33de498e6e9eb720246ed8ed2d9,47
5e497ae45937f45d006a623c88db6049060fae73,585
5e4e6d5dee508beece8154b0f5413f2b008bfa8a,202
5e56d3c28f578088eac84c113222ea112e11e4ee,550
5e5889a3a9e1c8064ca550e7fe57b4194a337d02,408
5e5cddc5300c4f6bc0ac10379500558d29e1d3d8,49
5e61f421817daa844f7a9d0cda8c467fc15cc385,202
5e659330d6e9c5afba6c7b76411c3dab90a99f0d,602
5e6c338f5402b9b1763c91a486e054d4791d6b5b,677
5e6ccc49a4cbf498a82ccc5f06525cdcfd380150,560
5e74a0a37f135a87a3a000f2f3349c4b0b02d86b,259
5e7e2ef7a04180b501fb26ddb072df35e8b769bf,552
5e7fb5b3df9d42385bdaf7a8579865da4e1da194,655
5e832d57f8be2f8f1af80212c6b7af2802244463,286
5e8519dc8105db08f6f6213a242b892a3763bd4a,331
5e85251ce7485c304a346d68c352e1d6fdb07bf7,326
5e8660bdbacd28306f6351c5204eefcd1e9ca30c,13
5e88bf4f96c5c724111107a2596248af92692aed,518
5e8aa29d569aa7d4ea6c8beacbcd948aff9f386b,465
5e8f043dc71d3986d13673d639734eb4ba3f9571,47
5ea06c3c8132fd5654c0c7737739c49ef587d5bf,420
5ea0f354af7962a11aa188fd839df9ae6b4b8ee5,441
5ea12f559625c2d9ca7f7bd94e67f127e3ea08bd,242
5ea2fa8c86a553802042bfb579ca56df5cd70051,613
5ea770c2ecd7784f68cbf4190949b39b6df66b6b,202
5eab17c33897a736d5f89d6d92d48f4e1f24b21f,202
5eac13bc22071d1ea9992b24ddde37eca7208857,119
5ead2394c62f13071c6845e875df1f0baeaac004,692
5eadba8b69cfce9a29cfb577fb1165c4c9b7b18e,133
5eb234c2b371d5797d7e5c0aa11b9f39f34c7455,677
5eb45b22a5697d038120106d2fab26ef04139cd2,226
5eb8d4d7619b3807d58ad51a18e7bbb6d9003697,473
5ec70ea2acd2fd07fdccd6480ec66dcaed4827b8,484
5ec7332a404b4edb0a85a54982ed4fbd1462aeda,70
5ecac8f6ad5e199178a23ec663ea92b168c41236,459
5edf5def05e3fe9873fa904950bd4d4dcda285e5,147
5ee0b4b701c7c8d70fb734592aafd77c7a22826c,408
5ee13f24af69977dba33928a36d44bc4c0d409cd,622
5ee799763e5473b6a4d5513ba23939a524fc37e7,202
5ef2b967d46ea5c099fdbe6c7ea3800cd1df152c,100
5ef45ec3722c14660757333663f5e8c9584878c1,60
5ef5c257fd76de6bd654ff5c061b494cb9b744ff,594
5ef641fdaf522f00aaee4a242534b1c285bcd001,766
5efc330acd1f2f073bf23cac090707ea28b19a68,282
5efe2ebf6af8ba72f8511fac2aabde23ae9ba67b,87
5f039f8261fa56391f93c467c2216a0b149a452f,202
5f063b47b9c783ac83414e20727c2dd84a0d2b50,17
5f0749d8fd2201253741fef78342c07a101d5174,144
5f07fb785330fa94305e352142c59e795b68125a,591
5f0ff3b498be5636b4eb8fa42b6184aebab87d69,685
5f1356a9263337b2f5c006d9cecc95515d0507db,775
5f18d74bb4553b72a04f456f5ec86f71ea78b0cf,351
5f1cbc535b06e028107b203cbcef76a063421b7e,82
5f2278b8458628b21037bcfe94d64efe2a9e0a51,241
5f23ac474f38228dfc6363d583118834b9d73451,544
5f27de329bccee45796e24f2655903370698fb6b,265
5f288db786ce0c23baa944f4f765d8abe7085b8d,676
5f2ac15d8120691af005e6b053cf6555f6e81f43,416
5f2f69ff7b14933dff0053214d8d188044dd6744,709
5f396934b63b6fb833455b618bf8dff0ae8872ed,544
5f3ab2142b22e638bffcbc95718b5e7c0ebf94c9,202
5f3e1500eef84f3c030bbf9ab381da233c091c93,265
5f3e73e39cdaba213ddc305a7cde91864304d8e8,539
5f498c9db6c848226cd8c9d710e6c019a5be75ad,202
5f4aa5a4199757b3fe089f29172164f3dfd647eb,59
5f4c0411e73a5eb1a97e6686dd62e18562f48887,379
5f50904ebf26740780dc07693daa458146943bd0,550
5f51f7d1e83a2d5a440cef040c093a1265da5b78,713
5f52ce3a9618ffe64b08a7cfdc360ce3bc51ee58,238
5f53b69d6bedcba1c25cb7fcbe5fe1ea07240679,722
5f593ee11e05e76bfaf874268a98a0217d26c929,567
5f5a2c57806b853cca9af715b628d61095c677e5,182
5f630af1172d03f36952c0e361b6011de8fcd937,517
5f64a7140bcf2b8475f327673eed9c502c5e2263,441
5f6946e60d70f7baf67cbcef1d5b9acae00f2fa5,257
5f714f5d0925e463c60d1be2faed2f1992b363f2,721
5f726012d3ae108bc6687109190067c8f65af12c,4
5f7814214ad7d7c2581a43382bff09fc5ba7fa86,503
5f79ec848787953298e69bb5d4114e6dede01f6c,775
5f7abc34d49c06ef207f0a2fa7f6d01cd6be42d4,522
5f7daa169b4ee3352584d843f2cf9b0109129e8d,638
5f870938e585681b69032b7c961233aaabfe18be,139
5f8720b1c5363cdeb931f9da3e566e27c672f18d,202
5f89b93efb3b727f8d7a4f9b8af2c2264abb73f8,552
5f95e52c8e50761daf3dd3529399a546cc47e7a6,202
5f96a38b8b3e83d22864610073f4f17090c8e594,65
5f96d13395175b5025374c9da54feac2d3d165a4,73
5f9d2fd441a0c330e6a8759b66923aa84f5cba74,176
5fa35249fddbcda8a7a67ae84dffca79fec87d6b,4
5fa6f24d6bfedb6a5f69bfb9a15b5c39c716a967,655
5fa760b1f6327552a0b3fbc3924f116d46d354af,21
5fa897e193f5efe283a6f0119e1f914f98e05ca5,202
5fa9f218378c70ab108e91b2bf8b295f8bceaf8e,67
5fafba7be7cb20b2e82d2469617ccfb5e6b2dbb7,292
5fb9ace6f28561475693263a390dcb5b5cf9221c,73
5fbbd3a0ab4a1feb9cc56e54287119468b093cde,202
5fbd67b0601043d0c13ec6d5af429ac4d3e00100,735
5fc533c591fce5245943ee70bffe423ce6cbc5ae,202
5fc996390bac3ad4fd58681ecbabc81bd6857749,209
5fd815aad1daff6cb5aeb00b781d26245b2a947c,20
5fdb1f345c2f4e331c464f1bebf3b6240287b43c,82
5feab932c9989230a6c43d39620c78fb021ce619,631
5feb8695a28d0e0e7e58c6f64fab634d2614e0f4,332
5fee4ac6cdbca4984bd3d43e7b2bd06a0c949090,576
5ffeaf20fe5fb7c330f4d9c7eb8d8e40df455844,79
600099a129a38673a3723ea7af08069d7eb8c59b,379
60016c9b4500c58eb806cc650ac1f04591bd3ace,137
600872fbb07f55b733ede2758dda89b1e84f2a10,208
6009b2adbb29c64371ae2cc09f9bbb656dbdffed,681
600ac0e84982790b6715787ee4a10a38a1cb36ea,90
600cb3059d095759f5441728d5eceef52169d997,45
600d17161bc3549742e4075e8f8f6aedf08569e6,503
600fb57290204d580a36a1f30c11cbabe79217c7,713
6013a61c26f785e8ce23afc8169cf52d7898e0fd,429
6015036a20016c81ae77d2a36339d08cdc71764b,441
601744f0d07b644769b2bff30acf4b7cb4db82d8,332
60197de93185af7218ef69df5b424728a9482e14,202
601fc6d27272adbd8a6c2f4b9ae59766026a4812,485
6029b970aa7b0f1860f4d6955994df18b64b387a,409
602be08669bab3462be7c52cc2b94b30a0a8be1b,698
602c0b83a91c37b7e56a899c14ecdb6832584e1f,610
602e3e5b206d46914603c0f3260a9d72ec7926e4,444
60330213c015d65c8bdc9eaaa030c6d876225ac0,202
6037d91487c0b382a0d5ba2e90cfbf5bddab95eb,273
603a81860a201b6d71f9ebbb67fc975e2093405b,119
603b4ad7e67bac85e75d83036a6c1a766445a3c2,722
6042a4a6dbeaa35ce8787c2ca4bdb29d9a368e15,202
6046591945016bbd4f8e81014562c69d1034131b,202
604b08bbe327ed9338d265e8c3e593c10391ae76,82
604ba65969c22da4cfa4006d045acd51822f12d6,473
604dbc333bc90fd1ed5204b819371a70ea20ed00,605
605986edf2eb04d9b6dfe3a76389ab3b40ff0ddf,295
606437e3a36b9a69000815e4636aeb164ad46956,330
6069e69e529739652bcd6d68830be641c01b9a5a,82
6072445a1dfb0c320747f83c292ac0208b64ac0b,696
60746ededa3e7a4ee99d5cc52b10358d4341fdc2,252
6076046cb0e51f08bb8b385b5205b52e4b822a53,533
60764b5cb586e4cfb6d1681df24905df2b4f0256,78
60766a3cd755dec0e4e06f68746e97397ac095bb,547
607c3e64c8f39d23e7fa3662f2013d5d6dac2065,149
60805b7511d43435775e97dba5ba25a3f0268d2d,21
60809f82236526efc9a496958331823af0a437c8,82
60860875bccbab97223282fd8b005c69bbcfdc5b,602
60893218d5d3060e5ed6bf3b742206a33b59e235,482
608b33a2661573eb3f9d2ac2d9b8e0aa15fb2961,128
609884c617d6c0e7e1df6ebeb7894ad62eef0c71,482
60994a193a0f164fdfcfe268b9a7abdb645bf178,79
609dfdd49b6d8785bbc06b0a51aacda7a54a7774,251
609ecba2ae0249111f29eb50b79b0f3eebe37f35,4
60a275d4e1ce2929a995b2e259b2c95d89ad8b51,441
60a4298b8bc6c26529a83330cf83d80717eb0d0b,709
60a524a74f780874276473255980163b244219f7,127
60b8406b5e90734fe340b4e392e9c34e30942389,59
60bbfa0b7d5cad5b65826a9d22a714f830e04840,257
60c287931a48bf9ad6a7aa895ebf5936f2fa3a57,202
60c3e83e813f7e6273d358b7f8453931b758ad26,26
60c9626661c0ff281ca8ce65e3d0e8c66cef9d99,52
60cd00b8bde995903b4b78a340f7c14f9a9d4d47,49
60cefcfad3450f59f5e71bde2c6e42a1e8c195bc,560
60d6464ceea8c60fd8e88b99f399edb44cdb37fc,552
60d9d0e3662cbba762f8b4cf97cf0eb9152e25b7,688
60e1caedc388c11ad7e48dd615600ef9fb50254e,509
60e24fa917f528a9241159a321aefc934f470111,485
60e8f490b29e238fa7e07ed28bf2d82a37017c0b,257
60e981dfb219004a63e6f97bd2c394241216d062,82
60ec2f20afd9df93737aa15d3fb4c9d751c56afe,332
60f67e019d4fefabdb0287da356491b468fb5509,657
60f9a761c2035c307af1c34239686858ec1faa09,251
6102146d6d400908a17ce737c5e44418313a59f5,709
6102fdc6578e52540bb72a73950b81fbf1d51427,491
6103d2d494903f76c2c0742e9929e8bb1d97ff4e,59
6103f7ca8f72340fdeae69582611c9c46418dcb7,316
6107ccb3df070005c254151964241bfc6901b81d,341
610e44716a407338a697e6fae303d5b0af0ed707,452
611188776cbbf3dc17ba088b718509c935b9aa9a,100
611530f01ab9b20136b6985ef9c8b37474abfaf2,576
6117d90bf4bfe0fae1a18560b7ac61bb888c8f0c,140
611c17ab5ff150db2b8d8d8439e30d62db9cc7c4,135
611d5818c2d819e70113aedf4774a0779c0e1455,552
611e96b2f2b7cfcde99428a9e154ce15df5ab757,128
612106e49a5908c73636b66c39bc3461bb0e6a04,409
612638ed8dd6cc53b532d2f95211867aa3ec28cd,588
612be6d530bbdfb4e9b119b2ec5bfc4ac1118e00,482
6134d04a569996d8f111a97ffa20aec123feca84,554
613694567b31473f131ecab13cc27078b2af163a,645
61386ecfdd3c29555ce478f4d941dac271b69663,119
6142b3fc0feb91dc218c39753534f7d9dd16405a,378
614492949c8b3384af939b3f1ee391f6b9badefa,334
61460fd430e25a5f7c5179886dd2074f0afb2d67,21
614b936e426107b1c0c13d88e89610d974753d8e,446
614de6b9d56f5f75666cf1f84945016e9172a865,512
6153605c8b2ba2d6a917621952fc9c006b6039d1,482
615b24726b3ec59904b6ebba97440300ae1cc70e,567
615de9b02d22b0281e6ee1c43eb638f48d74cdce,95
61652c66d1f6b604d136a3ae72da10f70c1f3e62,567
61653b8151468574982151a54f15b30310c151fe,436
616d32d0793dc91464f4d8fb0e593a3bb3603fce,482
616e2d77d0206c51fd4eb5e1613765e697e472ba,482
6170d6b552b5e0a3b517a68f562bac633a94522e,26
617d4347005ff7dc26dff3933583343a47ac4820,585
617d7428d3e9289e892974985ba8661ad05bb7c4,21
61807c2ab74177e2f770283662c2864db39743f1,13
61809a3f806fb07bcfb2bbb5ec9a62ca6dcaa808,252
6182c71ece80a71780da37a94a22f0248354aaaa,241
61846647405d2e8867c4ff35adf4a71aff568d14,745
618a0967caddb9487e6446ea7ef7db1688345bbc,770
618e98431608ffd81becd013d499edc4b5f61410,602
618f9cb3295be33de6cee1fbfadb94ab3f5e683c,482
619e504ef66f754a744f005ed2aada9b0c68d8f1,482
619e78924b681d29e62aa854e7371cce04cb35d9,475
619eb070898651f6330530480d4f30d5597a1a37,559
61a02e1d218c0fae4844e14c7d91a4fe0d8b5608,610
61a185d9be204161af919c637427d155245f528d,41
61a5fbab04526bd43bb7921fc5b05f254502e1d9,730
61a74b62b60115b2e431f7d3a60f748ee071944e,209
61b24aa800bfce2f55f04504669b2b31f3c22109,402
61b34f430e7e3e5e2db78dd5b91932534ba7c0d4,567
61b50cf75c8b630f39a877017148646f9a88ea4b,421
61c470261e7b1e1e342205cbead6356614d1251e,399
61c670e287dbc7d892143b80426a979d350fbf6b,68
61d99aa9e3ace64b54879a6421415d478501cb4c,779
61dd8efc2d53f1a753da5a9949e6673fdeba7d82,552
61e05a00c76e34cfd2d357b3ad3c08448f7cc456,610
61e191c190f8e2db3420ef1f0964cfa6fd5ad5a5,362
61e3585f8afe3b7f6191603c7ad0dd5494c1fcf8,552
61e45d480e71d228982f499bfc48f98b2e6b48c9,49
61ebf1360d8f209693d1d794dee9870fc0ea95a7,510
61eca2d4ee7e7e5c5f2033a399c6031c109b9626,515
6203aaa7a1dcf7e592c586a1a1a7a2a8ea26023e,352
62053769d0d7f0b4ee6db8db7645ff1a5a0b3291,254
620ac5aabea76310cbba37678897ed101f8349ba,432
620be489820d3ee604900f78cc9dd780f6dd2c99,518
620dda900562597855ff4a770b3a9f6a8d1cc80f,720
620ebe556b71b597f74379b48285e9627beebda4,314
6210b6565ca5fee45cef798ab99b76f24f31b349,49
6210fe95a41f3b9cbbc25751f6f7dd0f9135110f,310
622367fc0e45edd221480e7ea854cbf5c435a754,202
622b0e2d5acaf8a027f2de7b182acee77ce4717c,40
62335659c5a28a9d5565b3011134c8c2849e6430,149
6233830ef13686a36de424b0178487147679fca5,17
6237393e332e48b706c04a9a06301f332d0f6c8d,197
62410e588e14af8e2f45d60f203db0f462d2306a,230
624536d046093bb77ded87aeecbde7f82a4656ef,379
62494d92a3c034c9cd7d11bd41ae126e0ecf25c1,56
6249fa2b78ecc224612e0f3b9bad7d2cfb35fee1,342
624a4f6148c6e56a3269d38a1fb8c57b7783ef67,498
624c2e11c112be9541d4587b5e4beccd344f190f,525
624d70e7f698ecba92c164b5d71bb45f6e70f512,679
624e4782770bc30f56e86b7a52a225682bf1ca29,584
624f7ec7e1b9566b989246bd0f71d1f46b871879,119
625316bf5d7a834540e21f4b16a74f168767c7d0,202
6254971e8e05fb221827b611c9a94d8341571030,585
6254c3809be574f6e749079dd482a1a17ff4e88a,379
6254f70da69391ca9c6eab6eb6e32b7fee5d6a47,202
625cc85581f016b8f2f39c113fd07c1ffdae8a6d,535
625ce36dedddafd71daf20d2210d950eede0baef,657
625e2cd5da7e5137a550ccc7c1fefaf7897b717d,545
62685a94404500e086c03f5ad58fbabc1c4162f0,552
626a655fa5e76183973c543132ed267a6e2fcdd0,332
626cdbe05f44c4c6e24d41a83ad8fdec014fcf02,707
627bf4c9a27784ce94a622c1f9b7ccd62060120c,482
628068df88ffa5da65331be79e104a3c0ddaff6f,4
62829ef632b70420d90b2d9788c2f19acfe7d837,295
62843f855b5d1759d14efe76fd206e4605c34b23,202
6285b0985debb23da65d2f31b18fc5ca0cb19780,482
6287b9177fe447b899e98af99ee04e99d40fbc29,49
6290d0f3a8178665e24d25b9c16e2a77e3ab5ca9,503
62926c5ac8ae19f2a7d5966e56239a57e6516542,21
629278cf957f95e55ffa170b71cd684a5d7a9018,675
6298a71b00c57ef9be943496853e96f0aa12b654,685
629c5a3467fe291b3db0c216ab2530e39eb1b852,202
629f2ead297c365c124e89f25073343cf8a98a23,73
629f305183d879559256cc7741fea52ff1b07836,473
629fba9580a17cfa79c948eac014b1ef34828bca,147
62a9dbe5d2b0d78241fb0a756c13aae478fd6bdc,58
62b2d3801960f00ea296ff59fff41f438aa60bff,202
62b317dee79c79db0b97ede720b866391220cd9e,441
62c19d72ab61840dfd517a3763db6a6d0c8a22d0,247
62c1f71b5e9408a9d6035b756ddf7c96590976a2,128
62c3a43fcf3112221d4a361968f0eb7cf7bd4aac,707
62c6b0271c3877bf4a757117c0dc00fe215a428d,11
62cbcf1fa9ad551e1d032fe9629ef39b55fd9257,696
62cc66f84f1dccc97bd825d67825ccb04a706f39,634
62d3d0b22700495b38fa16e60f12527722ba3283,119
62d840be8172bb67f6d214d2393923ab0e6c2eae,208
62d9910fdc44c4a5e4cbbbad2d6516d10bf174cb,559
62d9ed0bc669523d0e873e1697e5e78d1bc3dee0,59
62dab6f3d2751a51d2d09da98d5d507d970b3218,568
62e8a19ec5c9a76a8637f5bdf1370892f6852410,622
62ebb02d796ffa9d27128f7d5e90066dff123c91,148
62efc9fd65581a59538d824e50c76c1da2817618,482
62fad958d48c105ed14c5dc4f349c52bf2bd117b,677
62fb1adba5324227860ab52aa3f649ad669a863a,545
63038add9ac5c27292428148946fa4839894e09b,202
63046802969fbaba3c745ac35bbe727151d30341,379
6304da80fdb1fc60fa890d52cc7c4d1d1413f1f6,139
6305aa86dc5602a99774d0d4195f46f2f382fe84,443
630f215bda3e828defa0d6810e7a6d2434efbbd1,512
630f72e8fa75bb1e3c3300b10fda4f4e32340c06,600
6311319e8ac8a00e6373acb0a1fef9446d740fdb,642
6319a415817836013c8773a82e3db4466bc03448,79
631aa6a5b4900b5fd706622d0e11969c4443ea5b,168
631e0bf98e14244ae228ba4c2e342f754f35fac9,261
631e5ceb5569a9f058322fc210681e91bd86672b,692
6326ab11efed05c38781a122d83265d547869a52,35
632a03764a66ba4fd617619ee95d44f3514f9249,197
632dbbdd364a10ee3fd7271a7b4bb5315ae89ba4,443
6338ae6d2e6b12f122b83aa228c0a449b3adaabb,482
633dc68a52e8294c8e5fb9eb793005205ea05f7d,148
633ec4a85b3ad0c20045a22a1f9ab60cc60eb0a1,168
634825082ad2a8cdcf363e2c47958759391ec920,341
6352ea5799f510a4326bb43a719ea45439af1e07,202
6354e3e1e4184b211b5ab84b1e2f265cfc24ca6e,372
6356626d0d78d7e7d11a475afd381ce981dc72da,390
635a0085636769d4a3e0b6f0ddefa669fc490930,587
635cf0f78b3cf7cebf992d09882cf5ca35824703,324
635e270ce0efb98b6e971c3cfe6c1d203aaf5ace,202
635f2e057cd768ca73a045cec16292711cc01697,491
635fc281664734d8156755c776cc52aaaa33cced,4
6360420eccc733250d22f228bf37043e70e97849,677
636049ea3ba42e482282090df129678e7a40fcc3,257
6366604f2e5f9c9e29ceb8f68cdbb0419d55ac03,482
636914abba454187abbdbc990b585e4aa6f93e1e,332
63704a5481abcfcdde9d4dbe50d5579c3c0d20b1,692
63714743158880615c33f420f9db4fd05efbfd0b,692
6371d3427e0388dae9664dc3ae083ef38b180920,482
638bed62342d3cf9d2b84d78b54562515a7f7431,655
638c379c645f211b4d4ac1dfe53254c035e7d79a,648
638e4e679ee8e9543245db7653a01b71d48c9e8f,63
6391af511b545c95f6efcea9bf9e41a53f643aed,506
639f5dba422345744c2a7ab593a459b9a40e7479,116
63a0009331d48d592d1f27adf740d0af84e73bc9,17
63a108637a000c7bb6950e2fc548b676cd290494,71
63a145e76d39d795c34851b4b7f5f892bc03b256,446
63a6099672d5e8af5c8be1a337059021a0549c7e,82
63aa0f28031a97ec90d2b9ba7bce42fec28f1744,202
63ab21fcc58435a314455df167fd912bc2012cb7,717
63ae92937c76a3c04809248f519abef02d6d52a4,772
63b1aba45f2fbff938bdb5c35002caf6d6f8763d,46
63b2722d8970ae86bdbcdc2d985c512db2a44009,119
63b55c99e61ba5260a44183f3d93ce6f931c5a48,696
63b5aafacaf5c171b3a401dd7147afa62cfa3f9d,482
63c1cc98af0eeb544fcd151f9b5f37dd8c627955,482
63c22f62568e1eb50b92d5b623a85bb3e312ebd3,565
63c7e0eb8d2464a9ed36b01880de266b7868934a,65
63c997f9c050d024fa53d67bc85d8cdc3b84cc4c,49
63cee8fa355ece0bf5a4602faba5625f08b5ed33,45
63d351bce506f539862a27ae81af0f2f4e9c2477,470
63d431c730d4bf4d839d15d9c884cb51e9696c38,535
63ea24e9dbe7bd0d3d7b40ae41b0857652d93d73,316
63ea55e120b3dfc7ae37a3aa735ca0ee4ed7f717,85
63ed2c619aab03c3ff1375e52c6f36566cae3fab,47
63f62e10419dcf07997e75b671c372f49f467f8f,49
6405210bb2adae1f194734bf441084cc1ae42654,282
6407bf357126ff6bdc3fd9a0a486d99dea71270d,399
640b55bb6dbc0d63bc048cc3240618acf08e1277,244
640bae6cda8b12744214c5c796421ac7d3454fe5,476
640d04d9e50445fac51a1e072b82e60bd5866282,565
640ff86f110576f67e17beb6d93429e1cfbc8720,605
6413453ee75f4d5a3b015f841c2a62618765e1e8,59
641c68a59fa157820364b3b1b71b300e034dca61,128
6426a003993056ff43e6ddd6b5c00db1116a194e,109
6428a423487a0521828f7c245ed1294c79b922fe,677
64294604992cb6b4778128f6bb48858485451aed,530
642b101b293c1004ea49ffe7a5b34eb06efa95d4,128
64317e066e6a89114a7452ea39f5ec654885b775,202
6434d005c0ba7461e886e834239255ef7c40ff27,13
643665aca8c39f67004b9c39f30ba94981f74d6d,698
6439bbe3c192ba3324cc38491332b07c23aa11dd,21
643a03f0e51a146b323a5d1fbe1e9ba8fb71fdb6,655
643f1411e51ab6056fcd3cfde3d5bcef34018a40,202
6441f31cdf885071214c6b8ff9999b2c70659122,251
64474d4f727af96725477163e3c536066949c412,772
64495b39d8e71678db4b1b017cf2a680a99d9339,282
645034905f32c5f938fffc3ff2227d916de975c7,237
645095839560d27837fcfc6e91c1ae811fd4ed01,230
645302ccc24358b1b1937ac73adab01b463c8580,482
64568e9af94626561528c933d0ea8961b6caed1a,631
6456eaae600633b88c77e8f104e140ec205feb70,225
64573341652b669273107c94fe29922a61e542bd,441
6458c6d280a095a39a450b3a914e487ea79fcf87,202
6459c8e3ae20263b265037ef7aa4b5e00d3caa78,21
645a64d5268a106b8f54f809ede00042b3e29b73,202
6462d3365675c128b90b070f7e04a9942712e080,696
646354d0d90e14ce0fb3b0cb383f6dedea362c98,292
64674c61587bf3df273ccd1feca7035f005ba210,482
646e7b138d9b8e4f84c31c17977d13f1f131d211,164
646fbf6fe736d490a1130d5ada6cd33f19aa94e5,140
64705dc71fb28413b57d216497d14d0e822c080c,393
647196f4c636eb44cd9319bc1a7dd3af9f74da9f,47
6478faf8e8337623505c5873884789655c469c86,168
647d31f8c07e1c695fea687bc7f2c83b69c51d31,646
647fd220747f9a77661e2b26077c2cf6fc7b0be3,560
6482dd5727d1a1fc114ff9a6de36183599b2ad1d,688
64831dad1e1095a03a562ccebbee4820dc0d21ad,482
6489471a03f83d5de3ac2a3e2f8982a707aba9bf,775
6489c6eabde4d14597132e8fa7767fbafd5d5b63,202
648ae95d2d3997eedfd6222c8c931abf63c9b5b5,21
648bbba3ddb72bc15fc637446a43b94f99676366,162
648c7415dd1d12b736ca88a89d7dc14e41ae20a6,535
648e5560f8f81e8e8130775a055d51e0373c5656,539
6492f67775011a6e319378009412446e5379f249,533
6498a03c6829f835c613e69bb56c804d2802decd,97
64993675ccda9e191b19881e40ea230edafa1225,765
649b12411eb0689affef796ff901710fcd8f7064,79
649b5f0206d4f12464c3f013eb60d03d87f5fe7a,544
649c7f42952b456354554bdb20594e830db41966,470
649cd8d65338e44373114a37e1c7d351db8f4cb0,141
649d769abf8551efb7cf4bcaa2dc933c36cf09f7,775
649e2b9ab6a6aab63cb84cec7b088119d13e8810,273
64aa09ad5adac5f2d11d03645b166bb169c5e22a,503
64ab2cea2311b317df48deac554f1cc14d8ff730,82
64ab698c7798164aca2f03191baad0973e7bad06,416
64abce929ffa24f83ce55a908a69060c6f74a719,179
64ad2f3150310a77dafa5da39f6f890cf10d589b,677
64aec40b01c9ac8581ba3608447018892c8cf0e6,503
64b41cc00e5e44cfa186ddc0ebb412ef480a6c1d,523
64b4c591856a4ed1b131f11d97dbf0114be67d10,552
64b805745de84e449d14f50a5d78bf2c3a7764e1,379
64b857ed03b95209a7796385ff83c74b760b36ab,242
64c0c1c7d103b4aaf7caed4443ad98425650c3c3,512
64c81451fe8904b16e903a80651c8534459b09ed,574
64ce038e1a91a0beb2ad73b6d8a644b63fd01c88,202
64d3064a18ff78d8b7d9d64bf1c068b92cbd1aa0,113
64dc983a168e4c7ff3542cceab61525a75021388,495
64dca3d3cc71ca93f42af1565021bec53a52afbd,739
64e22343f9f62711f3499e789e14417c8ca84cbc,319
64e89a7c1c534ee2f5a5f57cf9294c8fbdce5e06,35
64eb1952e014f4165f4d8350ae0786319d08c4c9,67
64f30959407794931852be0bd41c983471f7528e,228
64f8d6105122141532321739cc0c3468e7a11416,251
64fd481c308b84c50e346311925baf297fc1415f,552
65066ad7d7ee94b0190372455e0293319c4ace17,17
6506f190eafe773f2af64209f77cf68a7e8c1689,93
65076ab6021d20b5f825c453e8925b34b29ab7e4,21
6508dab9e33ff94d1feb3cd08232a0753740d9a3,544
650fa0efb2225369f8decf3c49b30e50a68463e6,482
651335869288a0e0a969e45e0d493e3670a200ae,482
6515194d4c737b63e6dad658436467abdea30d42,500
6516ab8bd2f3e90da08c4f67abbdb4dd76b330e3,202
6517870334463e1beaefb30b62b0935a1a98ccdd,372
651b96d9630fda405c989fa8653ba328d673adfe,502
6526ceb86c763b6cd6c760e094e323f24d93b71d,602
652b2a4fc8c332833df9bd331a1027a1938afff7,46
652ec957b7c512ac540bdeb169f1da5c420d9076,456
652f3c6883665286863cc3b9d8fd57f41904013c,4
6530dc5a84dedaa463801c67400765c0b666b9ae,182
65384ba7fceca6fe7bd3a151d38f4bc3e852a4ac,754
6538f7aeece8f439857fa5671552e850ed971086,229
653bdd412d6a3f5027bc48371b81de48011d306f,516
653c927f3067f112454fab34d4970b927f407f51,195
6540b643d6cb62585c7b8336905a31905f5f258b,677
6540eaa330536cf295e54ee234d28052e3cf60f6,21
654216b93ac4841af2ebda374f5096f9d08abc6c,552
6550404312b9eba407becd08523c78e8a64e1d0c,709
6551ab2950806570fdb2619c7bdcf17f1f6f3ed8,85
6557b5cc1ef99a1f58705733a102d13764a9e47a,758
655a556aa8a67c577ddbe888c4d4691203cce19b,96
655eaab55aeb1ac87f116a6d8200fbf48d0bc773,21
656251f058957387209f01e392939c943e0617ff,208
6563c309aef855c6f27d1f4023353e12612f9d0e,77
656c0a5282ed8df9ebab8979aa9ce27b90cac070,13
656d47c883981384a80b70ec2f1623a135f230a9,171
656ec0aa7414a8eeb2d152220bb45b9462ee8a1e,409
657327b9aecb7b7014807717e5bad4a3f6b1896c,443
65735b9146f55829be9782a6d78c949bbbac2670,202
657647eca541999c656775cdd3d5370642446b2b,441
657a92a99c064f463580530cf895a1af89197a63,582
657de1625cc1e9ecbab30f4c6831bba49a196eeb,202
657fe8d0c2be473fb2b6007bc5295743fa09c63e,47
658ff51e7125fc95b897fae64cd235d9caabfc1b,503
6591ba29ee96f04db9c286e5db6a89690a9431ed,46
6595f7fbe93d00bdd83eb9cb2917789e9972cde6,441
659d2cce3b4400fc4591f92694b875589594de4f,539
659d7db543e19902d18b1b0e132433ec53f99645,749
659f99e76c6524c92a57c017542a14f3ef0ca6a9,503
659fe8e2ee956ac60770438728fa8d00e0324e87,21
65a010a238fcf3c661777c668454fc4fe6fc4056,292
65a45f0aafba734109e6b365229b065407fb4253,134
65a6bd07764b7a5015ac58ce14fa991047a448fb,539
65abc215c46b4756268ef6bdf49bd2dc9d4cc241,202
65b46fe0f952e5334100265a61b6d97fb086aee1,234
65c95f3f42233d7c533d09ddda28c98d7d248de7,700
65ce0b74b7eeec162828ed79d3a9dd89f02d6d3f,21
65d140edabcd40cd15f138110f3b0704237861c6,56
65d1aa21dab2d884d618d831bb6b06e6907c1b53,113
65d44fe14b134f9259062a89c8d12aac0c51d51b,525
65d5d7385075f2fd944031884d7ae0a50e310a46,125
65d6bceb5b1789f8a6e2a9ff6c5a5ed5ff60f610,202
65da3896ed94d56a8e8afa1aa502ea1257cc19b3,559
65e1c3bdcf670f4f598e1b2cca9953460b3db944,441
65e5f81db35ff308ac863daed65b16bdb27ff213,597
65e8f8eebddfe97c21d14551170dc68f916cc850,775
65e9a465eba9328494b1f15755f3c67dc3e1c8cb,544
65ec31215f30a44d6d1198eef0af7417976f31b2,389
65ec4557a0c75b015df052bbc6bf4b467a7edf63,458
65edcd1d4d52643dd358e0fb7ee621ec1ba9352b,531
65ee4bfedf056531edffcba48e2438f39a27975a,482
65f004fe0ae5232c08097e47355cce5cb00d272f,73
65f4d535b3e7d96455c4c02334e77d1de9b18162,441
65f51fa1cfe308e53a2b4557ab2d84c123759c0d,258
65f92adf0b3d9dcb0c9226e56470ea5e39ae3da0,42
65fe2fb0a6969c100bc0588c9652b45c0bd0582e,258
66035f046fa211b471dc918e162fb674ad74379e,226
6603d250cb89332729d9c5c85a6e68ed0b483a9a,539
6608a03d6a5c7ec294b002f349135d6eb3888395,437
6608c93208a7d7637cc03bb6973c179029301733,21
660bb94d9992a6a09d59cab125a2dc46a2ed23e6,496
661148a0a30541039672c44e71456098ba269adc,565
66131e7e0e7f5ec72b9a5f9cc6737ef725e6c72b,134
66168ad23db847a42a9e4b3fcc45184ecd6c21cb,537
6619ab42358c16491ab9fa40d344e88859876db7,21
661acdbad833139c076ba92912b7f494998f0b42,709
661e28d9631efe3bdad8ee59ece11804f1b1247b,498
661f9656f9f9123525a7f60d15609fac742e6762,758
66218c8a51dbffcae6cc87e3d5b6af04955168d2,82
66227d300a4f80a8ca168688ba8724f938f366d7,544
663150532ea47b529d8dcdfafee6e94a0b31415b,707
663270533e3b34d9693eb713d228ac809fe1feae,21
66333143bd6bdce63eb6015420e15c94984615bd,567
6635037cdd13a8a06be08db77468ba5e2281ce4f,696
66382cf2547ad15be6b35448cbc2c378a1ea7934,533
66429b9638ae5815bfb8102b91189036600ee6ac,4
6643bf9e1c1bf16d641959fd47f55e0a2b7b9d50,45
66447775846feb86244f6e010b588de1da116292,78
6649b8f7093044a4a9ee614a447908011f7e928a,441
66532eeb946a41b432ba66e46674687ae5864540,515
6653fa3dcd7b9187e2a51bed6d3a1cc71c5ef276,552
665bc3056691f5835a175a2104328c8b2dcabb1f,709
665bde33d62e24cee434bee8648455dcdb687492,21
665bff5e547a79068add189b820832df1f7bc4d3,17
665e0dfe2ccca3658e497ecf54ac1dad4247a9a4,150
66601338bec5c117c4c19cd6b822271a6281e8bd,602
6660b8f319e302269d173d0a14e3d1de7d83665b,119
66637ff92e9a5ecd0aa089db0a9a6ae3170acf5f,539
6668792df3120a23ebb4e6ad81c2e04514ad9639,229
6669568214c40e3840dac782dfabb9883d76df18,500
666a32f68e5dd62c3f2b2ec4f883dd98863acd15,82
666f5c98df72964992edc2b0c704f3319b0bcff2,482
666f61252cfe3941238decdf88a99a2580b47fa1,330
666ffffed3b63eb5bae7138dd77207eb34960da0,552
6679d9a5c2c30d9492040f6a62f4ed4236bc401c,552
667bdc6a05a885629197b82cde66167d9f70eb5b,775
66814c0ecd82cabebcaa8848733f91408c5684a0,688
668d2ca31df20e7edaa55fa674186082443ac488,152
668e7f632c1889176cdf8823267fabf3ffa0c002,421
66935855999fd023abb1618a24eee4f951b1f2bd,21
66967c1d71a8c7f8bd56e286b35b69660989a162,688
66967f6f12992a655ed5afb56e41b080395ff9a1,580
66979043cf0f4438f5f79b931eef5251ca27145f,646
669b9e3c87a36b9bfa70edfad6e75048f9fbb628,141
66a3595aea17e4b9e493845216ed1fbfeb422357,496
66a37e4987bacef07dc858a7e032c150e1867c2e,622
66a597c7dcac2b812551574d564e4a841f93e2a7,713
66ab0cfca51c025895166def092798bb24e15c81,79
66b1ae00cb6d59768b76f04715814b1bb6006b7d,638
66b49b104356908f29abc34fdd0ec510a8540497,441
66b5affa4b79fabc88149e3eb901bf28a3328d0b,594
66bd023b032d7d024c9e80b5f1d34bf44dc57572,755
66bda05a672c475c4d595f7f08f775a57da42283,148
66bed6d1378c278d6baa24214362dbfb05a10f7d,591
66bf3ae0e529eb977801276331aec0c5d3e2cb0f,21
66c4ec986a61a3194dddb46730bd7ba62ef0ac1c,63
66c556ba0dfcfaa87cee5666f30263aa8e140506,314
66cd023f39d087b2ced95b21b4df9eb5bd117977,441
66d227d5df0f07cffbfa05a2e8ed9ab451c24d9b,202
66da8413ecf30921db7a2ca34d71fbd4127b513e,610
66e3e9da4278df6f593f6fbfe754e3563f4fc893,82
66e6847df1aca250dbb7769a142f0a563e6f1279,302
66f6691bbfdf9ee1be40b9e4b43d67ce3042fadb,677
67016926dff8cc57799dc18e46f49a4f9548d870,228
670390210959096d07a8844e7db46fc31df666df,73
67113a38519e5aaa4c026d5940815988f073ae50,202
6711bcae1e4abc900a463c8d6a96ba2f231436d1,375
67124ec4ea776e29023a7dd0a4d109780b115ab7,709
671579463878c8e4042d70df326663396c6ed7da,73
671a27122416b0473935475513fabcb4488f1f57,47
671d0ee45bdf38cd78a1db000b657c3acd6152f6,409
671d86ceb4b63c255dcd18f1f80e2a97eff90e70,379
672314ed9477489000d343a191089a2a7edcaa3e,68
672327206530b68780322c592b31bb4d7d88a094,253
672789adb4759cab4162047ab2876b667234e36f,54
6728737afd27283b77880ccd05691148e8cc6137,544
672bd7ead81c7d132da30b43ed8244e3c9ec8e3f,580
672d79567456b7192e5902781cbc7130a6b58aa3,506
67305032785205fbecd68ec4189c00a49ee0440c,15
673340a37ba7ba04fe0a98f90710a90fed2dd553,58
673518d4b501b7dae1ca38c6d0ecba0e44d6f8eb,217
6735ca96fffd0467b3f87d92075cfd43bb9c0cae,351
673730fdd7e1abc94cff601be9fff76fc96fd840,308
674a73dd6b179dde1192ecee10d446dd2418fdb3,199
674dcee193e8be299dac67be544500d73be3273b,496
67510e079d3047e2272e53bb403ae24a8db13f00,717
6757eaffeafab3f12fa2ba735a27fe5dbcf56f6a,677
6758aa3b46c70cdf1186973dfcb7c123d717eb21,47
675995f38430b3818d16a2db789bde69c49f8ae1,43
675cdf23038acb1b41fb7810b2f05ca8a65a448b,709
675dee5baad653c390a6fb092ae069e308da2bca,65
67635a4eea5286028f658e30c9e0bbc4eb1b7a75,237
67708880e795ae6286dd7726c6fb4d1a3f4e7adb,603
677444aea0e97504bf42dd3ca4bbee37bf0f77f3,35
67784d9601b987998e1b539c0d97204e5aae1fb1,122
6779a72f0c04ab8f97a51ee2cd75619a3e45424c,87
677bda53febb5045de05e97a14192827c0b0e35a,515
6783684ad1a4c2e0eebe2bcb1fa0d8f0fa738aa0,544
678534a8850d7edf8b787a307e231c8f7265f321,638
6795b22e2b084984fe3db75045bbb7e5c5c93260,559
679dc91e862694307366aa002e7c197e5b8cb8f0,148
679e31bfaed6e745db851a96476552cbfe9f4346,473
67a1ecb910ef9293617b566ac0c97870099725f0,482
67a2a7270d0952a0b657abe530ae0bb817d37a47,21
67a840da43e682bee6c4cc9e15e26503686f957e,553
67a8b250fd61310962fc7e9ccfe611c75df53ce4,21
67a8b942c1028a8123c908cec2716b897e7f1826,122
67a90327a1d8065551765d60bc824920edee2974,552
67b4df79f650461fd697b55a0d317802a36645b5,119
67c109cbdb98d5e3c875a013ff01952756a782e0,73
67c7d3fc68f93e8ba734663aaaf26085925aa9c3,692
67cd0477df7457cfbb97b2eaa8ad7948ce55e7e7,313
67d3216205f6ea4e9af6f52133aeb392d0a82c24,59
67d3a104fcd132a9419419d0780901bf0a39a035,603
67d62f55d22bee823258753e086b93171855340e,65
67d7093434e1dd0ebed1fbc83e67b9aa8a9473a2,676
67d7f0c441fd74e01cb2f2eb4488258acf1f0ee1,47
67d9fe2753a92ab5fa487dbb891017cd4cb641f3,21
67dbbe693b2425e89367b850cbcb89946cc26d7a,655
67dda836f76c90ea6c9ceb0c0c5d25b5770e1c9f,286
67de5599480659ccd19874d24c73887234c43cc4,393
67e298eb50360622bfdd76362c5d1b80af7f9a8d,567
67eb8e8b258d756baa1d06ff798fec8b9f80601a,482
67f06acb34a4a934f5608fc31b17e136bf3ce21e,47
67f06e7f99ca791f05c250a2ffb54180777398e9,199
67f0e35fea994238ad275d4f1aed8569564f0fa6,731
67f15ab1141305e471c6aae822fdc2eb0234a954,241
67f5743edcb1e8549087799a1b108f6dca314d56,166
67f6ac286a221321b57eb1811c553385003338ab,21
67fd8e55e9776e199961bdfcda468beac5225292,90
67fff4f034362d2d70d3d041b8db7adcd845267b,17
68021cca0fe7e1b620effdefef37dac5b0b38965,409
680344d1e6a3c7b17196b3269c74f889ade1e85c,59
680359538b1840b0e93c83f0becfeb5d42ea92ca,749
680c0af66f5608e4600f7637cd2a7dfbe6f808d6,753
680e3cf1ef5f1eb006f73ab909abc7559c9db970,269
680e407abe3d1891c81e07e0500219ba3d1ff21e,139
681754528f912a8ab2f40fb63ee8d4ed287b3f7f,707
68188cb7b6ffc874e960c6de70e5254403766acf,141
681c77e2195bf5ffd59c3179ba5e24069b76b622,709
6825edefbd6fa9cb719d812215d4da7070cf9577,161
6828ff3ac597155a175745898b2f6912a4a03ecb,550
68393891bed0433b15e8b1b7dd08d23dceaef5e8,634
683a35d1018ef5badc49837299a05fe2015a9076,202
683c8d7c9d6c1e2c37b4b5c7f1febb95d299f4ad,600
683f2418783d8f86c359aa20277477951c456039,325
6842af726716f98e8ea96e33ecd4485ddac5acf6,679
6846b5d00283460f6c4fb8369639726193d36e14,87
68478c25fa3a2106f35898fd396d559d6da669bd,585
684f18fd76ea8c78eb21d6aeab47f4f64a70fe3e,241
6851c68c69f2ec0d3d91de2ef688bce13182065d,202
685301887818327ad623ff3b9162d9fadc7fce27,274
6853b9f7b0a79599429355bbb2d585728ca691b3,265
685a398aefce77b9362629b063c419bb0c008cd1,677
6864dffa7082a054706562bf0374a438d09b6cdf,67
686579e4b5fb02fb6ee34b983f8ef2af15decab9,519
686b50d061c31fef0e6290def9313cb73d257fdb,536
686d277b06c333ef7fe78145288f681291fbfa40,390
686d5606b72214115564a257286d87ab4bd28583,181
6874ae34d4166c90c819d824be0a706d68f77143,675
687fb57fc4b01a2e5550b01f2c797bfa887d42e2,107
688200f309e1cbf0217c8674986a66c7823b2420,677
6882e7c80d38eb34215bc7e3eae9f7533ba4d03b,87
6882fd48c8948f5b14eb6cb94d4fb9205a3ca097,506
68842419dc8f809136fe38505991692e253103f0,202
6887ce00a97eea4240fa8ec46cabce9da5ba6bb0,90
689121e5a079e4e4412a9ff6d16423b3910201b0,182
6895513d3de685a3be9cb7ddbbee67d3929134f9,510
68989a8dfb82980c50268f6b0da423e94993455c,567
689a93ca454c21503470eda352f36c04ffb5372e,119
689e4b9c90b708ac6ef66c6d8bca008f53b7e137,118
689f8d899b798c95fe18276f9b2984ff987e3b50,63
68a55a1d97b330bfe1ea4b81cc9854a1a241d899,150
68aa78302d5176646f13ef0c5da7b0b4c14a1a12,737
68ad26846594d6f8a4961bb494b974d5bf8a7fc0,482
68ad8b6ce54505ce3ff3c015d98b3a062bcea40c,128
68aec97e6f6777ec3be8a28622c618a34549b384,59
68b00a6a2f5e535210f7013f7d34f28cfa0dcf0e,677
68b4d4a356aacd5140dcc170c82ebcd3307e9444,202
68b77108f65c42589e4ff3717ec54605668afd12,491
68bd752c5147e953582c92947eb7a9431c62fb6f,436
68bfa2c819f6e2fbafbc693ab919585b32385979,251
68c0c0fa0b6776f00182655773040af2a659c9a3,273
68c6f16e38bf9d57524c744ff281f89b58fd069e,677
68cadb924a8e9a2a829974a7c066b678ef633796,231
68cafb39755a68abc105d046235b2be3458dde71,552
68d1884677df440d760287ba61ae20bd47fb0be6,27
68d8712e20b926f3eabddb6e095ff8f48d6702f3,482
68dadf7f8c3356e21fabc9355a5c5063c5ff48ee,713
68e27f13627080af61ff2115ab8e17ff1dc67c20,446
68e52e3bed1be69f8d180dd096e0fc25726a5400,42
68ed62553e52bc59f6a8b3525f97bf861db47ac0,202
68f0428de23f9e23dba04bca96eb24e55ed4e9d6,692
68f46e88a8ca24818799c3d9fb764765e1359188,202
68f76355116498c52120795a34ab6f3bb0856ca3,600
68f814f91f38ebb89cf27efb8bec4fd2e4cb19cf,21
68f909c9bf901320efffaf5ff50f7ad9eb4523eb,443
6900b7bf93eb4c7a1b5347e26070f66185847e81,148
6906c26952dcf46bedbc47f126bc388eb584ee4b,355
69070693b4dc518fbe7a7a1cb64bbb0ee7289d6d,21
690a31eb13b926af2121b5d145941f90a1411751,331
69124494401c295dc3452eb669aa8a051a80d171,202
691447c23ee545fc44a5cd7c991ddcfb3e4309d4,559
6915441ef986c907d0280e9d777b12e4f6212b06,21
691bec3acb3e420f5fb67d6aecf27977bd5f2a2d,271
691d020b7156bf9384a66ab5d85859a17cbe2a3f,677
691d08d95ae38a8b2f0781964bafff03577c6a23,377
691d235b822421e0b2f3ec80055c61b34bf85810,21
691f9436dee7bd5789bd0351f07c4163536331d6,97
692206cd4b1e403eea1715ff1a669fdad5418550,79
6928ad25cca6b6d1f715d7e5501fb53792adecd4,717
692f816a99532c50886a33af77fc67b4d52e2275,21
6933e450cffe21246b53b0f154277580a65c65a2,498
69349c616796aa404b8a014f912935bd012e7782,202
6939a088c0554651176fd0fe58a8a8d82279a22d,688
693d1d0e8cba25869baac081b87d2bab9e74f68f,445
69418c689632c7901f6f5ea756359d4c60d9f903,482
694310d63769938fb0e6eefd50ee37c40f8bba1c,202
6943526d7f7e8c645241295a64da96aeba2f9db5,709
694bfb8f337b223ca148e17e341e204757d233a9,559
694ca5bdf59ed3b565fed7b443e4287d548dfe26,135
694db88b532d17fe9f7bbae43a476129b4ecf654,550
69524d25352e5c5823c167770b1c53f550c11533,21
6953d6e5a00a384d460f699d5be471ab62bcdbbd,220
6956b897798023ac9a9de9b46366c2fa71ac361d,332
6965bf741cc11955f50984a466755b341ad31787,202
6967a793228088ebd8c5657af555b77f592ed329,443
696b843196e03a30923f939ce2fe641c87074761,428
6971aa0f1ac43e262ebeb813a1de62bf1a16e880,427
6976da9d468bc5a395ec7539e353e237a985cc84,482
6978912e6c7c2b239c79d599ecef7956d809f16b,755
697befe45bbc9f5ce1ba3e636adb849b814aa28d,482
69816da040f0f40de7796392acfacdefacb0c7d4,81
6982892072d8bef839ffc96552c2b463e5570d43,578
6985252e583718c3a5e27a386bc2e2183d20b3b7,775
698888d81f7a42198c861e0b7e4402e9b89e5873,552
698af78a5dd25683a460607efa8669f663476ae3,286
698db8d9e2110c3147a5465ced19973694e1f04a,587
699471aaded6906cb9b0eacb7edaea2659a7a78f,342
699a1cd4f345d7e08d5a2ecd1eff2fb47c8fcf11,535
69aa80d519b99f50635e4d97a71afefb49076e62,229
69af0c6c827707c846fccdac69ef84cedb5a1f86,677
69b8c8746ff66704b5459733ef0884bd4613d865,518
69bb9a29b0c4ef5c89379d8cea6733769e5168ba,26
69c1488230df8cb0c9b2fa743469b89bd4b9f6ba,47
69c9aacf75437621159e5d280f8adc47a71f7345,691
69cbf24acdb342fcc50bca5402e8f626795f27b2,119
69d128a119aa7be6e149746b1f7fbb135c76926e,313
69d513cb5789cfee74f303aa3f0dd58e6f1365ae,682
69d7d5cd59c631a219534f2b2b24ef621415c370,139
69defb87f8deff7b4e245948710d3c402be6bdb8,552
69f0f2a96e2c7d861dfa4dfec516933973d41681,482
69fd9d765c3a89ffa2fff21a5c46fd0e7058dba0,552
6a061e156b6a80ad70184ef01c8e1dbcf610b821,73
6a0d43b27bceea28ccabcac6e6fc2d8b799896e6,261
6a16d597abc62ff943a8b529ea6b33272a08b0f3,610
6a1879d8774d341f10412c97e5531bb04c3d6a57,535
6a1da5c9cb8925f0a6203cebc758f15bea09c33b,446
6a1e3084e7a94ce8ed8582c0354ab1b4dc38845d,709
6a2a621f6f7b7148ad6940c2500604024c25c7eb,299
6a2f2aa67bad48d46a4847e02eddc296681e46f5,21
6a2fe75167a8378885dc7124d941c56f392dc8df,482
6a32a5fb1ef536871e65acf61fc0dee4976534c5,482
6a3586884d7017d43ed9097a0eb7e5521bd0d556,258
6a3d6cd7ea7e749840cbb7555d80e2233bac8822,202
6a41659ae6d041e9dfef008c482bb8ee8bd05b5b,408
6a41b23e15a19b0b66f06583777e83a9d52c6386,21
6a46821bdf64641a2d62e510b9a397c5ab7832e9,277
6a4b2009400564e3de0df13a62c66346fd39e686,119
6a4b25f33836d41fd90b39768aa0d2362ea9d577,599
6a4e9253ddbb1382643e08431479e69736eaef40,441
6a5a99c248e4cd0ee9a3eab5d8ca7cfdda2e2fae,677
6a5b73b1d290885b826a9fa1466f313a22161e34,21
6a6157142dcb6bdc79271cdf6bb0e8f3c55e5af6,168
6a65a5d859f512282308063fbba1ccb603ce4509,379
6a6a05abcd90b3f25f9e2c5ed04fa95058b08581,282
6a6f03dff9a7d63aee9ea3666f807d1030ba51ad,623
6a710bcdc50f725984a261ffaacf68813ab06305,202
6a715557ec3f3ce07aa612013df0b69adc3b893f,21
6a7af26e23c29de6dd38ee6828f18e6fdc9bf25d,202
6a7c9ea3d39117f5b8a645780b5e22d9f0b1b931,515
6a81928dddc63753234c9edc5d2fe16e6b957b8e,518
6aa2a5953cdf16ef692bf37c03b472eab5b38563,265
6aa48b0d99b1110c7f45d5dbe58a66de9a21ed55,679
6aa4aed28f990873fdfe033e317620674e0414ff,21
6aa64b189232fd53a5f07c043d36c3221b69638c,47
6aa79db12b9682516c0c75230a8ec56b64f4204e,295
6aace6168e8191cdb7c0d85b4ab4e4b66e7e98dd,314
6aad45625972b70ac1da1acf9c17251c95403849,512
6aae17f6025328f7bd4641dd0b52dac60f16d1bc,743
6ab32213d666ed1a5720f44329ebcdb251e63a17,202
6ab67a97d71de9251e45be42ba0787ef15a1d3a8,709
6ab940f1c306f29e80d1b28fd94d8bd92fe09e11,21
6ac51a14ba82fd6c7090af2bccdfc1fda47fef4f,482
6acb3fec27a7108e906fb6621210e7b0679e084e,737
6ace330a4b2331d96e6675b6a58a4c6949bb4504,587
6ace376cb8a856096dffb12a3fc597e76893ced5,21
6ad0314835ab16f131f1c8af32e2b742072b7a7f,677
6ad8b9e8789df3b0151b124416c99e18e162805e,9
6ae217cea9fd9216fd611ad18bc6ce807a62ed02,21
6ae7c6ac6ccb6d1d7b1e2bd09f6a72080baaa44e,260
6aec7235df0a9937ec60eb7c19155c083f8f5a9b,152
6aefe47d448ab0a7ad035ea133ef570872d16787,638
6af07464bb9619ecc3f95472e7b4f17f94e83d71,202
6af6b16f40c4421fafd4e4705b2b1ab182bf1257,27
6afcf14b8e59f305be8c07c70c1265be99b2782e,685
6afd62b2f574f999e15ca904d7775a1e6cd15e98,218
6b054f583a935b6ccfef8d67a9df20cf297e1be3,134
6b068af8e5827133fbdb2cb117e4eea1f14efd50,470
6b06932cd3d280baaa9b3c1c8d56cf6972b26f9d,458
6b0848fcf633ba796fa134fc9dcac3c2751c29b5,235
6b0c4d4a213e1c02ea195b4cbda9248fa9facb18,591
6b0ce028e843622f3fcf466e2e5eef3e28147e8c,677
6b0dd9faf65a3ffa1d01182638a6ea895d01e86d,560
6b0eab5188596934cf8325da6448f8230346b674,280
6b0f03562e3c03e9978646aeeb9c24f79e1267ff,677
6b146651a91050cb7c949c83a8d57ea72dded06b,708
6b1771983ac2b80b491bfb85a20e116046e6eb14,128
6b1dbaa82edc0f451df0aee5472d9d04d13922a7,56
6b238b11f247469bb0eb3516907d263567aa43e7,327
6b2a0ed77fb08e2b1ddc779db08af522d1bb9203,552
6b300f8e88859396d67ac893da1bee2abc0b5e0f,35
6b31b926883a2f2e4a1ae02d952c8cea0a11f3a4,202
6b31ea42b223cdf39927eff6aa19526af4ab8268,226
6b3210f89b09a6f83eb1d04796f01de41e8f1e4a,500
6b345f2e001eb4b61a21088937070bba7fa7af38,655
6b355ffd20bb7816895acd2090bed071a7c037fc,479
6b378c8e51e91741fa86af0ac948423c42e25e54,576
6b3d5b106319b42a22d46a1c5d9953b777ac451d,550
6b40bbf8859ddbc51ceca50d0db6669d98a53a61,170
6b47c5d54bab3c272447d757949a794f32f112f6,477
6b52cbccbea8060d283f26cbcf4157c9edfaedfd,304
6b55bbe2ed925c1bf2f34b6074aba4591dd79ea4,73
6b56ed333b2207dabfed88489850cefe6511d256,552
6b5ae6410035db5a887384c25157a2c619e6713e,441
6b68333dc5944b025f8ea19c0d9d8b26bf572b83,460
6b6b160d6a85466a21eb9cf9c34fe855450fc012,379
6b6b5232382add25f9eaf76bf59e42a112321410,217
6b6d11c4b7606277cfae9898094b7384fbf3c84b,74
6b71ea535039214b7950798873c0d704c258efbf,21
6b73541f5a8f1f5a38fa0d0acac27addf12a6331,621
6b77180fb2c718f8c47a03d35b430b7c0da44070,679
6b79696d229a40152478db3d12604ef5f7bb072d,602
6b7bf07174feb500e8e5b18eff60c9ddd5956c36,48
6b7c7a6287b63a7ed7ff1190405146ad9fdaaa33,512
6b7f5b696fee32efbd04b94d3422cb96eb475378,90
6b809938dffd48fcdfd4fcabab2d157d800ad8f8,168
6b84763d23ae963ad3963c77ce2bea62ca4a8aae,255
6b87e116d9d7ef072fb57a4e16b926af1289abfc,560
6b8bf33d272bf11afd3b1a0ad1387a78d818a69f,68
6b8cc6958a7e8c18b51a2aeb7e89ef107ab8e61c,101
6b8da600df483ec61ae2ae304f1a15daab6b8a5e,182
6b9a05786eee06dbccb23897b864552c30f6403d,251
6b9e432f00ce4fc34f1eeaeecdf49bf05861bb5e,383
6b9f9438df985f783d7651502b1c183f97f6c196,677
6b9fc8b43fd098b238e0e56ba595b69630ca6cc3,709
6ba49c0740a2df214319ba0c19314ed0e3d04cab,237
6ba9301a3b43fccade69e79d756c78487c0d3ccb,379
6bae6e98fa320f19e3f9dfc98d94cae8794b16e6,124
6bb290a2da6d95d3db8896e3028006bb9d7e980e,13
6bb9daa0a62309e6f2d341475925bf6754350956,709
6bc025ae9f43fd8a4c309eaee2ba634f6501b657,21
6bc0409ead126300db2b8e5865c4d18be633fe21,97
6bc7df430e48f6eb7740a437da595ca6e27288c5,586
6bc849b608c687f2a4050459fa8b2b9e24c45c90,139
6bc8688e6cc144d9abcce32c831a7766764f1017,202
6bcfd29e5e5e36220ead7f7779aa867a8b485df7,101
6bd1d990be43334e0d66b64b7b7c07eccde977d5,41
6bd24f49d0a21c0db7793fd3e72b7495fb82c81f,45
6bdbfe9535987b60d2fbde142b1ab79a89743799,36
6bdeda458681dafc3c2f5b6c4b0b5c17b8251b10,316
6be1efa2b918efe0325c7fba785250fd12b2ed00,133
6be7b1108f606759497b406448d07e18000678e4,202
6beee7f8dc3296ce7316a051d3a00a8865b19f67,477
6bf42a5f77727102d63d3bc638ce97f282a247bb,544
6bf4cbe197d0dbbd1f4aa9a687e8784cb896577c,766
6bfddf19dd5cd9adf1587b11ed9991f849094464,219
6c003a3a50d7387f09ee8e6ce9529ffc4cbdd673,47
6c00418ed820346e0642b3e20fa77693638568c1,79
6c00d484d88217cc3357a392bbc53dfd63dad28c,257
6c011689d798147bb9255e47b6f5ec3d26c3ab81,713
6c04854c920c0f11382b84f99acd9c9ce31203a5,56
6c09e61978523044a02df14ddd049c1720ce5ad6,686
6c0b3d3765767ce679196f0445a91064ed27e40e,379
6c0e61e3a8001130bc8391f900ad5574ba559ba1,544
6c2555802fe5585f2c8d3722300b10d2b6cd0857,148
6c277b42c2407bcb5e936879759c4e8e531560a7,21
6c2aa417d8991ce51d37e8986191b45160e46090,613
6c317e5c43cc81e9b5167ab2051ceda6967f57eb,428
6c34553b8d5ac7063ed48e126afd726ca9672e3f,21
6c3c58522952ca367422a9efe6a199880a900ec3,476
6c3d4b02708ed75dec5ef29fac73202d47589f80,554
6c3dfcc4ca8259169355f56d9dc51d088a135f24,539
6c3e9f3b9ca86e21613d89025d26221e16f6f2a6,4
6c454b58fc5fc7fb0835cbef47e0bc2632a90c27,482
6c46462165aad67c70ff21cb8bf92ce4f859cdc0,677
6c55a69637cfca9a95ca9958c311346c1c6c1cda,600
6c5fbd36370c5ce73950386a6fbb6944a57ef1ed,179
6c63b9cb277c6aeae5698c9ee41b650f9c3ccd33,156
6c6508be3b5a3fffd6bbf8c8c1dcc64232e9858b,537
6c6bce4f261859cdc678e5d2a5ec3285c2637c48,525
6c6c7857f2bc68d37c4d537dfb997aa537d55da4,572
6c701367d2fc870e6238d0ae1c6908ca03a9693c,241
6c70cae68be6a50a00aca57806ea1eec815128cb,157
6c7362a2563598ae10941037ca98abde6bd250b8,675
6c77e035d01f8ffb50aec505603670a55da6008f,176
6c8b36c91a620714f867f2f38877d8506e1e66e2,580
6c91f9456071a4888b792a9545029b75178c5029,214
6c9271d4811bfadaa4da0603b84f01fc68d414cc,524
6c992159043899916979b4441a6277225986b55f,685
6ca4b7d8bddac27e68453eff14ac0c926d90be24,78
6ca5e19e6135ddddf72312bce5ecc4a7709384d9,251
6caa5b774d4463b28e464de42ad96ea80b612f11,622
6cb475760fee9ee18491a5a2715364ad4efd8782,610
6cbb4f2c2f1ee09da98801ca1e190e5fe399ae49,139
6cbd7856b3831e0a7e4986d67bacf3832c118fb6,139
6cc0ae099f9f57387ca549ad4ce3fd8b3d2d6125,21
6cc78d80f241a2c66f206f88552be1bb79275340,583
6ccd6f47a0500057183c2c82d9ecf4c98e2f2794,709
6cd1a932480360b174a2dae435be6eaf8d5738f0,565
6cd4b3d87ed30fbb9bdb13b9966579158519a058,503
6cd938842ff8c594d692597588acc93ee6121197,85
6cdc90a02f2cafee7fc21e30026a854c54dc4727,202
6ce0119a22d8799767be4509e9b16136d5861010,512
6ceee7bbf7a2670760f5c52ff876cf57834b4711,330
6cf2de8daf11db62182940a86af74babac7f5a5a,46
6cfb65c64691b628210c61698efcb8300372864e,21
6d00ab344a59ded83551baa45ba6bbac80764217,152
6d0d061af55b0f0e0e5aac54725b9913f0535fef,512
6d1b57a30077c6f7662d50e3951a221d3873faa4,506
6d269aa06bec1046f490ada70cfca1d357dd85f6,681
6d26d5ff1f05084c9471ac74dad1af79118487a0,496
6d289c290e9fdeef943cfdc39f2a51cefd1c5480,21
6d29ebcec3f3a078b115fd5f7f51ecd8944f4df2,686
6d3a4d44646514162dc09a14e5c6a70b87bcd773,282
6d3a805daac1ce38d9e82774c0a11989205939b7,281
6d3c86cf199c56671f63b52e7c844740202087e7,482
6d3d50ba0aa6c913222656630ab8287725a378d1,713
6d45a223fbf28fd411bcb447598a74077c66b882,341
6d49d3eb31f40f472b91bc90f7dbb7729e8fa257,544
6d4a767870ed77f36951a6b89309b7336de995a8,552
6d4bb78b64a4e0662dd05594384fb67c350cd853,82
6d562485d33ca5127b22e43db1a2802aa2819fc3,201
6d57d6844daada93f789ce47f1c91bad31ba550b,56
6d583333c2010929950aab2b18d5c1bb73fb8d1b,59
6d5fb0376ac196875f7f860308dce73395b7e551,68
6d658b464bf31924f4382275d836cc6b9f3f7916,118
6d66cdcbe2660e3d9eec1bc6cb4535a05d1d58cc,141
6d6711c1d2740d521059bac1b909bdf7913ac793,27
6d6717e5599fb2fe41832c0a4199c8607754b596,141
6d69ef47af876b2db949147a32c016ef81c54176,544
6d774eb2d3b49b523a197f7ff1e3c560a4472580,47
6d79c301dde66920a3f13ab7a89ab457826a6ece,128
6d80077029f0b5e99360765d53d33b160d0c9717,226
6d8202017d71735c2caf64b53e3521123797c3fb,378
6d86bd8c88ec05f6eb0880ccfba937202fd31304,49
6d8e27ba7780f1328e4f2a5b3b2c550a6687cadb,610
6d8e7a9a0c9395ce1e371b28f7221fa5d7477d40,170
6d8f59f3994af7ba8d37926b2496587d063bb421,85
6d933fa26eac021e3dcc8209b616616c685a8e03,46
6d9d744ec4e09da0a198a406a8355eb204d911b6,266
6da58eeaf421c0f0e80fb3695618bef6b9e4b632,691
6da60296862abcd37ba2ed88bba6c6ea69ec5b15,140
6db010de00b910ba2f1aa3568dfd87ede0ab6b82,332
6db0510fbbce40e0bfea402a436e2f1fe84ed740,82
6db18843d66a02b1bdae716f919108fd445e2d5e,655
6db1c7b0658a1dc4092c080fa58e9e2e51bf9e01,677
6dbb4508701de1a4b60a36e85c6d5b1cc5de53b0,168
6dc397abee8ec6c8fb8db907655813581204b40b,202
6dca21aeca3f6d5ffc9273fb1918575dd3a38cb8,128
6dd5efc3cb7f8914272bf21bc5ecdef87fcc12dc,523
6dd69cb0d6ccb827244cb209fd7df900435116d2,47
6ddf70ede3b5bf448e075a0d1d4390fa9dc7400b,168
6de0d9ebcb31d021e911ab4aa575850f086a0866,202
6de2f226b964d35eb4e14c2f7bc4d8d247723922,482
6deafdd6735ba8cb6c493a531e20b9572bfaa0ad,202
6df3990a4b7215bcea40afa930d321af6cec751c,21
6df6280768ca0834cb40b3a051d5ffe3b5036422,775
6df919ccc5656c3c287a9593999f2b37eb707af7,482
6dfb93e0c4d08afa9d1a670ece76fee6489a6171,711
6dfd869239e6baace5c53d7b7d66908acc6e11cc,314
6dfd8b87ddf6fc951daa7181a0b8ea9c06fae430,11
6e010231566ef24a0e8115a35ebaef822b9532fb,82
6e07d25af319771afb983a8639651afec8752841,34
6e0e40c6c49790423bb4c45b8d03768481d4bc2d,676
6e206f01794276c7f7185b8cd79e5efbf5279373,64
6e2227bef2143b76974d5a4bd8c59eff28e47f1a,251
6e39b25a72f3cbc0ab2b3d8e53cfa47bb3e48cc2,21
6e41592b8021917ee7fcdbe82919145f2332ebcd,13
6e426c6081f6fa9b670a69e0051619a04dd207b5,576
6e49a1b99c800b39c52104615b52591524ac7f91,512
6e49c813965f30aba48e75f15e38616d9c956ff2,226
6e4a18c323e341fe183bfbd13793b63b30de9d2e,585
6e4db6132d466c419cd82c2cbd103671450476c8,379
6e5222237ea556747299501861391a0545852de9,482
6e56d9cf070c64e4fb35dddfa551b9a5e9535118,715
6e5d3522b3f9a8648830715b596e76ba9c5390cf,535
6e66c603fee5a86562158bf6de7a979542d8cd7d,703
6e6db0cea42e7c972a1148ac38c898c6c1b20779,514
6e6e161af5e020187b8a9e42dbb4c04bb125cb56,21
6e72342998cbb0aec4849aeeeca6769c68aa0f89,273
6e736fc6c72aaf3c5d4cda4566b82a92831d3199,4
6e7bc3c3f6d1c2931d3712c7c85cf5b5e22e94a4,567
6e7deef61e5d14100d1c7520e3b94e70f785fb15,56
6e88489c64f42c51bb32426ba582807a86dc205d,314
6e890f76e7a376a39d9892b41b4d5a3a110bb455,569
6e896db94c7b04b15df658cc1d5ec4a29391a2dd,441
6e89d7149d33849286fdc9cb34dc2799f7082ab7,93
6e8a54ae7903260db38a7b1c37926e389a32aad6,717
6e91c9d437f5bf1b4a54f9c97d253e391b2738c7,206
6e9da83344c8034fd741d56194008738c5279704,341
6e9ea25e2d106c1fd3455854d3bedb21e3166174,485
6ea15b447d8073976925a13a2cec758dac341b47,52
6ea51797370bd02db0729d0e03daa43d185a6074,574
6ea5ed5c6d21d611afeac6881df54473976c5787,441
6ea7137c6c27119f9ce160e1c571cf046a071c94,533
6ea7224674620f1a01ecb34da4548af3c13fd36f,257
6ea94c91152f418927242588ff71f8f77b33f78c,482
6eb6a5de6f94a1857c1499e91ee2e719d99ee0cd,427
6eb918f5b1cb6d831b4cef55f90faba6a5146b33,717
6eb99f78a674f5251b63b50ac99cf5d4746249a6,569
6ebe0ba382c696cf1f3d609d85f6c848c704eefd,202
6ec3d48b674bd294e816692270612e86dc62b330,473
6ec6570e134565511587b1ee0fdbe43222b505cc,90
6ecb052cd80a3b57220aa06eff1c1bffc65add05,539
6ed274575b26bcbec0bc24c0ec0edb498124ce8c,108
6edab8858ebd14ead2ed75a694eb60b6cadf7c68,128
6edf812205e7a38ce079d46fefa9299bcf012b33,42
6ee1a287828effbbc4f609257533a2b08a69b63c,707
6ee1f18240d499376ab083c4464679da69ac509c,515
6ee32e0d87006cca474e3a1bc9d229d8a1e0ab0d,101
6ee3847d40d8c0033e2c5050835ee4e02d397d92,526
6ee51915b685b5d6f31d23321bbb5296bcbb0856,168
6ee82985ddc0705664fc613e1f07aa30f80348af,681
6ee89cca76af7f4e4ec6c803acdde6c3de635ceb,677
6eeac77580c464afc42eb7e40165615bf4824873,65
6ef1a3a0c49eba7d0d6f9424948e75b202e09b66,482
6ef3e68ed5a86bf97c242b046735555e54dc7430,530
6ef451c71cf3ed704dfe53824dd028a64f436fba,729
6efc8d54b392747c083ec35ab7a5c7eef4b40a2f,677
6efec4d82c0a4366cb4c31014bd01a2a9373cd00,565
6f043057a941e7f5ef06d50cc21e7d636d7b6673,295
6f09f51e7024e18cba643775465f1e63be2376c4,621
6f0a1d0aa7d317a95a1847774e9bae99e43d5ca3,332
6f0a29186255019c9bed0536429c1ddff2e98368,237
6f0b31e8779ead0760a55fe267dac49282b37565,202
6f0f634c924897d9abb3f8cbcae11d8faee5da6d,657
6f10507b6c4183e4be86d4637025b50c28f33483,202
6f12187cea767333cdb25ac75a9ae85a2e944c53,295
6f1ae37983ee48717d7004d8d43f5355a25bf10d,389
6f1f5263f2671d938422a8e38f777df1aa34ad4f,107
6f23ef641f3df98705e93d61de355b537fa339c7,655
6f277376918cf086c94a90760cf9465ad093908b,119
6f3307e96357f865d992aca4477ee37b13e8947f,135
6f37d35405ce3ba19be3b1f7b13db19d0fd23d2e,379
6f3993ada907a79c0804dd8f47b034b728939590,576
6f446e993ca3030e03928ade86b10d2c0949b058,591
6f4fe1f87e688b7d8c37be69a3611c02e997f5f5,677
6f54a4016c201fe4223eb16734fdc11271c7a1f7,21
6f55fe5211e3f2a92d79ba7dbd0fef438c359352,202
6f5de4171debaa102be32e8d7daadec6c8277a83,677
6f5dea18383e9e5ed26ecbaf850e3abd282d55b2,561
6f6261f6b125302370bb4df6fc4b76fa2591793e,477
6f672ced714ccac1d552b6a3e00618491fc36230,547
6f69e69a6c6aa80f830b619c37c5738b3e9c23ed,552
6f6ad4506501a0490ad1e066cbb8619ec1b6ad32,175
6f77bd141b487ad638054e1a737a422f3ebc2ddd,684
6f8654972a548a094ded6b15b9099a390472ae95,592
6f8766905126b9e76a162f71c94583ca76fd89f2,525
6f8bef417e49077daa67b0383034561356310bd5,314
6f91cc291c4d90298653ca5d5beb36428c6e2d00,21
6f9517620d8a9fa4432345f517784bab97ea5e3a,604
6f9a1c32ddbdf47144a7dcb48887e5cb90294808,331
6f9cb29e734b8c9f4b15c6e9b8e1fc5b3c133a54,73
6fa61f36ce14bd4f242d19121f29012aa389dd92,559
6fa73c51d678222470adcea2f579822a16ea0a00,688
6faa949cf32321b4abb60dfb378d57f51a41da28,168
6fab2b0635ffcd29bd64a83ed8a8728b3b7c1e73,47
6fb72013171b9fb132988d195061c1bc01c6602c,128
6fbc0efef6f9122588b4e3379a368bc8d13ca624,103
6fbf4db22be00efc4ba29dbf15c41100b1feebfb,470
6fc833d6ca675b094b9861aa272a7243b6957438,189
6fcb591f5556c05a06f4465567cba3a965c1c168,341
6fcb9ea7631a2b506205a60141c322edd8e651d4,677
6fd0d0a97aef785fa93a751b8d95d79c21248c4a,772
6fd2289192cb2fbe9e2d79769b5272a56806ba44,555
6fdb733ec013a06d168f433e50877e1ea25e88b9,597
6fdb82627238e844e0581b26ac07e5053e6c83ab,82
6fe419d00b83046cc0f9339667a3bffa15aeaf53,202
6fe7ddf75436df5b5dc33e16f2b334cb44a76360,282
6febbf5700580aaaae6858572f4d786b768f4d3c,511
6fee4e73cd939115cabb5346fc7a1187af18d897,152
6ff6416486a2a46ce2a134a20e1ea7ebf1cc1100,675
6ff88432d000012ef0e5fbcc896b3a340ef303ae,96
6ffe361041e598899acc8e24ba9347a75cb3782c,21
6ffe79deee388017cfbe2ab33f987665a4841cc5,441
6fff540fca69c948af1debf6a000d18d34557514,665
6fff9aa54a8e3a30a78be3c81cd3c052bed5d52b,4
700a028e041b1673b9c690b9c319bb46ca4ed817,85
700a66b42b7d64ce50a608e181398a455dc1c64b,646
701956dadc26008091f364a20fdb7c62dda0a785,441
701cf8af94f2cbb626af64f6042793122acc08fc,531
7020076478746e2677d948e6e0199f8e9272e820,65
7020be70f9523f628cfb2bc3ff224a437d18d1b6,21
702e169d1bcaee22bbe2e4cb0fcb6f3402ea25d9,113
7032801b063b65c2b7b6b414b5c18f53c2eedb4c,152
70394aedc3ffc7c05f7a81d0e8c3efbd72706a42,441
703ad0046fad265dd523f20b3111e1f2130f3cee,273
703afd39777cf238e75aa3837752a26f99f2ab0e,580
703f95dc4ff62ecbf67e08fd36d52edb8bb72ac3,292
7043adfe070db024cc7208a7280490c545c3209d,50
7043e8a74f0f269e98c98e624dce78fcb7d380c2,544
7046b43d6c6251427977ca9e27ab6bc0c44a33e7,611
7048f4100cb3fc1c9111dfd80afebe0f66c41114,369
7049803936e8f9b98d1c6cc126fd83cc3aefd335,90
704ad7e1f66f4b78889475e028614dc954047c69,775
704bee460e9bd6bbc87c4f6a23132475946bcdeb,75
704cb5de0c3c1cdf6c9570e47870e57a59f5dde2,45
704ecfcc4a906c7379a501c77930285de99665d8,482
704f67b53126a9b4b018826283815629fb7717b5,679
7051e55cdc036741e2abd3cbbc052d5c976fffb4,590
705e177e5eddf95880485755852fa63ea2378911,21
705e82c71b3e88c0589f9c2c92cb86805e4f4d8e,482
7064224161837789d8e3b5c14e5c2ba827a80a69,574
7072a1df9831a1eb73486fc32c4bf5739839809a,692
707318ab3b890026504a08562ee6e40dd056d491,46
70787e44ea8df6d19df860eb1346eb8920e34042,202
707bdbf8ca670a0c87f7c8e5eb656a3627280121,467
708999ea6b4ae20e1ab11c594129c39f361a2967,441
708eb5ef6744f58d97c39ff85cfd5ea79789d9d6,43
708f0268b6ac9a5d0abf7242d716c85912d5f0a6,237
7091f70e9c2247d306fe15ae7457aaad7331f665,241
7094e7eb3e93aa3517db55c06cc313a42775b17f,553
7098065f2e9f4aa86ce8779eb51822142185f7a1,655
70a0a42503b7411e355f312d2b2b0ed944538773,590
70a64c58c73ce81d4f27e728d2c6af43447a607c,709
70a7c0145f4d678ff4ebb7dc7172b2f8d28f699b,45
70ad9cbc375abf6c627300145fb61fa976aedc02,2
70ae9f638cc2c1c9ada44806c8e8eb01de9a49b8,585
70afdef1e91b7d484735142e9106a08080558170,709
70b412cb5e9582c8fd836dd8cac353682f01e9b8,560
70c82b61baa8881e1ddaf7648f74a3a37558f352,174
70c8937f88062c58967303f463ea206e440dc85c,77
70caea8e69f80ecbbfdb4093ee834b57f177c82a,677
70cb63784dd9da2aefde0366a7140257019efa4f,600
70cbc1272ff885900bad760eb1a2f1b25ff3635a,45
70ccb8267224cd1ec9d117d6e02d74d67148a678,550
70d0645e04394172d90624b2ef728eea1ef1e576,569
70d1ee00c275dac49436371ec74e227a1d991538,179
70d274fe4e580c6bc94fb51c58ef08782c4b7b1a,21
70d3b66d966cd702d414b3c59e155d737a0c44b7,217
70e639e136fc28326b38780270e3f96acd867c69,491
70eb8cc06ad8b7808132c1569b56220de958fd49,420
70f08e43b4550feeb14e469236aa49b71a1e9722,398
70f0b382cafbcfd8e31dc7539be891d60ebbed67,512
70f11daed1ee5cf7ef9a3faf9c8559d3bed9699f,533
70f20ac4b710b6c5a0d178b89e058a364377f1e2,202
70f80e0bba97cc971f13cace6251a5efbab7f1fd,552
70f9d5d58a8cad1390ccc524c2a5af2c0d250ab9,379
7104a3100303ab3192101980a9361fad433d8467,717
710b1f76d880b0d287812d10de95cbb826b06b5c,550
710befebac555b1f09a98dcd674f0540ddc55dc2,202
7111197691e1770a8a640863de7ba147c7d66e23,716
711859768b2139ebb01b0426404ce309724a8f65,21
711e088f13ee6e66034d115e68c9bcf89b478ad8,503
71203d690631c437e93b47b55fbaf0d731534a80,128
7122eb992e14ea64e89b8342b32de75ca3d18ef6,544
71249779f4a674694433bf0f72d3b5389333476e,157
71282476f4fad20f771d37cb1bd6eca7273dd104,168
712a8bff8ae970b31b05c280f5db7135f88b0c08,482
712b33b19e937596edb02e414eb99730809e0f01,26
712b9a9ce61412d63e48681f6559c29bd5c3a548,162
712e15b67d606b8ce1cbd6d54ca0f1d63c13afc7,152
7131c4e754469f9153c69ec5d821aedb30cbff56,101
713b73977ba79e1b9d02817f5574be0cea4b014e,21
713cc4cb1e777993c08f71196fe3ab5e1b97ceef,21
713d75c98e058e0fd38478902d56f0cb76b70b2c,503
71402f0255affc4f4b6b9089ff4b73ca880aa225,168
714384669e4f6471cddf1e0b57a7c84f5d53a72f,539
7144b19824b17627c2c5079094cf1da78e10adcd,389
714709e4f84e81491e51bf6fffa7a7930581c6c8,13
714b2b87e66fa6368a363c169b0bd79e617e34ae,537
714cb6ca881f6e7c8e636402603905c1eeea9c61,45
714cd730d6e91508e896b55c7f816daa315ccd72,696
714cfa7f53093717301149b4eef3198676530eb4,539
7152c6dd292cd9974c24c067f427ab3192a11dec,49
715368397bf1a8d52a5adbf79d98bc9481a66d96,250
71693a9911a5046f79a8a4b8d0b9b2dde067882e,92
71787ffe3314afc677fbc4228bc224dcc5de69ca,634
718367621f97ea608670be67a27285663cd733f6,120
71857c61140079605e0ad52135f87f38423e4c11,604
7186276296d69e799c6a23010dc012595ee73abb,231
7186805131b919a2ecaf751bc63108e3443cd9b3,251
71878b60956bf7914a1475484fe369d221aa7c06,560
718a5b8aeecd93977e4f05db52a04e9d2ed967d2,101
718dd5c257db59a45a7b3a5f9ca95d4aea6fa036,48
71a106ccba742b0f858e80083f8d58d0ab1919b8,547
71a4b5afd46dd03889e89e9cf0c2c0ee0d725d8e,21
71a56479ec1819419a9b3b19c7412ec13dd8f835,46
71b1c9783198352f99c210b1c885d622d4a90afa,101
71b4636f40a29124b67fd75cacabb532b35ac3ce,21
71b46a49d83ab40f1cf1a4eabaaeb839b148d014,21
71b4847a21b6ace95addaedd86bbc3b6104c0f96,482
71b7d8ce235bc6057d26a4339f82652ac62a8df6,441
71b90cdf962547ebb51b06f7090cfe6080f4527b,314
71b93ab542644c9b1098406ccf49b5df765194b2,657
71b9a34b6c5aa3dd84f2a0026998037cbeb08f0f,379
71c1aa165f7467a1e2439610494c5cd4a13aa616,110
71c213a361238f32411ddc220212876bd88480b9,682
71c317545ec5921815cbab78a0c7aa2f6e8c4557,685
71c74131aeb2ae85b30fe30d774a4eb5fb5ba9c1,226
71cbaf8b4ff60245254649435f9e9750cdcb0798,709
71cbe4881fe8b8ee4d159e5d3d8997dea2d90267,552
71d4b0613b33bdfa06873176478adeecb4a29176,443
71d9c358ef9e87fb9bb0274ad8b76cca7ea24a35,48
71dc388d4f8235350829a64becd6a9aa14863b06,289
71df577b7dbfa88d2f7e9608bcdbf6f144a70073,677
71e0cbfdd606e2ead7fbbe7d3f33d446bad71d7e,441
71f2ceaf8210ba6d2dd6d7b0bffe77ce796d9a19,749
71fb5c061be1352e3709394df8c51ed63f58bd55,332
720711698a4f9c249cdc9de45a8395ff6580733c,539
720fa816ff2f5b5551c2b469a3b8c2daa73aaf9b,552
7211d1cb4c35ba72ac2aaf1a75b2cd919fa17c58,675
72168b673af118ec75ace260d95312b7e3044e4e,657
721864b3280cc1c9d822bc85c7285e56fe5ac9f0,700
72189d34954a0759ae26abe3fe81876a9d88b5a7,257
7218f0523e92220f5d888885026f797acbd3c400,45
722100e38f0db59b09075a184b697659226b76c8,677
72256d7baac7d4b7e9dc99304f549509558109f2,199
7228d1da3679b8db0a0a26a62af3f66a6e32cdfb,525
723b5784def555ab7f66734fa5c5a7abb95849f7,441
723b68b02c027b60de46865f5dfcbf3a09d5a8dd,576
723bd9f62bebba5c0d977f3648bed8abe4bb77f4,623
72451c1795b0c9685b52f5db369e15e77187baf0,395
72490d204168f6fe7a6942eed59d2a97379796cb,128
724aa11d4c72fb53ce592910bab8086b2c50f810,21
724bc59268ac52c09039c0d1b4d800a2f3da7ed4,59
724c3c4e6be9467580651a57a2e693b2a344be92,5
724e1b2f69191e5f384a0e5ec0773016b850fd1e,533
72524a25b80775ee0fe63db0306da4eec589f17e,281
72543585627bee9533923dac52c3ba779ba34859,692
72577034e71f3c8f527a7bfd69846bdefc2a1c95,73
725e26a253dfb1078b2e29a9f209db313cafc530,510
725ff6329cc7ac643bbbd7bf81297a23b64e1f0f,295
726c3e68c47fe98ed0ab9030d9d2f6cc76e8f191,621
72725216d5a5fdda7aab76544edc6d935d569bb6,9
727626ee8904edb3ae7a2d425d0047f0ad893dec,473
72846f6bd9cac4be0f4519a60b5eefa186ebbbdb,332
72886422623d926d7bdd6a6a61920254031f754d,513
728f94060a367749d257d914fe905427fb41e75f,140
72963d28adb7f0f2afa7dc8a4605cf3bf608bd53,566
729a7d50976dc253584b9ded4dfc48c411f41eb4,498
72a3bb344bd34562daab3c886dbd08f0f03dc343,286
72a651ac15655a081a3a8899639f0658e77e4887,577
72a8fb52bf03451429447e7e0c2dff977e8c232d,552
72b377aee60880b139938a75d6c5b4b5c3b05c25,532
72b567d84614e4273e706a3d99f60f0b1557a540,96
72c92100ae9deb4600deb3c2e19149240cd5039c,68
72cb780bfcd5dc0886e06e381c6e3a8c04788a8d,63
72cd55a74ba29dec0b6e69edad033a59c2ecb64c,341
72d036f2c5ebd1a141fd38af4134f39a0611fd33,482
72d27d51da1355699b3612311778a51467057885,119
72d2ebb9f4db81017bd95923ee1892a652c0c620,698
72dab9aaf0f8a0bb432271181c9bd98d2c6d9fcb,127
72dae4eb23c517f0ce4aac60a43344d1c3cdaad7,399
72e1f11f7d3f1570b868aa744ee74a8485051ed8,658
72e4c6ae13c515411f9b826f34d17d2441a479f2,685
72e660cf54b3c434847e01b16b5ef9d3fa5ebbdc,245
72eae4e61986d6ed721d5c8daef74befdc4f3394,202
72eae5b38c4fabccecbed803ad95a164788844b9,328
72ede4ef11590cf02c41efb5712fa4779f5c3e9c,709
72f09f94d9401102bb373e978a7b9998e6f616a8,152
72f74558531adfdcc107b7bf6ccb4b629dc1e94d,510
72f931b42605a4b82e27c410594aa9d1a60d6456,677
72fa7a077a5d68dab4951cac25f7a9454657d445,389
72fc2444fcbbd0c75dcc7a862957f3843b36564d,405
72fe86af3503e7bbfc4a7369e9af641d7820f8db,409
7305f376bf77603d5b945cc5013a377e1e330f34,686
730e84bd3713a011dfc99b125f29b19037b00156,131
730f298a6649ac51f8a3ec75cc8024792e6ad501,254
731a0d81e0750cf4fa77724c04b7ed0b11885f5c,17
731d2601b55feb18d4f8a057b23be6300d482be6,550
731e0813c8d32e45782ac4d0223e68b3ffa5eb77,585
731e08477f069c8b675df09e77983cba83a01eda,441
731f09478820bb58fb43f24c2d7b8c3c1f775b38,692
732d3bddb199e3db1ad1e7a74216a8fefe6b94fb,202
7334b4c8c096c039a51fba4cce958556cb890e4e,119
73366951a1532d1e1dbf50ea74787994674faaee,713
733671e6ec406712ea5578c7ea60614dd87c5dae,139
73380889acc12e4b718a1aab4021fd34036f7000,482
733fa61a1c32e92f787f714b53aa5f04a20ccb13,482
73436e1f899a614bd351dcf78a927115a718d950,254
73437c617dd534b506816e6efc635c945b6c1567,553
7349f61155613476420fd13c5f30e294393f4020,113
7351f96dc98d0ce3e075e5a98d5dc8da7e728fbb,280
7352b158b2f49521bf14abd788f9075208861110,657
73533c3c6384b5baeafbf7c54282fb89b26f09d9,559
7353d7d6caddbc3d77d50f5545e01aa27ab23f0c,251
73562b2441e53eda00669e77bb0ef60598c7e26f,539
73637451e9fd03415809d54548b0510f1d4dc208,73
7366b39c557419f7cb7255cbdc014a09d1c11e3e,692
736a1f6177202ce4f4386c1b9350af99bf1f662e,21
736a8a48fd20d78e3ceaf18a7d7f92184a1b5316,622
73723377d3bc4186c9fdc138ed3db1b4a748bb43,109
7376d00b86f21615009f9a8fbbb25a6335cd25f5,610
7377a507a3e303ff53e8cb6434663bce039a2621,766
738598becc7c885ecb6899e198d050bfd3d57c7a,441
7387a26b50226392f662ee05fc903eb09bc26735,141
7394226082b3d5d580ea92f8293aae2d35f76964,46
739478a393fd887a50b7488633be1eed111ebe2b,81
739613ba4f99bbf6083ab6b823ac38e33e2b7fe5,85
7399cc30a76951634c9fbe8f3fd1c3c7a260cc42,4
73a2e49a02d9f18ecc9100f3e94325d03b3d0784,676
73a525889059d281da4024b7bd87eeabca29d782,77
73a5bc305cfbbe462c044c7dfec3bde7a601f873,61
73a5d7cc94ff61c1e09354284ffad3367f8a057a,709
73a9fb9fbf45b531ff778354f3a73bd0f290defb,482
73abf120121de5dcb6c64d5e88008b664a19f603,482
73adedb0a4b9afe52023bd050b896272d9fcd5a4,709
73ae7460698d78c540044db4803cf2b581099866,441
73b0d6fddfa10c60c872905aef1447a8be1a2614,237
73be5dd5feb405bbd7fcce835c7b7913b7139809,134
73bf9601d3316a3b2053f0b1535b029b0314f2a1,460
73c1ef4ce45478324defb66250046a63345958cb,82
73c3c80db37858b7913e06bce4bb92d1a231ebd3,308
73c462920a27842dd1568e7105b628f544941ec2,47
73c48f0c4a87a474ec09a1f01a3865d351dcd98f,13
73ca09627c874e13fbfac2976ab25a27d242d3a0,269
73cd7c8f8cc198f0e3bcc2d4a0927bb65aa5858c,562
73ced95f73dbb28912a735f3cb32290909e92ee9,341
73cfd479950dc079ecaa5e2e97b7a896abcfb266,443
73d423eefa408a3e5206f43a78e46654a133370c,389
73d6675dc5b9c80034d3527f6be2e71334847206,477
73d8878fb5dd95453723a695e8d0147624882d19,634
73d9fb5fbfdeadd8523c59f2ad1e5195101a7fae,252
73ddbb935090d8ba19d6dfa3b98bb5f9f2c02512,202
73df4bcb5ac160d4945e43653061fc60e160ebbb,441
73e61712ecf11d3c9782ea1daeccbc8ff98a7fb5,560
73f0281d422b164e1d888be395b177fb289c2f76,87
73f5f94e86c16e723ba10f1326e6f6b1f94997de,140
73f74356ecc79c33ccc59fd420b84229f268542c,202
73f8f0d5e729dc6f87adc72d83d122971ded0d5e,73
73fc9acdff210dd2693a7a48a78aafb37a45c60f,607
73ff9114053d71885d10f3e3371f987ce7e30ccb,539
74055eae389f918908fa5a063678d06807de3e13,709
740b4f579db39ef8ce92a0a7667f56dd9556d5b8,141
74142711277df67c2462a7be48847cce4d8ab1f9,567
7416898525cf686209fa80699c097f71e58f153b,408
7416d70ea7681e902b627b7435dc38b05357124f,567
741c24763cf3835e825f6b9ca66bba8966c2d977,46
7424ee5e483b08c263ec3eb0456b9c9b8f1d52bb,142
74266fb5d31f891deb80208a96a29de429c8f836,758
742b72fa866e110e71cd500b1d30041b8fb9941a,65
74311643a9bb9735b12f801c1cb06868adfb7e50,709
7432f880ce4faa2b06c49adfa117f4bc4b5611cc,757
7433dd363ad1047c58e555bdef1ce267a47867bc,237
7438efce9f98dde7cc0c5836e782654e5c046ccb,379
74397d1d2362ca2b47bc84bf2e947365e93e7491,309
743b501b16db84b605eed6b899b75cf8ae58467c,21
74441b39c1fbe312967ea5065c673a32e3a07ee0,21
7444bc652db1fa9607f613fc14aee47629036e57,182
7445843bd253164fccf367baebeda9e61f4c72b8,544
74459d3394b7f9b7a9ea17fd22fcd8bab47a7707,27
744f3c7e73317314aa6c645474470e7d56557294,351
74517a1ba37c357891bca96ef67a01f5ea1811fd,554
7453dee19af691fd6af00cc75fca39dc5046dab5,464
74598891e36bfe1978e93ebc41e490474c921e0a,47
7460cc6b748ca58718ec30db54b4be31e091d99b,634
7468eea80f2524bf94bd7a433a66a44b9d3ae2a1,475
7471ba80f595975ad50e0a9db9d481a1f2ca0980,443
74768334c92df4b6c6ff9d4634fb634f0975972b,677
74790519e98d5f5082371ba7ebca454d93b37dd6,523
747c411630ffe6eaa8f641c16fef2d2c72b9f0d8,637
7481c9a55b314ba53850b951f56115313fa23196,85
748421e35fbfd30da61a5525261212ce5f6b8b41,717
7489c756ba34d0d467d74028a840d07f17dfbdd5,168
748c7207a2b8a49749e0311ccb1afd317a7519f6,150
748ea568b0f1e2cbefb94b470b0321d4f5202429,17
748f5f5d1382be7a33257f989cd71f69289674b5,140
7499d6ca2cc505e448f6693344f141b4b841e691,552
749bcff5ed32b1cf5d64c71ad2d48da77792c695,160
749e5af9da25f3c0fe3f894b1764c4d1391dd7c0,60
74a0415896d0706b52bbf1227e7dc167a85bb0da,535
74b1131c3541956de434d25995df3dceff71f512,396
74b3ef110f723cfcbd813b968e67a518fd0faadb,21
74bc49a9fca47a1575e8e4ca3271ed09b91a160e,21
74be98a1accc4a2ef3cebd685aa654206c364e5b,331
74c07652e2cd407b5a64eb31ccbd2992d805fc2e,677
74c3011f0b0e02197485d28bc6be9fe9c85d3d62,314
74c72af665b661cbd7435f6361dff4efbf9e1dbc,332
74ca5ea4d93d543d8f9f59204bb15276d8d13412,677
74cc0e7f848a8ee600132439401d5966c3455235,559
74d1588d407e9bf84971a9aa15e84c4530abc00e,282
74d8dc66fdd4eb5ecdeac58bb9cc72afe9e0559e,43
74de0ad49e873ed82a5c1fb499328d1cd6ba5219,550
74e62b14740cd78559004314d29bb1aaff964c52,572
74eb82e99122d90be8a79f12c645b9c6de2d60e2,681
74f3d72b8e80714eb687a9ebdef329bede52ac99,21
74fa0fb1603e92c85e914a87b479f644c819f6b1,21
74ff957a09d9ff3fcdef373578b431ad819ade54,709
75013b103d1de29dc8ba4dc2db73b7a5d1d3fc31,179
7505d8172c782ff94db7bdbbaa6c6161b19f23df,568
7506fd7fe4af5f420082ba86c42724c90bcf072c,302
7507c85bbfd9d075d518e00b15ea3127d933f5bc,148
750d84c933e6f13a9fcd134f8bf83bb776e03a1d,560
751144049fc8d44d328653059d727795aa1301eb,686
7511581b9c0890fa9602b31d0646eeea40c3ac3c,378
7514c1b0540b4b6eaba766f5da7655c708d7e6c7,23
751bdd8d6cc181d72ed5394d30ea0083d35cc46e,217
75205a07a1abf77b5734db956bbeb32dc69cbdfc,237
752104cedc36b1fcd620a594a54c746875e69a6d,766
752d2b5d43063b0afbfaf6b59b9951d7ff8588d1,332
753496c53c75d3a57862bdf84ac3ab578a3ccbb9,17
75363ddb556dfb011cdf0b4af1e39682c5adafe7,496
7538f0aa07ff64ade22564c23f429c61e40ee1a3,21
753bf95d708e40dc0e898af15b05e0a97bdc9bfd,443
753ec79a99a232e572ac8e4dbec61d38ed3ed893,676
7540dd069088dee0793d56926de16a4a5ab0fcd7,101
7546195bc1ff7cfc9f181dc36b6aefdd48807ba7,441
754719c7351de14a8f975bc82a4b060523139087,441
754acc07840f840ed5f3da67e3b62f215fd71960,749
754d2add2828bc0e73d7eed1581c0a97de6d469e,82
7552313832e38b3b4a368600106a25ee6a1bc9c9,482
75525e44ef88b2c4b2380e3ddab09aa9d7c8e8f9,242
7553576ed095b4412e368a356941ef98ab6fa18c,335
7559606807bf8d82c5378ae7c9128f26ec102749,202
756be47b80c290a5ef9650d37fa39196030262b8,70
757061d331d1441f548175f51b7eb96a649bcdc5,441
757168add1724e9a4d2835748c337ce2fee50ee3,21
75758e10341504d6d523e3b16cdd5427b2141f2b,45
75805f71c172d7467626f1c3e907bffe8407c078,21
758ed600162f153ed88967fcabafc7f8502faf1e,724
758fa75540d5a9489941d5a49388b220f096fd88,546
75a17a1382d2f0e31ef9cfd5a8dc6356b7982d87,60
75a217a1833cd815899582dc5b43ed3768d3c95d,619
75a88179d734e69bc103a08136df8b3f079f82a8,21
75a8ee71104df9cc23b369ea45f0b1389cd27bf2,21
75aa6d8ff2ede2dee1cfd4cbe2c967baae3f587d,335
75ada139370a40bf059a88f2eae4617ef5fd5baf,21
75b6ad91f5d9e360825404e156f0e89a6990f3a0,332
75baa6e9c2e704f4bab9a6834d4df5eddb37c832,202
75c011b85b5675373df74b32da7931156b5c79e7,219
75c31efac80f3e0147383b2e555c3fb6eb46002c,677
75c39a1a950d381ccb07676b7832e13a8f17882c,409
75c4ac3ac533615ffe6bd980a792fe897e405e80,202
75c84b8112bc962c1a45126a564a6bb7141b11a1,441
75cb5c0885529ba2cc3de587e8962cfd4d7debe6,477
75cbfb4f618c4c442d3d217e13c919c897102338,713
75cd4486697ab943d8419e6bdca1e249e0b8e436,280
75d39a4fb36c0e1c4a26923cd39c082ae034f05e,13
75db17625bc168109722d8cd01f6f3247e754422,482
75e178f7b95c94d4816b40aa2a7bebe7c4230dc0,330
75ec9d501be8ee784f3ed161c137e7e91af4d98c,78
75f091b136ce31d0090756d09565b9a1aa1beb22,510
75f6af0a0d3016237a87206018c316c43780c549,67
75f8aa2b51bece3c3809b14c418e0735d83e9021,610
75f8ffcdc378bc649bb284344ae7cb6435fbb988,133
75f9669a1d04076ecaac859ab4b78548f972c249,491
75fd5e2b901d87fdd45da6551eac4eb3257b559e,607
75fd90a94e8400578a561accaa218ac06d89f148,36
76006af88143901063c6273f2d4d4c152690bec0,778
760d91497f486700e91c4f3245b4b289b701c49e,775
760f64758ef53b4fe299757795ceebfcd7284413,133
76130b308b9ac03fd447a514941a4ec1b3ac5c0e,47
761458b30206f14c85934370cff65c280c2c6509,47
7615ee676ad2b594a8443717a1ddffe9903646a3,202
7618e67f2542caab86008aa1405059e60f107119,4
761a53e9966a11543974a7ae34d74264e869a516,547
762424f9352acb74be666873867e8f43b8ea90c7,482
762df0e950ae29cdb73a7c255cab525d020f564d,182
763617a66a81ad0345f169384ed5e234764a3806,193
76389ab7f189b16c9bbb82f8c234944b620bf5ca,604
7639bc6b7c51e36c53eb296906ec9452a55358f2,585
763b2a6848e2b4d1525b298ff933ee1968b327b1,713
7648a5153afbbd00b7c04c339b1c8cd11619a1ff,257
765074911dc7b5d059e6c9ee7e7e4356c8614bfe,465
7654818e04def79660bd3f40644c596117750fdf,332
7662326b1392ad0b487033f0f34494dd19caecfc,353
7663ef55a6db90b5c169da56fdcbeb924b25ece1,257
766483be87b1e181e9de083dd51b3a765f29d84e,482
766930cf10eefe6c924c940629b07544c846ca9b,565
766c2033e2b4dd3d6cdd04329d2c11dd1a8114a0,408
766ef0546ba0d0940ebc69e7e7a2fd8ae957069a,78
7675153fa162c61c95f207d5955507d65ff87cff,295
7675e4ca5fb691449aeaadc7c299d7d9672afaea,672
767caff2df580a1a692cda06d8f43ce3f49329b5,580
767de2fece6de1d499905e380d8a0df64bb9cd1f,21
767e2d2c414e505c8a9f9856d7bc712c5488d8f5,118
767e8a7b458ff4a8ee383ff78c38401857a5d0ae,441
768a81b5c64ff95a4ba2bd9e8c723b541fb9ce88,351
7699861d116a9eb57c31daa2209dba383ef00fcb,48
769e14be55a40e41267a015910a39295603345a1,21
76a0c8329de91c6a395570e383feda77502b272b,73
76a2e7999976d235f3ab34e5f7977b348dc07df0,473
76a3670d63d11db9e4a8c194c36f44d09073df24,677
76ab1b554be3c69911cf0d572ee4a0ccbfb570e7,709
76afcce974d7455ec81354d11a6b1ad9a7c45732,482
76b0732f480d111041790ae04bfa889056f62cd2,470
76b4b0f4a9f6dd294932341b2e844b5b0a760859,84
76b77ce4f2d851eb3ddb5005f6a829fad66f305d,102
76bb32b604d27e77d8ed83e1aba4ee8540ba7c38,341
76be5646c7376f312ee8c3c8f12cc9466b4e9704,535
76c2fb579dcf6af18837f0fe567fc66bc2ac1f57,582
76c54dae4241bb78a760790f53353ae3b5e6e449,13
76c7b50a80dcceb6c1d828d97c0d549f682d36bc,21
76ca44373676ccdfb08eabba4c63ee597fe0d83f,27
76d24527375be5fb8dc60eef175ac688ac0ba526,280
76d3a9be21471fb37810480ac4c8dc62e08104d2,295
76d636bd791c39d2d0f61aaf7db8bde42b78275c,21
76e2e92a0fa1307253feff6f5ffec823db7c47e4,512
76e2fe0922293ea21e6dd7fed8409181466b3135,482
76e90920650544e815e8ca89c53183a6d40eb1c0,709
76f0cd5e207bf62a4451e84e2fcf9b3186a180e6,432
76fbd07b39b8ace22915916f0a5b6c88691850a6,565
76fea7cea57b0c2007640cb2044de0e0c65147e2,498
7702097aa684220d28459a429badf410efcdfc53,374
77034f6a988eca18ee34cd07e638802b3c6041ea,93
770528a3630a9ced89d90b27590a36e14b57a4f9,79
7706daafcafaa2c5d2128a9a5c073dc4b2570c90,709
7708467dbd39e0f3179a22220bd6197c469cea60,21
770c0055c57a62cc88b170b1f2e84c058fb21624,443
770d77a127eeb505ed08a27c5215a3930b2c0e91,485
770e1c266279a61639dc4bbede7f548d8ff698ca,730
770e7db0187beb7e34cc69211264648bd1c00ff2,21
770f7d7eb7f28160da0fcc88a6db32ff4b4db19f,341
77149e2850c7ff5f70fc6f70cb2380c355b4520d,279
771ba64d0070e6ef3d164870844203aa020231a2,21
771f0d340d62816f3877ee2bc5677c35bba3820c,585
7721e500a2ae8112d88a6d26710463db7e02949b,95
77263cb4fa176f97ddfaf21c862f61d9b4c20b47,133
7729a2c2f37654066abbbb79f646c6453e302ffe,46
772fbe4280393009bec5758675de3d3a5e77975e,217
773039883c14efac805a61e8306c95ef4992276d,575
77349ad8fd42b612db43b18b51b35228d6538d82,552
773a20b52d55c17e4ec1b3cdc6e26e01e10277c8,677
773a2cbdc451efdf14abeddc02c80aa3cae8bbbd,441
773b04e5159d4c6e1e7ad1a06221e63a32cb115c,709
7743ac639d509c9633d9c1bb6fe8d5e36fcffff8,677
7743fdd72e9b87a1eb4129621339be025c5ec607,202
774464136352ac0a1dcb5ddd4845b90b91f6e8a8,576
7744ec75124d2d12a0cef934cb31836b59422c18,690
77486ce1e29c2656ee8884bb94e2fe44412f5b19,21
774a0380c0ad3cc425200269385b550e0d5e2df9,90
774ad1427002099094b34fe09a5047aac8f208f9,559
77566ee76da0f8225ec02eaac0c6db08a912fdab,96
775847bda5a84a5bf6eabb77f5c04f18eb02db67,59
775a5f668d510f0e51af013f94d228d1abb0a44f,128
775d12e91fa7641f6dc19a373a4dd9e04cce3250,709
7761d195aec17f592e95dbb656003f27149fc669,202
77674afa8e6ecc804c2102b1ad46bb4b0ab372c1,67
776a52eda6ac25fc1cde8fda70109bd7e66cdefb,104
776e69d45c3d3b1a5d28e188c75dd749678ad802,576
77747b9ae44b93d7ed33ff9662d9231e810d8e86,482
777666bc2f16c3e5e0395f216bd4d097c1a35839,602
777c46667ea64aa4b4d2d5b5c4c517b46cc1ae8a,317
777d089f6c2fd344424e98e3b11ca9874052e367,512
777ee1aac91e35b04135f78e1fecf0aaa5f975b1,688
777f0e8f753f94e52947898a86d8d92bdee26879,596
7787d0477975cf7ffe9ccc4f999b4ac6be5bb399,644
77893321808a65dfe44ad9bfd96be38309044b6c,560
7789cc152f009d50da9144004fe18bda8c606eac,251
778ac610371aaafb274b8781bc5dd7f23b511823,687
778fcba811e1f33ad89e1c5c5b1bb8787bb554cf,333
779a02f9a89c056154e00883ba8846a02b6f41fc,602
779aaf533f6454157d344b310dde8c90547f21d6,514
77b5f0fb48cb9a86e503ab7df8b1c3a77a87a7cd,367
77b913d9526ff4faa91fc0f1f6ef92640340a853,67
77c4ecfdfe48f06a031a1759cb63ad1ea50339fa,139
77dc74c34a0d3f4e3aabd926cbec585c5ba9552e,602
77dff6fecb6269d70b696607da767154941d2e17,491
77e101e16edae595a79cff8109ed8699473355d2,21
77e2dc8317cccd34b84b912ee1b6a4ae74e344a8,510
77ea5dd649c20d07ac40adff4064b1367e90e324,81
77ed18bb1dcb91a0347a00a3e74a3c125f5404ab,73
77f570ad2cc0c94110df01cd41e07c039f978d8d,202
77fce7e73a478708e0035e92b0fc720575dac49f,288
77fe85e24995805f3201dbaa6a455a61513dfa8b,21
7801ed9248420c025552711023de0ccb1eafa9f4,178
780b60b9bb681e39bdef66cf9516c44fd61cfa3f,87
7813034699bed819e5c19e26f3f0a08acef356e4,59
781d8a72bbc523e3b41dfc4fd92d5fc195b341b2,252
782397264ed222a7baf9dd8187ce343f5cba9896,50
782c00f30254690c434199be8b8240faf61a3387,607
78316f03baa8104c87f732c35cab4a5ddc57ddd1,500
783cb94af4c9faefa71a9d9ff638391b5085bbb0,236
783d236c9c195b9f370ab84b0873800d7661d69c,559
7844ce4e17cbdccbc375f4a2346344767429e89d,600
7851d8e7af141b3b4cd272b267d3579008c342ed,78
7852a36f49c75b928812a01e63e742667661eac6,82
785724db7477ae7c7e2f23d18c0ee00b315d04f0,441
7859b41e027541ac492c5c98bd8b036cfc071ba3,209
785db3440876f3b2f9568245c8d57d30fb231ca3,122
785fbeebb83c279f3472622e02d7201fab21bf8a,482
7862b303deafef37e5256ad0cf8f10579260117c,495
78632151004a2c480d90338ae37af29a35d3452b,552
7863b86b9e174464e975927d17164f4a961db839,128
7864906f1a3d811eeaaffb1b5fd5c3156f7f6516,409
786a2f9f8bd96b81ca95062a1e7f9e9baafcddb7,482
786c27b534bab7436250913f17346da5da95ec5b,482
786ff68f5443bfd6ec3075e1d1106ab995c22df7,63
78704a5a9d48970e0c380a7673e855c9e9cdc344,482
78737e1f06ef1cd20d47497e038da5fb9c405bfe,128
78767994464c3f7721cf67d1ae678a2552333ebe,408
787b5fa804dea3457d8622c3742f2a1643a35804,342
7886921399196a3923fa56deac34afddd56b8c08,161
789218536a8d041a70e1085d564fa29f54c27b1c,463
7896ed52f62418aa28ab9c4f22bb56038f8e0917,553
78a24676e746bccb3e66f9078f46aabb1587d1a8,85
78a69e1ad706ee40edd61da47b005326fad3ae75,424
78ab588b359bc61bffefc417bcf028423044a96c,552
78b28f823bfc066c605f83d35a81ef32d7e41136,498
78b661c643cfb7840c2ddfce9671b63eea3e5c9d,202
78b8f7042bf22b7cc06655264a8c6c9e3653645f,677
78bf2b2b6a0788d86236d00daaa0c8ce17b839a7,202
78c34ea66a4a3cf7a304c0eb6cb4ba569234a6e0,48
78c35faad032f6956602dcfb06f76ad2851c94ea,685
78c5a8c22520a5b20f251d06712e66580284c04c,344
78ca3fc0c6bf5011d67b0de1f07ebfbd69266196,677
78cf6832769a95ac1182c90591c7c3fe81c98b12,552
78d6532889ec2fda69d3fffba39a102cc62cdee5,141
78d6fd8a0379ad25291ae0f142ad4c7285c00d1b,531
78e2b538e4cad240727a99e2a99c9e5f4382e71c,169
78e78c3756571ee302055de079f462ef5f0c5a0c,202
78ecad85a05f5e6065d859e12bd390d8c8cfe0d4,503
78ee3dcb0f42c59dba3fbbf82daff74be7273dcb,251
78eeef90881a6acfdb72b1ff85790319acf725fc,21
78f44247da92f04d19d54d9c22fed2ba39237a8d,560
78f673cb07de302786d6d261cbae6c22a1c204fc,501
78f8651430748ae49c50ec18bb19285f58348a45,749
78fd9adf3a247300b4444d93075ed312d46c3926,482
790363e63a39990421c8597a47fe35d527591937,265
7910ed1b1a7e2c6df58b01e7c769766b651ba61a,21
79115c161b580be3c476e070a60384dc5a6cbddc,21
79121b27117e17a7e9821b1f68c699c7fad90354,49
7917ced0e361bd0313848569fa9ec72bb0cb85f6,152
79184d810d1f05cee464bac6461f9247f424d49a,47
791a23af518d4625f87ea6e73f8c7c1c660d25b7,552
7921f83b0bb0dda7295c9bfffd2e25b6ffe18323,21
79274d4088c0548b548d793fd078b79eca646c71,602
793d48c17865aca69e3cc8b218d8635acdd43ff0,332
79491a634e674ead7fd9465d055c3525b2ec37ef,168
794d1dd690f6ae609df00988245433a53b700990,199
79550efc3ab96496b783394e318cb2762c334141,634
7955eb78085ff856d5413cc10df9ae0665df88ec,655
795a3c45e954d3c3e3b5af1c611d2a39c0be9255,326
79654d444f20ad7f8379ba9137ad160914b224e1,218
79688d826f7e03b73560f70947a9865da7d707bf,56
7968c8b51acad80d40d918f673dac71479346cf5,209
7969d913b2c5f0754bd4200735bb2728cd6a3486,231
7978331bb39c4089ee0c4961369de4942bad9b41,482
7981ae28ce58cf6e7e757d9b7aa407d8600f40f9,49
798742a9eef6764ad46022939b7a4490f24a10e9,482
798875e3b9f0d751d2b93bfbe9d52456802249f7,592
79887837019d4cb3125fae8885d73d497820d3c3,518
7991ab4ffe91c9a2701a0ae24a805083fd775df5,688
7997ac4ef21a8e5af0d1edcdc167215fc6ae3761,696
7999b2df4ef3ed366993343c02cdcbc9718daca2,537
799e3cb881125c13b9da0ba2d7043759545b01cc,152
799ea3472b34bed382cd005df9ad32f1adf6cb0d,608
79ab33450579b162379e6115230b8b55362628da,677
79b85a891f830d6e14df37158dd85abd2252f4a8,332
79bb588f65c14f16a53fb346c3dd07fd5771747b,632
79c13edafe7544c1a3822f8f4f7cff3ae042464f,677
79c52c8df70a81522fef8dce62c9ce620b2cbd6f,452
79c6a2c94b0558d1e1e6cba757c22451c39c33c0,435
79c84097d6a55cea6d9c21c994c5de6c67040913,87
79cc93d1814f18c4e521334fcc25fd5da87391b6,482
79cd20b2f4f6a3e7de8fd953fc8da2386cf3ab5a,475
79cfc0ad20acc35b192ccf43c0b22c59943ba3e3,717
79d1e4c51b0ac62f36abba20b153c10afbd8dd1d,202
79e28510b87a9976ce438f1b581b4c271dec667c,644
79e31c1a71540bfa5a0a42892bff160aaa948c0d,676
79e92ab6c075459e99bd18e99d0719e5a20f058c,202
79ecb395c845f4524a991fe1fad6b43dbb5abc07,179
79f984c4b131866fa9ef8871e1a6e5d50e90f025,518
79fcce05d14f927c2e54077dbb703ef761cc58a4,133
7a04d22ee764c0368bc6a97d0f65e463f25f69fb,90
7a1e8ae2f905b1b69e7f6276862e6a140099a7b1,444
7a2570d165d9bbd2db552221b7822c294cd3f883,418
7a26a484e4221b0ea1b774d0aa2cb26bc58cfa10,728
7a2aeb303a70266c184db329b7661c144caf83ed,688
7a2b9056612c3a3ccefa4a9149b026ced33828d4,512
7a2f495ae006bfad6eafb1673f7fb30db968179e,268
7a2fa289481c84f6b55e8c2516c208409047637f,441
7a365668192219297f2a4422ab5218310344464f,602
7a372f33eec8894db0f88c01cee141b67ab458ca,202
7a42736a4243df960e430095130c7c2cf83aae88,202
7a49333417c5d2eada014b8e87b667ff167f7bee,202
7a4c21f102019a124393bdc1cae04f01212017ac,567
7a50319a731e98e9a2734f141f6d573930642a88,383
7a5267d9387bc6e80079b58523935ff062555040,241
7a5480421a17a9c66b1ae3383efb42a33ddfdb56,685
7a565c77e2c9cafe05ea3b0c496161d99cb7caaf,202
7a5b5244de41c01db72784c28b640e99ccc69894,21
7a5cd3e74321227bbd281a2bd5829c66015f7a9e,208
7a5d04a882995841133aacabba8c9fb1e73c63fd,78
7a703f2d1bb7995d958f723549a0e86375f53293,211
7a77be9079ca15714cb408db2bdff990db4a5cf6,352
7a79affcd2d0cbd4bc3f656b3c4047cb44b8fcf5,119
7a79dc33f4dbbcea09815e65dd0a8dcfc3f991d7,76
7a7a48f7594d593f42cb589de07cb7dc9a65447b,566
7a7a88683cdf032b554aa5c78b72980ed0851e6d,202
7a7dbf82cb8b12af15930b4552d4e85932c1b192,56
7a7e796948e6a0a8210b9a125b68f70493246dbb,351
7a814e56ed52f63821df34face125aea8cae66a5,202
7a83746760be724725ea7066e924e7604fbdf3ad,716
7a840a64b1d494e377ce34f8d317079decde051c,585
7a89cfcc5bf0900de079a1e985edbaeea5ef8c9f,677
7a9ae28bf1f5fb89b5434886dec2bd4f9c3dc829,292
7a9b71a82903d352ce14e4f519912b6267f77db5,313
7aa4cc01ab226d0744661c36673a45b2018c3811,101
7aa6f9a0c0b4fe879a70adf8a350ab7704e3ca4c,559
7aafb325851c239989de1dad4d036359289c1496,739
7ab22a99a4639f712070f1064e1cf4a73ef66623,679
7ab3865dc0b5c53b729f5f43901cb7fbb6d80a7a,766
7ac0734cda2ea1c392ce7ce0a03bc17a3c85e95a,139
7ac84ea4649744b5abdeaa6e8feaebbb577bd29e,220
7ac96ffb6a604c8b62ce88a1ec8ee154ff30c6e5,56
7ace94bbc2d11f322a7c8ab0d3dc12da6207b23d,282
7ad50746c21bf2a2da15104d5444186064388a47,677
7ad9982f378037900346d2d8c889376aac1a3dc6,545
7aed99b2807b9b9ab6ca8d8dc9d6d57d0325fdf2,438
7aefc4996ce3a652a4d76cbddb5e6497fac87131,379
7af68b3883cb7f358fe831bb5db74ccf6ed341d9,677
7b032842bf8438ca28471b56fc34418b8dd43ec4,269
7b063b6bbdf662f9644f1b28cbfbc34a430e5a20,119
7b09a25b7f68941e4246505ce6c06e51c355811c,514
7b0b83986510d3f92daaa06b0fffa32203e1eeb9,602
7b0cd7790cd0f4969686b08e759cd6eeb35b76cf,441
7b0e1dc2b0b3505ce7ae0c97a2244f2143685fa9,560
7b1454543c26fd9a7bc80f71a1a8dc94d6f099ce,332
7b1724354b6bf1afe9409d4cfd0a12b7ebcc5ee1,226
7b17b50ff64a7beb6ebb37133960601b90e8dc64,171
7b1c1bd14487699618398f9e29f68ea4dee5bebd,21
7b1fe8dd09de479fd253cd204dae9e222cd4ce79,375
7b20c61eb00d014d4f0c91cb66f21574049ad541,21
7b2a920b26a38da660efe4ffa4dc014996584cb6,102
7b2adfcef91516997b412373b5f4e93e58e6b83a,235
7b34179c89af2fd141b6cea669af3c47cfba9d03,597
7b357753c2e36a5b4cc66d03671ca72c9a91fe51,677
7b36d65da4a807905ed9a6d806592b3c33e44269,602
7b3bddf173c266f67f85dafca552f2250926e887,583
7b3c352537eae8cba648d7cc8672cf8f5db5fc37,101
7b3dbb9c31efc43a672a7a31d0b8698df5c9f5b3,24
7b3eb9b0a2ec76d4912b52efb146fd7d2a0e86a8,554
7b40741171c8a8731ca92515539d91df1f14ff81,377
7b4662b9ae64e0038124da01b0c867e491fec587,598
7b53844d5c93382b3a071e5fbcdf6d779d0736ad,27
7b579de9d77e69fe024cba259ebf453041f25770,565
7b5c70d71fc1b79665303f1aa111f9ca4845f2e1,500
7b62d951a3ac45b259242204fc305e9f34726664,133
7b64742778938da38d88f8b4298877d54ed21681,229
7b67f03994aa9678545a9558dfbaef001e790b7f,202
7b6a04f26abb98b31a45d3d09ce5e6e5a755d0c7,441
7b6bb49ce67d0ab12faf07d708a790cb7f025511,482
7b7371a3607231cad46bacb799fbc6a7278afb97,513
7b77f9c8f288ef2666fbf6c97d3e7690473589ee,35
7b78ced2de85f55c9a84d7b85664717b42ec4061,416
7b7f055595c0089b1b2a16ce67a68c7f46cb9889,45
7b88a9297e93ec8a55da9167943948dae3e4cae9,239
7b97cbf9f4d124e88994b9edff3c52d0a1b8873b,735
7b997c4196297ef51abf6f95445270c1690de94c,314
7b9c9f8e6867d38798e2b54bd1bb3b8f5680733b,482
7b9d33060305a66873a2cb7a6fb400f08d3f1dfe,82
7ba4961343a612b4974f39d85b57ed1aae2d33ab,436
7ba8f81b360ea77d575175db4adec84312a38b35,247
7baa31f43d87521ff44447fc0fbeb1425599aa79,392
7baa4d79ee90567b3607e8624fc7babd2fd16d29,21
7bac96135ad606bb0ffcab55e87d08712b0ca97c,553
7bacff8892b9e70a0240acdab0ee25b289825db5,417
7bb20c79f55efbb4331b0d3da0f8116d51343b4d,202
7bb406b1a7d09cd4092b28c36b507157ad9d0ef3,559
7bb4fab3bd0890fc4c587a89e5c8cb2002e82dd2,677
7bbaab4af0e5adb1dca9d04f4c72c4bab9c8858a,21
7bbd7b7cfea88f2f282055fd119b59ebbd42e5a0,351
7bbdcb115ce68ca8efc899584a5db50be5583e2d,90
7bbff92e827fcc1570cb134a62e06581203ed28c,482
7bc539a8fba5846b7570a2f57dcb3015fe9c7b4a,67
7bc6363bdb2b99c72d690e3a6a91065213ca59fc,45
7bc63faef9fe1fbf52079190f649393c850450be,552
7bd0a0bd3dd4f3901806800f9386143942f4ff6d,134
7bd29cdd757f503f11848edbb73e0251f37b9f78,282
7bdab094511c99bf2e71c30ec5ae53f5ef9d21d0,443
7bdbddae8205cda5979e43ea4855c7b4ff3af2c3,458
7bdd8a2f2f307f2c7fa2ae72caeca31b7cf4d509,646
7bef457fa9c2ce86c61decdd9e5b739e49693675,671
7bf6448745c411dbc3ced6b1d3de5616cd529b11,688
7bf6e412bb6671dbef33c9f2ff8976c16875a4b2,87
7bf9e61e503c08bcf46104265fdb69289cc145bd,17
7bfad422d7c62ad44a29dcaa70c9173f2bd6ec8c,65
7bfbdb6c91a5eff375464c4baa3efbeaf5b7b2ba,120
7c09863b3bfe7da419d9c9626499328734dd6adb,237
7c0dc01221591de40cdbbc4b2b3e774ab64b3718,202
7c0e5dd5f51be767ce67b9d306fc97947b04c692,202
7c19aa54e03db84deb8d5f7c6628998e67d91d04,714
7c19ef74a7bc9fc8a2e70d1e0d006f49bd8f4aea,226
7c1dafc56dbc67f5dea48ad78fe4fd91ed7f52a4,236
7c1dbf759ff3aa855eea8b7e2a3b2a5f5cafb802,138
7c1ef8c6e0183856853044bf5417664a36721e36,677
7c28aab16d3315f64ad5aeee455945b2d528bb29,512
7c2a4dad7d5e2f4b11b9cc001519e070a983e078,589
7c3983ee2e3a21c5e5e285de85799beeffb6bddc,399
7c41a9ed21c5605f5c67ffba69f85b632bc5f032,95
7c43aa85f27b1fdf7b57f8979eb84602c43d6b2a,47
7c489224366eb8c2bb4ed7999b0d273b0c3252b4,560
7c4c6a059d4aa2c43acdfd4ffc90d93907785c00,677
7c538de24cdeda04db5dd23dbd14e10d51a2188b,139
7c53a303c7018145aae97645b0ce6335e2856746,265
7c560d6cb658d5024d1b0198cdd9be8bf1aab824,602
7c5992ef13dad2087b95078c3cfa3b3a8867235b,139
7c5b3efabd1eded27b7210e02193b033996248ab,326
7c62b5a025691d8e3cee191aee31892fda7c53ae,237
7c78c1a73169927e83b38ebf885c5d81ed1d60b0,202
7c7a13a39bd520014fc41c648302ccc931960110,82
7c7b0786e308501fb01f4e071f103b335e0fa1f6,13
7c835250272332ee73da66aef34208f1315d0f78,752
7c85e972d4df38352a8c9ede517f70102ea79692,552
7c91269169f334cc3a49493c2bebeb52dc4770d9,567
7c9243d7edd976eb5685af4b685e36a84fe9cb20,515
7c95294329aed10da4986d08dda9ba19037a659e,646
7c9578c7cc7700bcf25e63e4f295ec5846a02b30,21
7c9826208f4e6d4f8831a1501523ef398334d5ad,482
7ca333e7922a7f4b8853050c86729e3e9f14818e,709
7ca7e1b591e15c44c7fb2493042092065099d5ab,621
7ca85801149de07e0cd9373984c00c4f917da680,677
7caaa877ce9d937a11642e669138390fbe8ec1e4,195
7caeb94d5e743d663b979bb724927919e1a8afc9,128
7cb1e7fc28586767d528e25dcdc34b69ba90dba1,141
7cb2c67ff081e9ee9e03b822472db2caa7e17da7,128
7cb2cdc0112552aa5177770d758930e134bb5366,197
7cb8e7092269b98ec0df464e00a00bdf6c85fd90,87
7cb9612ad6539f664a1cbda89790c70d99c70339,685
7cbe65d6efaaa723ff5755d008cfc0c8a6bc84ee,286
7cc72bc3b07e2d4a861ddcaf22148ef83e07d851,144
7cc7b1e7ed152802dd0bd6f25787def5686c7bdd,78
7cce5af67895815c59e22210c95453cfc0efbd64,47
7cd22d2d0081ee8cf59cd7ea144ac29665c28d79,622
7cd3b61919c2264fcd69523d54ff7559e0d62281,585
7cd4aac551ecc1e99a9e47748ed660a6dda557bb,441
7cd95cfc3d089c44bd43f98116dc8e496ed5cffa,576
7cda8319f2e0a6a099a24f20af76754e98d05c1f,503
7cdf866d9c403e02c04f2545a6799c48f177fae5,73
7ce8bca8e9e9672a866282f0816c3ea6a4005913,119
7ce8bd483131185a84d2ae7d15321875925e7620,281
7ceeaa45a402bee1ed27110f150ed6b15b985135,635
7cf68f676949122c6c44f6f9454ee025d4fb3f4c,235
7cf6df391727984f3df8ef45daaa1c56cdfe36bd,202
7cfde08f4170b76ef8b19a3c0a22e583a1e76a91,81
7cff7e1a85b5644a34a27903e9816f7630501519,610
7d0126c8779998e2e520de986749b00c337e657f,646
7d037df1fd742b6935770c961d5cef26590d459f,482
7d0daa92526f0ebdeb18741734e90fea772f61c2,709
7d11f648c915a10f1438a6d1e412eb1aef97c7ff,105
7d14552914bd0b1b368093de0807bb42dfd7152a,766
7d17165c2b901f9265bc4ebad7f338c3ca8b3360,650
7d1b85e0e67f2b2d0b8781e257e8c7e0e38ed702,128
7d1f2cb0e948bb06f509659ff9aab553fd1c702b,693
7d1f96887fb161d7fcff7519abfad197ea1faead,214
7d2128d00e0e89755280c18bc76c450aeb3d7190,677
7d253741c0f98d4c58c08346ba3839ee72dffdd6,441
7d2a4da265a1500aea85f8afeac0e259fe307cf5,273
7d2e5135f27b3b301d17af8f6536721796815242,35
7d30e7496e5ffe9f3d77c2e2fdcc4112ea4a32a3,512
7d37a335500f30fd5c70b9203737367382c51f03,610
7d3b65d41e24a923b6a049a0ebd554c620e3c5a0,473
7d421d96b4c3a7ea047c1673b8f18464a518d978,42
7d458756153a1a6a8f7ef9b487687d4ec5a7c157,525
7d47833e782e5e21de7047f0b8bd5f3e3e48661d,209
7d520fb050c4b5ed0f75cda6736b7072e39f066d,655
7d545ab7ed48240ab17a88ca8d104d69a839e034,602
7d57b2f2920c26abc41f649f4842f61a43ce4161,187
7d5896375c02c256b3fe7eedb8c08ae52ce4da0d,196
7d628fc2801304a9f0835b31f0ae9d3d88bc5041,273
7d6c7922b2363e94bb7bd42078d2b5408c9ea20c,90
7d6dd8431b5b1ddc5e0f31291acff603311efc2f,90
7d6fe8ed1bfd0d6da4667d0e03107e9eba458588,43
7d722aae7a6f9bf06ffe9e113da19689269f4425,141
7d79630f662265676fe7879e2e3c09606f83b655,605
7d797c7fa7a1332c48a97d3d32bdc81f0bdbe967,168
7d7f5bf6943b3ed4af46ac33f4ffb80d3902ddca,587
7d81aae6571e246be4e1c6bbb127fb1e72ffcbda,67
7d83b7b56d9d49aabe6f75c7d5b91425ea2740f6,691
7d84a05a6108dd937eed8a9fe5f57e025d53e380,141
7d8612275db72b5afa5f2891a3892fad6da69721,602
7d89aec938388e5c617f68b9c7e3f8d1681789fe,90
7d8b21bd8b5701ccc4c69f9a5feb567285fd2025,99
7d8bd29f96478c441927110f5524f0c3963d7b10,330
7d9694b7fd8ca09d4ae7c8a22d2032e75a7e93a6,576
7d9bad784dfa6fe0d57be9302a99fe467db85e56,21
7d9e24d853ef1f5abddbf4b7d739ca324049fa2d,409
7d9fc12537422b5928fbf9920fa2c81d31e13b9a,73
7dab0dda3c2c1606b780c5d90bd1b2ce88fd6e3c,709
7dae488189a11c9645c05ff97c179ac9cd7b96d6,202
7db73db0dc33f71962cd97a5bf814e74d36c4390,157
7db914f5a39f71926e234434308bde6c87f89d4f,102
7dcbd37cb8dcec42999cb7f71c0b04c5fa3ae672,677
7dcc8cbe08185128d1b3f45cade186e23e9dbe67,202
7dd8476945838091420c25186bb3fb08849d6d85,562
7dd8bc01b9d6e8f5f1aebaa971e79bf71d4e1433,122
7dd936a992e55baf91ff7568aa7fae786b08e104,21
7dd97518c938bf64d8a87505832ef525dfaa7ce5,512
7ddeac4dc0b344a5da8d97af0cd141e1a07c9f08,73
7ddf931607f3ab86537e57575ec3769203e7bc71,657
7de4c5ef5efccddfda0f5762ce97545e4e50ffff,76
7de8176cc3c7215a38ca852b07972890c5a78527,117
7decd1a201d7360325e09c29525eb15cd8f7b55d,119
7def952b7d6c7358ca058d906a22bc64c2d40d91,602
7e0316f56e422e2712414046241e7d0287b7c882,453
7e050c71f4cd74bf423901d10de48d7df42b22ac,523
7e051119e55d44cb7c50525d8dc05dac23a30c5f,202
7e0714e3d8eb3e308ba137b4d558e9e0bab013da,348
7e09373dcdc70cd77bade21eeec4b65ce53591ea,559
7e0e8640d5a3cdd35e39e0e5ae3e73ad6ac67760,688
7e119578be56a5f9ab33fcb235db256f11963f70,591
7e12e411be92f9648494d3e530829f499b619de6,759
7e13c4bf12cf77fe59917925b0c9bb4b506ed380,202
7e17868094eb8c1ba7940cfbb7a6286e6375f323,512
7e1820d18aa856199a2a418de0495f89c488d5bc,379
7e1b9567ca29d84400364b0547b7696b263169ed,567
7e21abc41c15dd492e349936d3d7c44cd4e5aad6,65
7e23b521738dcb58d32a5260de97388499f5eadb,85
7e243f02961fd0f57d8b30d6f84b156a0b8bc072,482
7e29d35ae94a3499981824f3e6de563dd4b52932,482
7e2a12fb963613aa974041c6ff7e129edce2de6e,332
7e2be533ced7aa8c3053d64295cc6543c7bb0017,518
7e2c71cd318df556287847832dccecda50e77121,714
7e2ed7dda35a621e45f4a400da6a5050dc95bb0d,482
7e3417cfca46533d342b2940790f94b1980fa384,379
7e3483cc160fe2d675863f68e5b4f1acf9a12a10,120
7e369a3f6c48e7a2e69ec07e17fcd755f4c5d2b7,559
7e37247337f693825c8f07594c182c062b413226,677
7e376fe41db19dd5fbd10f3dda8e66c6ef268dc3,82
7e382375132de1d6db2744115268787c3625a08b,21
7e38c671a9ad70fecd1c67e462192a4e6a554636,21
7e3b12efb98e848ffcd4c3d2dcdeee05f7a1879a,436
7e3fa11dd74292786ea99e665c7b9173cd56503a,572
7e5237e47cfeac246ce5d4fc2a5111e2e4306254,21
7e553a31e5d2c5b3c276d013996492eb3de8095d,21
7e570ac33212f7d5923b91093452eb237859effd,21
7e572f3eaa9065de61ded14d35539d01e4eff829,46
7e57eed12031c7cf21c586069b4e3ebb6e8af34c,209
7e5b6e745da9a213fec6106403703d5e969569ed,101
7e5f9fe1c7ebab4c76571e66120456ae4bf09b03,655
7e645866574d26a3f65b05a3eea78f938d3b632d,482
7e681384c84581d56ce793ad337a2ba48f3bfa2b,314
7e6b1bbbde50524ddd4c97867609c306583ffd33,562
7e6cffae578b4e701cd3eed983e57af81e62ebc8,133
7e6db6d71cda1770f419319b9dd39bfd65eb9175,482
7e6e14f25d43c23677cec496cb2d43ff02b68d98,473
7e76b97883c7eccbc2de4227231e97dd3a3a4ea2,464
7e8009c3628897494947189528a22105d95fcba1,236
7e81893217399a76137ba209ed44450c82c7614a,202
7e8283262a3d89cd792bacae787928e95be38a88,128
7e838c0840aff9012a2271bb4883d294b5288052,202
7e8f1a10eb4fb15dcf6c93f36ae3ef96b68edaed,619
7e9726fc1e365cf661a3b637e50d38b8a85d0d79,260
7eb47a68bdff4eec79ed65aa85957ac900251b2e,439
7eb6fd92f36c972b7d4b997d65226be808816c75,709
7eb7e48bef1b928e8e24131e48f623930e7bafa4,482
7ec3788b96e6ac2cb581b3b2e5dc2b5795b78ad5,633
7ec6c1e345d82b83650223aa3bc37c5345c7e132,565
7ec91be09b6abf8aed6eb0a8a8296ca0c9e61141,633
7ecb9bbe35d0949ffe3d7acfd9f1ebdf0924676b,559
7ed0f4668ffd9f2bea6e187f1ce02c37d78e1829,523
7ed2cedb405a67241b2b4e7b257e53eb97ee7d55,477
7ed4e6a374d8bf8c060ed56359e10e689d797d52,232
7ed6d706ea7b4667d6813bfea954cce98cf0d2cc,482
7ee1226177cf8a191072e23ada2529190362b9cd,585
7eedb474bdff3172d2a44c595cde3fb501e68811,202
7ef1d4354aff45802b780a0008194f3591ee3675,80
7ef3b42571f9cbcfee6bb679415f2436f30fc363,441
7ef436c0b573ece20a6f7132838dfbcf96c5e649,59
7efb0b6665d9809cbd66251cb10b8015fa8f5635,21
7f085f6e8a981a12387ef428e95be117fa5d09ca,498
7f185edab8da6ea184e0b71f275e13ea3a4e7bbc,324
7f1ad66fe4eb7c693fc624213216132e78ddc78a,113
7f23dbea06ec32e1ddb5f97bc7b03a710e0c517b,441
7f2ac49b0b46dd7cc44d50ae17403a40bd499a45,288
7f324210e48ddcbbacb40ea9d9fcffe98eadebe3,81
7f339d612fb0b4e065430f0986cae60a3407c9ff,67
7f377e5f455c328fac3d9a9cc9d90bd6df4797e5,333
7f3f757223b50cbdb227d1ac4bbd89bb170c3dde,4
7f3f79c56d23b9dd15b500351cca38321b4b05bc,170
7f3f97902114c3b785a49c1e195aa79595d00baa,41
7f4151b2b71dfca91eec1b6d3cbc50892f5da5ac,441
7f41e99480413963d511090663361fbee476e73f,597
7f4930ae9cf3dd33c28aebf78fe45f18f7d476d3,102
7f547c3c11b0f665a9c038e218faf44f0717a65f,604
7f5975dd707b549883bbd09cc9b08a1b5536cb22,580
7f5adf784f72c9f6b889ea19e1ce81106828d6b4,281
7f6063a06c522faf7e51fe1837cbe52eaf8397d4,560
7f71d657a6f74e11ef3a1d645fe82302fdcf7b96,570
7f77ceda9c81e1f92531e4f7f33ed5ce15da99fe,280
7f7900898010ba49391967b54e938ede16cd2f46,82
7f7aec954fe2a6bc19739adeb2b3b090e19a651a,692
7f7e3fff585b7146b17768effb6b4291f71e2146,241
7f820647185b4df84929b21465970cc650fb0a7c,655
7f8280473412b2299624ada719f80824e8ac966c,766
7f8344d3d27207f304f02d2b65d9641601a9eed0,147
7f879600f0cff30ae1965dbe9a18d8638ace6eaa,510
7f9138d8a27ac4124ed8f1b58659dbad7010c99a,370
7f9bbbe1e3d0e2362377884ff567f1ed546c7674,202
7fa0819191cd72d7367e63eb9d62ddc623251eda,498
7fa76670aeffcb30cdfc58329ed5d635f1c6a0d1,56
7fb1a56b4226fe4c27d8e957858c2293ca58f136,646
7fb2aaa884b3715437449c98e155656d8a745775,690
7fb726584d301c605a45ade4abd51c6c34510da9,657
7fb8307c48f7c91d818a625b97d2a0642252f53c,65
7fbd153705eef73d8426f7fd1e2dd93c68210779,567
7fc0dd7b079d83b5390d321a0adca957669b76a1,45
7fc8668460869b8a0c9f81de86dfbc025217a8b1,344
7fcbb2c0117be333a80f7e9782e39d46077cbd15,648
7fcc6057dbcf64828205470d787546b0eea0dd46,679
7fcfba04aed4b810717ace3b2ee4e8dc72de74ad,197
7fdc12cc6fc667848adde9e178e10dcfbe6ca887,720
7fe058b38d38a4f711d6244f39afa9af15e3ad2b,496
7fe123fc087d09616a721d78a60497f134e23b0b,500
7fe2ec2f8ad026921f2d3a48bbbd19ddac1573fd,119
7fe71240b4edff8db38620bc2abfba75efaf7826,147
7ff00ff9525ad6c255718ace7285335f39209ed1,622
7ff1789edfb3a6ad232befcb74f66ff8e873a53b,688
7ff30c17a46c79ef514b7237f69ded2dbc924016,128
7ff8fb1b7b58a91addc985b87d5e7074f94b9fb0,552
8008229a68202a3d0a54f1ea5408aa4b4e735969,206
80091603a64e9a39df408cb222e712eb584bf8b7,602
800a2ccd36a2df349b6cb486fbe8bf78d610b698,21
800dbff26a72d2c0ab4d8cf6a174695b66c99a9c,615
8011706f0f5d2e779cec973fd99a1ab70466123d,128
80118419a3b6fcaa9c7537bd000dd3e98091f416,685
801510e79fe1ab411afe9dd9901843e4209e82ec,585
8017c0dc5c25740d86403085e7863a26b7f2a8db,482
801eb9edccc4cb1e3ae4e04100f34bf41ee2884d,408
801f0c8446015cf77ace829d6050dd89878a3b93,4
80244c8afc62f797fdaffc2ef17834d1ff0728a7,552
8024729b1df9c54b2ae57ed50b3e56a6172da1ce,736
80255711389065172aaa0765a55ec1243f28470b,460
802aa11c67d0bb8710f66f662eef6567d1558c9c,479
80315b2481ef6502480f7df733bc6335e6bde311,526
8033fc7b71fe8a54a0c30652a828c17bda269ca8,157
803b247a24a6aae8f9c2db6fdd5ba822e645b313,441
803e4ec0dc64bc3773a93aeef5ad9523480d6da7,96
804554dedb7a146896a3818910b0d669f2d7e15d,65
80477529ec70d6ab3dd1f4e0bec44eedf513d25b,482
8047fd971dd36c2442b95922dc22e398ce547dab,512
8049ba27fe957b7209309e1386266e4ec141e3f3,498
80501fa3beb8f651e386343f0b48839cb4ecc603,251
80548ed405a7397ae1da53f4b235be8708a03e32,379
80562359a9f3ce2904901ed7138d105b2912484a,464
805627549c4b188cc6992312c2e07a5e5cb55a98,560
805bbdd221ef4be51d5d367c4971651043e2b8f9,133
805fa238cd2671e949c1a2ee0cd07af35a194956,482
8065f1f28b7c08c4febd63266549807f0072a1db,107
80670fdb8aa84e3ae0d003fa4d20be7cc879efa0,280
8074dfd13ba7baad9c02f0ad48e3019ce2380d47,329
807962fa0c71085863855a5e70f3fd0bd88834a0,685
807b31aabf962c279a8d02f8937b82d5505c1c3d,539
80873bcfe7e9673822f60e3c55d877db67f9101b,688
8093e408163d3b91a3a1f9485c72054de036899c,17
809e3eb6a1dd1bae0c2040b30397bc1b5ff0d341,21
809f588ac7b1c60fc808c85f7378528c93c91362,424
809fa4211e99263d38a00cdbce1fbed15026d0be,677
80a65c1f66ab0dd70b8bef0287bbf83d89e261f4,21
80acb5feecbc116c7f2061bb0c22d7e78477762e,73
80ad23a16ddbd5eb6662a84f672422d730c2edcf,552
80b09ff8092cb23f0b24780d6c705ecb7a6d05f3,560
80b577b89c7f5c482099cb2ceb29c7d4a9a09de8,241
80b7a5480235ff82a93960f33934295a72bfda24,482
80bbfb94fd2216bf872684a34bee9681958379c0,631
80c01fde044e96422c960115d50a9b42ae2cfff2,739
80c579d80b82418af56ccfb948082401903c2d62,619
80cca5f6c1614f5fdc1f0fccfaffa72ece7be3f5,379
80cd7714fd3a51e0a37ed0586a2923abe7588eae,79
80cd94add7b270eb60d50fbd82e3c1f330be0c93,295
80d1fd6dbbf68e73ae62784b2375bf052046986a,202
80d7214e9105e245f20213ca3e084589185beb0a,644
80d7249802eed64bb38512f08892f5293d74a952,21
80d8d954e9bd4583b96c133b378ec2e79978cc74,686
80ddf70d3101fc9d25b452370b3e6132c66a2417,102
80de1eaebf939839214e65688329ee3d86a2737e,725
80e05ef4e4d04d5a1ca764396e96f9caab4d18dd,482
80e6e3942af3b46014e9e48592b7a89ff0368091,409
80ec9bc60ee881d5c99908a6aeecde4192b78941,202
80f54f12a1b7c683387792962fc9b566ce83e60b,271
80f76ac57d504c3ad531c4e06c73392b773cc804,576
80fa90879c0b4efc636271a5b9e340efa5ae7167,73
8103cd238df593d49ecf2ae993c28cab58037620,308
810718532e2982572862bd8f565b9463046e4c65,47
8109097bf517dafe262715119f629fe4092f78d3,550
810fbaee3ba2164ee065fa74ce34da31a6060e31,553
81124f4fc8491ed0f05967974a9f8d4a365e7774,479
811452412d5162f6186abea1731ddeb5728a0c7b,512
811d760898f29a4bb43f4be603be3e17b11959a5,202
812d93d2b3338d029e547dbe1d726a69cac82426,539
8130260c772a2434dac48c4e796e1a9607b806e9,535
81343f595658512bd3db47d4b79d9c28a5762f58,441
8138a412a3753b2ebda0ec1fa44c628f42e3c411,21
813932473764f766d898a275eac942af226a4db4,79
813ff81cd53da672edfd2aed663e6b988b3abd5a,21
814b9d54ea2bbdb623b3cbcf654abcba568b63f2,597
815169a26b7fe1981c4ebe54552092436fdc17d6,247
8151f5aa01fc6e32d0e5e7473db48314a9e06432,7
815291405318fe996b16a92e7c65212f1ebbe13d,482
815358d3ac9ada739f56b36fdf62ee7a1c26d82a,202
8159c7c00e5a798ac6c1d53bc19f190848abadfb,89
815ab2f540834b011c9ca7d023e8534536fc403e,65
816678294a898a0d37ae35292684ff5873681997,90
816e821b2ca279c948cd4fe77c0aea6b0b5c935e,679
81736323d392384ab40b1a2c80f891902cdad37f,552
817d5147be5386abba178fa0ada810216d4a5727,413
817fb87e73f4f789b0655fc8157771ac28427917,440
818362beeeabf7b015f2a29adee995de7952cff6,607
818afd4386cf0ca5121356d3d96586ee10d51b77,482
81932456ccf3bcb4540b14af878fd126a0e84be2,600
819accbc08073449b29fe6808252547ff25538b8,782
819b4054ce0c22c8fec6113ea070106cf4812e5f,688
819c81082e41b0343213135728ab43e8d19ce09a,136
819e1dbde3fc7cec08fa2b9ec1a916f5c7a3ccb1,267
819f0c911aefc7997e730651d9ea9baabdb4476d,460
81a7848a82f2fe1184ed23302a4d5f02672c311f,309
81af203a9ff594e837ea13cdd35130f03a54b94b,664
81b2bf09a605e972d151200c716271f293957fac,295
81b453131c22494196bcca56fc0fde57743f61ea,102
81b4f3b6d31dfbb56fe80ea5cec2f269cd5d6079,372
81ba10c5523c53a7009192f3a7db16b42dc398a6,692
81bb240ce92cebd4a6e14eca947ae9f8de6d6e4f,230
81c20f4ccc54b85c0380b23f8aa83c9058bc6eb8,87
81c4d016e20aac8598f741cf190358c78275479b,87
81c6899cc1caf1d600bc0a8c7af99df687952fa0,27
81cb37a844499ae8006121febbf1afc9185cf661,196
81cba1754f0e5dee46aaf57c27fac3603452c078,68
81ce3c9e90019004ec28922d6622a7ef9baef066,482
81d155d52d961660ffa614bb74ef7db0602589cf,559
81d39cfa7835ff1824175cc2a7d4b88ee152a7b3,105
81d4588d29aeaf717702b41e15ba606344a577b6,141
81d9f6caf14a9a6a95d771f37bc5f0b87248978c,482
81daf737d9e38dcd74d4942b106144aa26b66046,677
81dbb86df5651a61e488666c33572ef0fd8fc1cf,410
81dcf6a129f742703cb58108e03a61a78ca39019,441
81e2eef46bb9ad1ef42f5216c385758539feac86,128
81e6258d0b41fc493b5b45e60511eaef0465fe42,571
81e77a31f11f3f4db2633b64226d2a5a73aa0f83,621
81f5aa9960aa88564df9350fe5a7c4e561bebf52,677
81f84869de07e14d421ebbaf3213e2cf70909467,21
81fbb85ad22c551f52b9b8c20c24287649f19999,136
8200f0b53cf5e57efcc22097f3899a8fc5615806,21
8201cbea760a2cba88586cc852dc63762d651332,146
8201da7b596a3fd4c65491c1e5f3eae564885494,21
820ee329b80798306759041f825bfc0501360765,202
821150154efcacaa704cf0c8ea8be6eaf140ebc5,202
82122a414a56f1763e759773ef00c7de2c05c6a4,688
8212d78dc903e8b1beeef64d06136a278d58dc86,591
82162d31dfc36214830fedb3a6faac7683b90968,100
822106c0f6f0918ac0322170deff0e05b256f686,271
82213bd0532ff75dbfae2bdd1bfe6fc7b2cd57b1,544
8221966758647c3b3f8cb4eec63de5bcd161b3fa,139
82270334d1bd2d165a9bd2661ac1c75522fdf993,260
8227314af292dc43da6b0bf21b69c14eb3ffa12c,677
8227378b2084cdcbf38ce295e48fd98e6abd1ad4,700
82328255cd37862d300a5edb930788409a02645d,482
823497eb68a10aa6241b1d0780bee97ef3c6db07,482
8239e28f4fb9b751065beac2115a76a082f1e0fb,190
823a400d5195f1f626d08919786c47c91623c814,197
823a920cf5e31123c48df0962636a8d50abc20b9,470
823d98db30216b4b9a0f1507844030e5e20912a8,81
823dd2a2cb288c78415d143a272fa9be9d55a2a4,594
82404b8db893bccaf544abdf0c857bc9362fbce9,252
8245ae9c4a7a5cf6156f5d903e40d0490c1c1fce,101
824f5459682277d7b5c1b73ebf62eb8fa61d44e0,282
8256e80bc6ca23b371e4a24823a8f9466c85deb4,651
82581d1f9d6a42d2a17d8373b9a87108a302936a,49
82593068899910b64d3fa512336e8709b0f10c44,273
82594cabb821b78a80b33e6019314f23ddeb8988,21
825b30a1c22ddd67613df3aa1ae682b12fb7d8ae,42
825b5898a4560b4683a8ae815a13cf61aa65daee,92
826176f5b1140282c3a79ead191b3a9027db3cf1,677
8261b029f6b97fc66645baa0fd98e5ee11a6a62d,255
826ff5058c3b2e319a1e4d7549fca676d7834926,45
8270a6b961e9442eaa45ab7ace3710ef3e35c44b,766
8282be034326f856b80c1fc42a0c8468ef183da6,162
828488e403266aca222fddb75b99f14d7e8459f4,202
8285c8e7fad208e8e16fa428bb8a0ea87e35388a,141
828d9bafab361e9b88f72169bfc59dabdcda3355,587
828ed4ea188d146e0c1bd41d7d579d98a43ea852,202
8290a94073a7f06dd9fc63925cfccd62dd5dd989,488
8299c4b52a679cdc7f4253b1f6c2a45a80f1900d,21
82a24ce0f56df39be14e952aa66e7dadb8085f47,366
82a7b4f406f498e20f1500953cd014efa9415665,227
82ade66a868812715172bf1ec499a437217b967e,655
82afdcea3734a357286239180542c49b71a6977a,341
82b520437df795c611a01272278e141a7ac7882b,80
82b5619d08d60eded97c25dbbade26a376f9b18b,202
82b60ea05d1fb111e1df7a4afd9ae14ff815d010,566
82beed37b0f299e85875df89ba5ec8fd9ecf098a,59
82c640220b3fdf282173909e1063ce0c8889c1de,572
82c726ac33ba2200e6726ffa7e0e52e9131702c9,47
82c743eed4627d941847b22c7f48bd4a87f8e690,26
82c745238f82961652d01fd8da51d7450aaa59c7,202
82cb21fa6bd0a172034f53318c339a7db3c41299,282
82cb7d27becd4be19084795f1651442c69138c2c,201
82cddb050fac6f0203c9b645b4e5a31131ce0711,11
82d0550be344683d499e1bb21c5aefcb204b26d1,696
82d6a611c2ef9572b915d7c15f4d7b709363b3c1,209
82dd78fe21c109d59a7b7c4fb609bb30730f2396,254
82df959b75dfc61d28cb1f6dd27e5730c2548c9b,390
82e304abbd77279a4cd8001398f6e086651d2772,591
82e956be8c274ce56e5b85d80e72ed97fcd306e4,482
82e9aaf6ba5990d8199d26e2ae6773c759d5373d,228
82ec6c0827b67dc481e9c991512c8ed954e6bbb8,21
82ed6ba3a7ad40c9d1eb28eddd9a335cb4e2b47b,677
82f43755f89955288ec0cdd33c62ae5613d02043,559
82f8d8526538905773f87b7007000faea92df5da,139
82f94e870e85663ba42cd3a04fff5990883c06ad,717
82fa8de28e3ac081eca442a27f93ac225d22c2be,47
82fbf8303d1a94d3b2378e73eb7f78c21baa30b2,686
82fde85d6f349b28a98a38c2c429c7889bd4f835,228
8300da724e8df26de4076d67bfc512215a1dbdca,280
830738e1421abad4a4cc6aeb0884277e7dcbc0ef,141
830b9fb7c458c910cf89757ab4f67a9d716748e9,552
830f193f36b1e2ad7655a1e7271bc170594eb220,698
83156d40db2a968db37abf4d7305729e60b317fb,82
8321ed0cdfaa690ecd3a8e0e65286e34e4b55245,530
832817e553ab5f531b3d65678d48b4e68495a1a5,514
832cff2d34eec80ce52f2526b084c2acbdf0ae9a,251
832f626450c8e42d27a1167f18aa656690ad3655,253
83312cbed9f18e26e0bc2f52dae76ee7e4c821ef,75
83373bece69d7c42d2503b06efb84aca54365c0f,141
833dfc62aab95ec1600b6f22e98e96295fdfe6e5,473
833fa4b0aebfdae7c96b7b490000f96976b61843,443
8341f2fe474fe4998c0d64a27123f1a0140a6c4c,328
8342afb6b57ac9f20c7c3a612fc1a7ca30c82d1e,23
83431bcd66dee42ca279ea9065f23360aaf5866d,21
83450b3d9049349a4d2908c9410df7c073f18df9,52
8347bb5af543ca729904106453f2bf30a44ce03c,296
8348fdea0729ab1ff2045637f140a6fb764861f9,202
834bb2d81df80c0bf7e66c25de19ce5dc0a5a24c,150
835bf9a05c0ba4ca2e9fa2f5b0df59ad90a84927,552
8362228228a1272d96e90c5b02c9c68e9b771c51,576
8364ba27c31138cb6c1385739f2bbdb5816ea5df,21
8368565898108ae818e8f847b30723ff3676b20c,482
83698ba4601d4cdce20918a3ea15a6ad8d880760,713
836a5e2834d03f02109dc40fdac7d48fc953086d,500
83766a4da3a0499de57117aa7cb454f0a95c716b,49
838d92417e46e131d8cbe3b6950863954da0c4ae,602
8390d13d0e9b4459b3da0939ae63ec29242d30db,148
83989226e06503f6f9dbe5d4c080463383bfa5b6,445
8398b83228d766416f366e9b26f2c4dff62cf05f,13
83996844cdfc2b4648c664a572208d3b2cf13ef6,634
839b9b5fd87d01b3f2af2f3867acd16ddd91e32a,195
839c87950bd52b637eecb5abee70eecb9976e4d5,202
83a32765e01b295465ca565cf3ebdf1fda429505,441
83a67eaaf6ae24b47dbe2c2368b88e1ba563bf01,21
83b6aa05ada5e4bac3cf0888d933455a248522a2,269
83be589cea7615b081ff90f24cfa2fceae57ef06,482
83c1b93e9f381996f8ba7431194660902d3f0ca8,379
83c23fe1b2848ad842dc82abe9f1aed5a5e8a435,168
83c3950f9d34636d893d11de5327f0545575c70e,778
83c51728af37e74574f3b2bf3c6c9d75fae1ac3d,64
83c64b5f5d2e8e76fc20abb63473da97e9234c78,550
83ce126ca1524fae77408972fcfdb6efcd4e4df0,451
83ddffb8baac3be1cade96f7f692334f8c722321,174
83dff3a757358f12b1ad3223a603178ffac49b25,501
83e513e08f0a3040b89c93ed3f8908cf66f5eb22,453
83ed9cc9e1ad38c779717205f86fcdf7f7a64c6f,713
83f107481fd60602ab48c5cef925582be3aed041,327
83f69e90d50defc264632320c7c4878ba09be9ed,128
8400b26ee4fdcdc0ec717f239368f4c59b645717,441
84028479612e7d90aa023f602a357a8a5fd4c9a5,139
8404221c079a856b18bd48b7cdd24f2bffaca5ec,677
84047740e99b842a067801bc323ce42c8bfc6c46,657
8404cea49ef7c41b0ce7be09600b41e55ecac8a7,21
840541e52c0aff29fcf07c02b7e386c9ac905dcf,409
840c1e7b6108a2e0622f8f2945ffb0af7b7a5c4e,541
8415993791ffd41bc3bf9d44afa14b0ecb8f0211,588
84196346522694264a154411f5ff94d4ea546ddc,21
841bfd4977f80395e4cd7d990a0993b4913dfbd7,441
841c6afff4f8de3e4d635dd663009231e2b75666,484
841ce2b2977717ca16e7c90ab1d75adc5a0ab64e,296
841cfc4443eec2856572e44183963a82805132cd,458
84217eac96aeb11f1529eda1635a645cf18ba10a,348
84231ef4da3403faec16c8ecfd4f5c00d8a17998,332
842575c0bf02af493fcbd3afae4c9a287408e4e3,686
8427dfa90d10b221680c09e96f5751f568852d24,452
842b080adb2fb0c871245d3ea84cbbbf25e7825c,21
842e0529bebdcb6ca98058407ff14182a5cc025a,251
842ecbc72e9d512a570eea874d5f83ced16e305a,610
84300dbd9ce0538e09b132e057a89a21227d256d,202
8435d42fb90f21c367ec339bab13c290497e11a3,657
8436c7b5827c02416f0a850ab74a250243515159,458
843d1145bfacc16bcc4f234ee06ec9f196b9b45b,168
843ee79e975826527eabbe6d2a521c0b4464524e,608
8454773e691e5cca619b197118b9def819f67467,441
8463d2fb44ccede6edbcd798d44519dedb9cb4c1,326
84672a72aba92fdb882c91af086aa12aea13e7a5,752
8469c447af5e563fce66f49952e93ce9fc271f1c,677
846a6cebd57af027eb4b7f584bbaa20134d30baf,21
846af0701b8761b64e703f8a3c533ecebc627f62,35
847186f0677bab5ae2facd57fe51014459a30600,512
8471ac11da145ebf8d9f26d7e61d37eea6b9da70,553
8473fd207bdf7a12d78d1e5e873e63fd147c537f,122
8478459f327a141369beaf0b952d12a039f5e71e,35
8479ba9bb685289a2cd4fd826b2f2f786a40dd9b,696
847fbac1334d6f310d81b8daf196590b33703c80,677
848c2954e5918874807c9ac1c4d5e1d04cb3bf1a,610
84944c3d45b99205fd5706765a516352502969ac,306
849518c92528471c251faf0689d49716579a26af,119
84962f70bd0bbed38e0dd6ec61988807fe3359ea,42
849e3a153f499add5ec3375cfd4e513bde3198ef,68
84b6340f3fdad2791ff2dc74d6683e70c3b4b39f,50
84b7dd1260bb088c36234e1171cd2d73e9f3c23e,87
84b8d0e17426a309a74e3169d5f94bbc87165445,441
84b9f923eb13f9ad205d59592e0c87adf63e4d74,379
84ba5a0e844aeed1193404af0bf3e9b0c08cf207,45
84bbc48994063e6460d6c9d97f39bbf8361236d5,97
84cb4ea99ba2de475b731ebf5f5f172fa453f70d,625
84d5daf4a1dce600678ee3870044804efc36c595,179
84dc3f52a65ad228e10c58e199ba0f22aaf7a354,552
84dc6045a7762092dd2c54bf0351f4194249a09d,217
84e1db7c94d9f0e397abfc1ffad83640588123e5,264
84e66541ffd9b75bc429508a68b468e228bf626e,237
84e7cd5b8f0dec0840a5917c2cb2f225b84e4a85,183
84e7f49dce931d6c6fb1e1e35951d4a8a30f4a38,182
84e8af389c536805b3dda6dd0ad986b395384f59,567
84ed8da0f7bdb367c17b4b32b11d86452359d340,677
850089855ad0c6745307db78457b5be336e00053,327
8502551a1e89cd6c34d3ce5cbd94fe7419cecc7e,261
8504b2fdebeed49a1a1f7d19abadbf5a6db1fe0d,53
8506207f553013745f14a035c6642a7504da70a4,441
850c79192f095584efe83f3fe7284d2e483e39ff,424
851738c514343fcaa76fb70c3f74d5692b1652d3,139
85187f94e983f1e146579cb880c8c439d7593118,67
851921851f038ac988b7d29a78a1e4a945029716,139
851e62808b64c58c5e2ee9ed32531d53d37bc078,415
85263c442983f00c089bcb9ebe7b8c85e2f49ae0,749
8528ea286a5472892f2750bebb503448c0a1eef1,482
8529c65ffbd218c9bec573a9981afdd460547582,257
852f67185697f0895d64d8001576a82578c39697,120
8534b8bc9a31aa468f23cce9bb0290aaf2833ef6,179
853645b4b352ad135d91f7ee19028493218dc9c4,602
853a14376af6c092a3581dfb75fe7b897f4c5677,621
8544d98d443018d389eadbaa9a69895027d9162b,202
8546f85dfef33bc9f1279416a1559dc3f4a3eb26,47
8548e1d9265e63d1a92a2973dad97f37bae481dd,441
854bfd50cb8b35ee47f72cdbf524cb027aec50f2,604
85501dea8f6e5fea04a713c7a064d82f62e86907,282
85541823234d9c79088733c0297ae08fb6c49916,87
85544c54ec851d567995e5e0ab50a8818b048697,202
855762a76d7d9d44e979cd19bf3535c89df79a2a,21
856a89a2a49f72e51fd2bcffa6b09e773c88fc94,351
856cc7f5f930e0987356882577d26e57aed7e2e4,335
856e74456d4db5fa6d03ead64bf71f833d9959f6,21
8571aa5f98bff2ef853320de567c98621996f2f1,775
8576db7fd0ea4e5d75eaf150e56867d8503f7436,122
8578e30251f50f732c45ddafea205fe44c2b0b33,179
8578fc48e44f591731c8e5d1d81412ea97041997,557
857a5a6212a688e2e37034878e727d99ac87c5fd,608
8585005a90515be6ffbac38cbd67c6e3e40066e5,554
85851e9b617d286ac8210743ee1cfe7f3f6e4b90,676
85881a60e117cd313f1980cfdb0b2ec0fac5a962,372
858859873f7bfd67c35650ec0a52e581449f34cd,49
858afc3df63df36b9dcf21b91c1cd8230b6a6c2d,4
858e74df58a1b0afe29220e8dacbb2d612ef8243,553
8594a654ea521b33bf21bdf5cb229148d3017578,622
8596350b5a45737d0d2f6d01b17db18049d68cde,482
85994ca3f65ab0d36b023bda7ed98f88f8d9b2b1,688
8599bc18098de8d6d54cd1a0d5b14aa9fe64f76f,512
85a9593a995c4973ceb708aa829b48661ed30b72,118
85afbb18abd2fcc9d718d64689f38130462a105b,202
85b85df320e3825202ec57f8e81c0421b5c55fa0,448
85bc36691ac31efb72cc5256aa0dde10c6651bd1,269
85c0e6e864e0725a9736383bd9065f20abcc175c,46
85c1e86deaa1599ad106ce2e09d24593548a7ab6,281
85cb09680ce3c524746b184c3ae7e41568741896,428
85cd5d01a1b3d33b93515da5471c527e9e6e52cc,148
85cf7272c481045b44032fe169342c1601133022,234
85d363b104beee9f7df8e0108e8e1b5c28fdcafa,552
85da3e20afd572cdafb446b5a7bbe234f58555b3,119
85dc7de3781e68f61d35d3ba42cac11224df1a06,216
85e78852d9212caec50c68516ca3ab4a33439d41,758
85ece5e0da3f6b227ab93c171fac713d52f2533c,688
85ed1c6d28428b1a944821362fc7ea19abd884da,552
85f28e13fc1a76157dbb056df56fe35e5366fb15,241
85f31e2aa78cd2a1e2a797ee14e6e00f597c8095,452
85f9f6710a727ccaa48da0dee41ddd71b750da77,202
85fe91171fca1f4feccc22c611b2f53ae96504bb,141
860145f65259e62e7d6b42b41d423c5d2175acfe,308
8609fb3688a3123afbfd06ad90a7b80cd7795996,470
86124712b6f820dd03faf9eef6b26a08815ffa40,178
8617dfc845f9564b921215238ac4e3a9c87fd09d,677
86190c9cbcc80571f167cdbd1fe10a4c8cad340e,50
861a83e94eb216e8c6b979abe52f565077138528,709
86324aa4addfbe5bb45e5c4f0f43f5f47e2f091d,282
86336d6469f6caf77a96a4b1b827bd2c44343211,237
86337364d8d67244cc409ed339e1583ce265d1d0,714
86397410635efc1e4c145d45d1b818cd10244ec1,677
86397da5974f2454d61f2094e191d7e38e514c19,498
863e2c7f89c89220f4cb3add89e202c288d52c89,21
863f7d8ea3b36d36c985052c2e435064fe4f9572,677
864b459948d3a23e8d6b5929ccbcef789dab5bd9,122
864b711b66cd99f639060db9f92561fb1e39f0a0,202
865036cf57b8955d71433989d49668a3ec333e68,59
86508f1c17677bcc3fd9e30d7ed1e4dd1b071f67,443
865269203bc74138780f39cc92f45196683e5dbb,649
8654b9a26ae7fe0cf47482ed7ae4034b42609475,491
865587a2039bda271da8b26ffd8322b5cffd3fbc,610
8655be5091a02943620cf30ef284b7f3b2b86b90,273
865e6a589aea5ac04de541f45fa42772306d09a6,677
86618b4631c8dc910520dcbfaee151a4496a62fc,136
86618e8527435fc2cdb1706598e12aa48b2e12c6,141
8665fc81c79365533811363bd5839d7e2b2292c5,498
8675f18a08f4e181b4c2e94413f11bfffce9fb71,269
86783d72383d13859606d57165eab7c4c00740c1,709
867867b8e7e1256dc5c19533c05c813bdcd91566,498
867a4a26b1c45feed91a0bfd7156c55886e7f1b3,237
867fe925bda48f92129c6a7dc79e6b9f56115970,664
8681ad906c1267ac270ba5125c4315e014a27e12,565
8687690b683b36c1b589666a5b82aa955b915e2b,82
8689c106c96b46dbf5106ce0313952c297c1a844,170
868ad709d25ae89ee40c1732ff1749b6e8a40583,677
868fb6acf54222dcb0bc7423c3881e3b21b45e67,332
8692cbda2a802fbd2e9b330716e491c8ebf6b270,560
8699722123385b36fe1e1ce194378219450e7bc2,505
869a7318248a6f7182370e28448d7e803cc7bb1a,202
869dd9333d45c8f5c6bf8b0458b6d0029981c7f1,655
869e9c393c0fdb6e18248a84c2d0623a40bf873b,286
869eea1d08537f6eed1b4d4425135958c36cb6a2,314
86aeb386a1d4c916a621a4fec4dd2d869bbed89f,610
86afd3dc06b82499207d5b45855fe2fcbebb7f65,539
86b92b4cc56dd5f5beab5d02a66e60f2d282dc13,646
86b997bf3c313926ca68387f2d8def7539e7979c,658
86b9e89018fe7c82a5af529ae2f47cd73a3418a2,409
86b9ebbc1b10c7c00ad20df693e4b605a2bd08f2,21
86ba1370074ddd9ba5305f77632337a062b4abdf,552
86bb3647a4f88c0012c30839c9e0c045a2bddbfc,21
86bc78f8b8c8816d3c42b3d042f8e5bce062b97c,539
86bca2c11df616207b5e7ef7b22c8829dafcaf03,495
86c079cac526834543e4486359c7f01d8ebe6683,583
86c112bdbf7dc0cd5d45d8ab2aba96798a9ed52d,46
86c1d48edf42b8326f30becf2f208479d1e30bee,21
86c9e060036cc1e33285cf91cce16c28ea717a4f,560
86d040d4753225109cb374bdeea38f1b5f717130,446
86d1c3f9f6118e9cc235bb8810e5803c9bc1d251,295
86d24dbd8189837593458450f8bc291e3306db75,332
86d3f5cb5eb22d3d5bc25d0576465f85f8ae0352,366
86d5ab7cd0b5ce49a415634e27be745620578512,161
86dabf0d6a8927e116f3e74c8f7d3a6419ba7bb8,677
86dd9e730374a199c2cb7fba6bef77f9190f8222,526
86e047933fe470ee1fd7faf5c60a766cc02427b6,473
86f0f27783fd1b544dc3455e74dd7f11cff56d48,138
86f1123ad0c0a66f8235d20e1743543afebfcd4f,21
86f53deb81b127217b8bff9c4a887f8188b9d892,21
86f57d4df5b4143f13ce2fc73f1e0398a5b3b502,179
86faddcba8abfa38a484beac0ed86c6f2f56de09,503
86fc369352c932821fa3e81d77d8e957510f3b07,21
86fd29a2c6e66cffd7e132cc735bc895bf73f92c,602
86ff1d9116916e30ab05f92a58f4cb5696738b38,314
870061e8b18e500515f74f8370c0addf573fecc6,265
8700a3360d8059d59b31d22485fd90a7b1faab77,223
8700b1f9c5d4760f16d2a43dcf2994e3d514cfa0,21
8702d9e49246f96764b41e8cc26373eaabb27cc5,677
8704197f5efabc70a92ad2a7c07465b77b32f188,512
871020c44291c4806c99cb3dbc737eda35cecdba,243
8711cccde47217be2bcba965703c12f24beb1c6e,78
87123d79ce7c3f1b7c1250e47332702b4c43dc73,552
872e7387457fdb67ddc5f55bfa849480ae34dfdb,59
8731ddafa9457d0fc8132e4401081089ea9ea579,399
8731e3a4df50f28a69bb09bfda5c22d5c14a1dc2,645
873819b3f0f95a2f587bd600e75e828e11069b25,128
873ac7605d3862f5ff66e2f048b7eac738512030,482
873c1c4aac509304a8a19cd16286464bd88a5045,550
873d29f5b3a6dee79b581b9884cd22d67ae803d5,712
874152e18131182284bfe53cde4e33c37cd2cf4b,67
8741faa316154c6eb57688f9b3df64a40dbd009a,60
8745b4bdd7d66b152cd92daa067de19f9e72587e,709
87577a17d4a40caee0c14e352fefcf607e81db61,119
875c4be34e99aa8e65c40f8a708ebbb3ff40f364,202
875cf70c893bbfdb6f20e009da213a1c9233ead7,677
87618ada680136f25cc395e3e3687c3250ccbe9f,168
87675e71d4885b526f16bc62a1fdde7d17cf5a56,589
876dc3bdb832f1be18e6a9fcae797d9779a391c1,441
876dcfe86b1e85dcf71d071f55dc3c21225bc6e3,109
87740f3f10a594e62a0153cdde3e54ca87fb3581,677
8782cf13a3c9699a9e10ab4d147a9589deb901d6,21
879235bc7f43da2c220646904b816413d573c51e,552
87923895c52761ec38da449e3a4f5df461c60c70,523
8792721f175d12c07e543cada2da5e5aff805252,46
87935633fae285d6ff46b32ad67538faae4e9df4,21
879612a00aeccf20bef4bd1fb6f89babd93b44ee,495
87992fd40480cfc121c02b3c9f1f297ccb260678,82
87a55a416f07ccffc4715b50a1eb97ec9b7f810d,140
87aa58ee7e76971e206a7bd64be452af230b2cfc,314
87b4e8fc33b39ed44462a0ab166c5e610e6948c1,482
87c55b4f3f3bcc4f21fbd1b7482e90201c6bbc6a,202
87c6f9ab955de2a435b07996bf2fe3e41bb53a4b,720
87c73f669029425351531a86e431a85cf34ae9a8,48
87c8708a242b5c4d4f6490587ed552f860de681d,623
87d73207324ee89d0d0eef8eee2c8ef5cd2e8263,122
87e05a8ebbc59782684222f1ea3ffcbfc6dbb1fe,585
87e114ae49984ffc223db3df8684e965decde294,496
87e11722f5b5fd3f5eb62c047f1e01eb34c00cf4,603
87e43bca19cf30486c99b02a5b0ed0cbdeb2853c,482
87ed908c7dc562e817a3cc07bc3476ecb4aea8d4,21
87f397f762f093d45181994e8834e376df519082,280
87f883878a03b7b745a2ae1792797dbe861ce14d,21
87f9a4687609a5b4d5b71fe4c9c26df3fb98759d,67
87fd245424e048a6f84beae12cb1b9b03d200326,500
87fe4434ab3ba37917e72e2b784036b95bd8608d,48
88005c37b9705bf673526b6682dad065e07e8b2a,482
88034b53d0b2388a6c8a3c3897745a433f3a55ba,591
8803964a4dac5bb716310c5ce9305be2f9e484ba,237
8809243ea0273818c3bdbf431db81acd1fde75cb,622
880c6e7d5e48cc26105643294374151ebb400999,67
881152e2b17a2d6dbd4e5def7d22f690884205b0,491
8815e389949b97779f8f171e771059e3c6eb438f,709
8827a91306c3fdbf7e76d39cc34a7057587f37b0,675
8827b61f5e8fbcfddfaf3adeec19dda68df3c932,513
8828e2093fcd0e6b161ee5fa97a58b0254650458,99
8836dd12c67534616ef5b03b75c98f13857ffdac,202
88398352f94a9bcc5f32f917796774678c9c88c2,657
8839dcedc00a25f8ac4defebfc20e473a7c333df,408
883e1f30aafe4f4586da0c1eafb4c51d23ea4b05,553
884676b9532e283ac75e6bcd88dbed3f290818c8,655
8849fce408cef925649e19ed9d07eadba3beb313,46
885caf797de4a54494d83d77b4840efd3f6400d6,543
8864b0b202dec16a034ab9262cab9daacdc217d5,82
886a04c16335024d94d9999a6d9f58e840878bd0,81
8876366f9813013949d1bd66eccaf60cacc011a5,500
887aca31351bc91717efde6aea372184ffd4f549,72
887f3559cb452aace98c9dda590959a611cc9873,677
8883aaed20b8ae7ce35ed1e3c587867ef58c7328,77
888586f244de3cde41ee08c4ab146925e4e50f2b,619
8888ac63f9678c6c49a72935b4a82fd04216e07c,553
888fc235d3b3fa5253d064b9eb3853a32a14cfdd,101
8891768e663349374a26f18ae5f347f177193ace,477
8895b6ad5f953d973548cbbea843c1d6a61e0741,691
889e21a7e1581df23c10de31acd829960244a5c1,512
889e743f65a038e01036cb870ec8bd2d002d3ab7,560
88a6725290aced91569fc7c855ceca5185741dc7,67
88aaecee3fe39ecc5ac83048d6307c8222741680,591
88b0e1cf70fceea30f564ff635d000330666dd79,258
88b535cf45db2caed84c785f0bb4128fe1cdc27b,261
88b6c8bd896c9a6d608e5c65983e1809c7bff1ed,567
88b872d9abdc9fa3f954c93c2ac2792a49d68012,295
88c29400fe811becde17714037363bcca9118248,307
88c55dbf73e4d3522115452a6199ccd1ed47eb09,21
88d32a70885c28470121e160f06748c4c7854d35,441
88d515a07cae5f373346a91d392163dff7bafc77,73
88d5f9898189b39c775c8737850542ba3287a538,514
88d8270b3d21f39004554c8d7716c2045eddd594,458
88d9f1cb6ea90521f7677699f5ebf4729be6bb44,513
88df3720ccfad7e85096a0f76160bbd6c5a5dd2e,253
88e5ad51a81d1467e0f9a80fa50df49ada3bec46,131
88e6533bba78051f59b319188ba6a44822cea889,265
88e7831402c14ab2b7f3682c4044bffe2e30ccf2,87
88e7ce689f136bc65cd409ab5acb96900010b9b8,85
88ef65b494e4c7162634d6dda04edf2d83fbd1b1,677
88f38a03f7aee2fce484d55aa4bd114a733ddb90,655
88fc7f5c048f07e25dcc3e1ae8eea38a494347d2,547
88fcfd288b5593d28ea02806a5950d0c3f1f318a,679
88ff0bec697148eb1a7b30442ae36ca71504f6ff,160
88ff3dbc107ef384b91e0c92b989504cf16d77f4,513
89034f44fd6758636e19a26aa30565e5c62b093f,655
8914ddfaab5576f43b244357fd63a0853e9f41c5,535
891a6f47302be3634a269d374fec047be648d28b,568
892093928cbb49893e3dd697824bc4a29c815cd6,273
892d77b87a38dcde01fa4fef999d6e535ad76d86,496
8934bb8ee1349b283409724ed6af96a32df390bf,128
8935610184c677c0ddf730f3c5e464e704ebb9e8,687
893a61024ad5486b48f100eafab92f558091beea,335
893c28236893981e8a2f3590b1e37e727f25b35b,604
893eba2b6b270674c8ded8fa1e95dc53501aa1ae,120
893f1f71ef8540b8edbffdaa91c45d552fc68510,585
893f8b7440b7bf9241207796d6c93f802d2336cb,552
89437af8ffae4c25d541078c382ccf878c25b24e,217
89505a4f2a044cfde9f814e3c408634fd9fbdaf9,175
89555bc80189e39f090652e4dad25ec31dcd9b3a,281
895813a1abdd14c7e3cbf999ceaba2a223c7df92,533
8959162bc5ed6a0901ac3ab72d3ce1429c45a9bb,270
895931596de2988c1ec8d56044c46da960df28d9,602
895e005028ebaba920f4e547ba203ad01f39cabb,351
895e3843c73b5696ae33d988c54bf477ba9543ee,332
8963045b07c5f6afce24ad7da4e24e2a8e21abf2,482
896c28157957ea93509e278a3485a8ca4d773612,634
896f4cc780ae41883c054c8073368a72c3b7cba9,190
8970c0a86c81e17f268cc697dce398a9c52ded0f,21
8973b983a965aabd4d6f46cf7c3aa7e11cdfb890,709
897b503a5789ea0baf7dacc6e5f43120f9dd5570,202
897b6fc4e85a1aba4ac7874dac81a1b3278fb1a7,345
89846759cfd2bef37fde40277f0ffeb8086e236a,23
898b21bbadbfe5d38429e9c12fc103e47da5be88,101
898d23258c15f8d5c15e9adc3d7137470c9f3589,21
898da58090f3fa4f15e51cd67b8a60cf3c9c7081,713
8991651f9dca4e709ef87c545b0a6a16d71b3b8f,545
89922dfea49b584c557c8fa7111a7940f3c227dc,443
8998e163caf9ae5017edb54875a7196c58844ac3,650
899dbb41b24f98dbc8d1b6cb015c2e78140ab73d,550
89a217fc507eecc61c8ac6bb78a5814f65519745,460
89ab1e0877fbf7abec03ed8f093e436266cce0bc,660
89ac4befff8459c3c6e125813da1fa3aa490de54,739
89c305c07a6d75e2adfdd8a9d91b8df55ceb6130,128
89c8b34024aca9140965716059b3b075d10a7ad3,552
89c9c6430d749ed6381d1042d1d5dd98f0c5917b,67
89cb7921cd29bd4a5acdf3ef6b67fc4c6d1ccccc,59
89ce896e81b5c711b08211aab02d93291f057b0b,607
89d3345d393bd08d79922cc914c6f5adf712a1ea,216
89d6774e14d846b69bbf690a720b37bbee24db4e,82
89d8a20964d5040eaec388ba2cf707cdf76605c0,202
89d95625ecd00745765deda95a336a4acf090e43,63
89dabf28aaafe348d6094a4d83f6ccaded407037,709
89e3c6f7e628421bc121d744e80cb1b56d945e1e,585
89e6a9cc63a35835edd5dd1683dba5c21a2c265e,738
89e912ad3f775433dcf6861e7951a229da96d834,21
89eae20df0fa97eb0fb6d93b385facfb46545770,539
89f2096468641356fea0cb47f367e8e30095fb65,379
8a0fa3d73600843967a5d73c309977a80c16395f,153
8a1781cf48e84db8bd922a89d4597d7dd4013d9c,552
8a19d5c5f61f8b01fc95323fc3634526687bba21,552
8a1bfbfe748debd2a74f80e2376f50f5860d5c49,562
8a1dd4b4fa9ddd484fc7273cd5294fb4896a47f0,544
8a22176a0e4644bddd5826358a8e535f24ba976a,239
8a259f1d4d7d0095aeb91fedaab1449298b427ce,134
8a2b20208654af1ee6f1afc865e45548d4ca636a,302
8a2ced585f8f7e0e356a8642a4e6e765268778b7,482
8a3573a1ed9d846d582d4a6ea2ac7c287b036c28,276
8a398f8237916e5af96e64863af8ca2f7b1c2a0d,433
8a421f8d6b283242e2c598b95b2260fa6ad9fabb,252
8a4252d4c84072f61097da419c57aaa62ee70f48,47
8a43e08e26dda34a4a46e496d5010c8e85641dbf,45
8a4900f43645cbdb057698a1b8f7e83cdae00003,509
8a4efec76ec552236ea43bfa43c7170b3a337780,46
8a513363eb39b1581b3278f6454e5c5fc2948b6c,384
8a514628069f100f2d0565cbdbce9a95cd52ad0c,137
8a574285bee58d1b8394a230085c2a79f11a328a,202
8a57737274ba0576871863ed7ef8f3d4f9905f1d,623
8a586d789900fcac08f9b79dabe9b8630c0c1096,655
8a597078215009a6880fb4442206c0684943a4eb,550
8a64b210e9bff4e46391fbaa2197102b28a054e0,507
8a7adf83dfb6f3323d090ff6800f4facaa6458de,355
8a7b95c168b0bf1b7f919804f4bb21b28b56c29f,687
8a80f8f8b77c2388175462b6f6cc038c8f7d6fc9,557
8a81fa0489fb311982f7fa707e8612b3808cd6f2,21
8a8588d88ee4ba49ce57f98b7503b484be90f17c,318
8a86b2c1daefceff642348f0a224d0eee5a19452,202
8a8b2765a3840118b42837310ae12e400f71ef2b,625
8a92d9786fc56ecd6ce7f9f51b38384f0bec9dbc,202
8a93058fba2f44a8fc6d50e761a7ba622e9789e0,202
8a95923cabdb917c80341730c942fba749f467bd,399
8a9eef00298045d0d16777c7210a5783bf6fe2c6,567
8a9f774bd2e7f33874fc3a87debff34ce358bfb9,202
8a9fb1ab07b2e694822165c57cf3271675d0a464,113
8aa666c44f52248d7eba436585eba81d096e175e,677
8aa8ef7e87fc9e0ca4caa2886ec20e766772d082,95
8aadf5f8f1aa93e8d7c5f944eceaa89d931bbd3e,761
8ab18881fbd1491b775d05184e3050be141b85e3,766
8ab22ee36d0307183efa448dee0b876bcdb52aec,351
8ab33bf32b3354145c58b9dbef5fd8057fb7e696,692
8ab4733fad418e1e2a8321ec30d4cc9da8da03cf,677
8abcec9a830b884577069bee30b12752fc227736,646
8ac67bb23f90a780ebb79dd3533cb8f35190952c,49
8aca0998a4ee606faec386ca95e541150cb2a8e9,183
8ad3d71d02b7f7bbd8286853847ce5ae5926b2c8,4
8adc81adbe69a107ba4acd29a6c4bcd58bad6be8,550
8add8a1227f5e5c22044f6315aeb1799d2271008,78
8adf9fc9f1c7be400241d23d2cc96f52c270538e,453
8ae35b1212179b02bd0c302c50e15f641ba9fc3b,259
8aea4467a0a9ab4569688ae03ec0072bb52e8918,709
8aeb7a0e90cd2826b4df3fe8d74d462324076e63,202
8aed67a912ff28af6e44225cfd34348991e97add,638
8aee98c47b848f7909035cea5ad0b15a7568e853,717
8af48af12226e1b19ee45ab4d8de67a3344c4fa8,21
8af88886cd6928ce2af4b931324da288400b91fe,602
8afa6ab1226addad3b657e5fe36d184700c568bf,482
8afcde15ed5e127258f0af8806a82eb08ec88c27,237
8b04ea94f67a32c6b8ff40043cec44c1f8f3ff1b,255
8b06ba56b8522e372eec24b977279da14a6daebc,404
8b09551e897594c2949362cef1450b4ac350e033,700
8b1154c06d4ca0b47ff8af893b1bf9d44de310fb,743
8b150c0fd0e5f7a5382225a4fc08ac0f69e517b6,525
8b1855535d8defa571488edb50e7d34d8910945f,47
8b220ad6ccfb0adbaa5ff23e13d2b70dcb3edcab,302
8b22d57c763bd518d7079cb71d2b6cde7bb6408d,556
8b24a1e106a97cec854e80ed9597ea268c8ff9a9,329
8b2a95477266fff40508d3f811c1a839d99331ec,70
8b32937b9536a5b9c055dd275f5e36f46341653b,21
8b33b71e4c6c94daa79919e0255f5c80bcb1d46d,495
8b371c27bc9708f99f0b632927684c0d7eebd319,161
8b3c9d95ecefae968917f8a22b5d69aa800d16e4,553
8b3d7b9a81f453d674e2a67e353b77db73012071,362
8b3fffa84e4325f0d73c2ec79ca232c0c4c1c74c,567
8b42bc0f92576f612bcda4f5d353c7bf9e4ff740,460
8b446cf2804eebe48463a84ff743500c496a7a73,175
8b4f38a6298a1d826e888e17e10050400461baa7,607
8b57cbcc483063dc77199342b0ab8eba8af1f0b9,441
8b58122c3c06d89465e83f42ffe6cc5f658d584f,560
8b66044dd576c1215b14aa0149471c5515043755,674
8b692ff6e623158bb0748f2cf42bf0ccdb8a857e,677
8b6f8d6f648fe0ea93d770ac425974f4a37a79b5,416
8b72f3430746d363142144241a7d2391cf344df8,141
8b74ec2b65c9ba88a8f1deb15ce8e64fbbc3ad55,588
8b77299144bc72d87a5c8e69704a5501a32c1a7c,546
8b7e81e60ac670955beddfaf0194e7d77bb48759,251
8b80234490f52ded57ea0d74e177f9a22806ac44,600
8b84319d646c5fb16732abe8d5eae3bbb3ee6173,338
8b8e1a46c3f7ced4d793dbd6dd3904b520237200,679
8b8f3387fa3e1bcb73be0c86aeb860c24b5c5fae,21
8b973ba75c01ddecd11c7a1ef306c883fc260e08,482
8b97accb72fa7af62ccafa9b9daaab5cdf17cf1b,417
8b9dff9960bcabd5e26389cb6c810809ddecbdaf,482
8ba58a88fc82779a0697ddb7daee737dd3cc8d17,498
8ba6064c7148128a8533db07a3ae00742ef1b99a,41
8ba8c94f9558b82fa0e075be05e8edf9c792abe8,677
8baaa81012a5dd88e6c1ffe92a58268bc03c4148,559
8baff46920f8b5dc6892e6c45877ccee29a60233,76
8bb0ad17fe417345b8e01b84154af36e86a481cf,202
8bb7fc45e6f1ba53eeddb691169474a89a02da67,202
8bbe10fc4e0756eaeb677351ff92f9cc74e098bc,585
8bbff16e95902eee2846342a873dfbf6687fe3a3,202
8bc3df75a8092a11bbb276f39884a492ff599b70,162
8bc982d8bcca87aa4cf9a4b2c03dceba6538ccfe,441
8bcf0d80192557fb33e54efa1412a06f986241c7,242
8bd378092e1d41e0f524d6b6d7ffa94cd06e6ea3,377
8bdbe569ebc87071b1b151e893a51e01ea07ce55,424
8bdf895b102929c113a3ddec55f52351b3378109,482
8be903a03835b9c8ce78594f45686da96b4255cb,546
8be94d6514105271441a64efbf6a9a16e2432fe0,164
8bea3bf17ea81a35de2d472da6095e0149c736c3,175
8bed084deffc95ee138e78730a98ca9713f031cf,332
8bed6749a87a128225d45e07abf644c2fb710f85,496
8bf69268c100eec079cb9fdcad24e91e5c62c99e,286
8c01df20872dc55adb85b9252109222e2bf2b5a7,239
8c0f86ea4b62eaae759a560803f195d5898b0323,101
8c16cf870699e783383ed2dd76d344eeb1bbd57c,63
8c1a82d37a1e4edef51d34f26208f5777e210edd,644
8c25530855ca5fce73c3cd6082427489f4d68743,100
8c2ce8331179a789e00d99d6a7da375eab1f6a0e,544
8c2d2f88c5ab9d3427311a12f2aaabb24db60b1c,67
8c2dd2dee3a599c4ab531ad55dad3d5b2fba6a76,460
8c37f535b91bbbdb48c0736002c810e07d3e47ec,749
8c39a3d9322ddaf76d8f7d85f814af7a7590f692,482
8c3a4186d7d5bdb6155390fbea4af3b4bdedbe7d,170
8c3fb9a62c94583eb8575c8845191eecb46923ed,574
8c3fefd8820c2a1b6f628170923e2cff23fe0ebb,485
8c43516d74c99c897483d6b1f2b2701c8c63944d,379
8c46bc2daefe7cc6593e893e714e206cd64f46f1,73
8c47fd1e4303adcfcc3fb6c7aa08b5196155bc94,612
8c4a98481fa12138d1d061a92f8dd34f69c8a1c6,482
8c4f7d2757eedf6a41e976e043d0ef7f7e100cb4,709
8c5c108ce0d0f70322d7c12477e7a77a47a92832,699
8c5c224a12c57ade2d3a550a49550ca3237b0c28,82
8c5e0f34c913408a37dbcfc0917bcbd9ea25458a,105
8c5fb3656ec28ebe22dbf30c2fdb31f764953710,600
8c6055b8497a7ac51bd1c23408442e019f50b107,54
8c62bf3217905ae470926fa12ceafdf4a3b2201a,781
8c661b1a0f776bb867ff12b86fd4c4eaaa030cee,495
8c673e284b956b9248c9b07dcc685a0de8ede67e,655
8c6d35a06b048bb0628e5a5fcd99770b48944862,766
8c6d69a90fd81f16133232ef49684af3d99594df,136
8c6dc0bd82cf51c74a874559e87dfefb19063373,460
8c6f8a0d365d999fe07312ea7c47cc5756c74047,168
8c78bbf544bf0149fac4dc36e2a4aaf676312546,21
8c79c6832bf85def742a484f68a880255ed3bfac,141
8c7c4a3aa76a33ba02be10cfead22593755fa19a,465
8c81abe8b056d22a7965879a79a28d43714c0256,346
8c8937ef71bb3b4ad27bf9dbe248de6287e3c051,100
8c8b1efed63409fd849a818c9045d87be3ec642a,635
8c8ca5865328bac7441d4194ff4fcc8c7bae0ecf,241
8c8e82b10ec8ceab6a622ff0595125fb3b38e2d5,775
8c9a261ed554f53b768633f2fb4e607c6d245b81,261
8ca972df6f0e7532be13e19c0a49090991d151c2,559
8ca974c9a5b7d1b0f631f49b3304da4dc2787f89,482
8ca9814ff1a6073ab383017a9d0f85b3e8f4867a,603
8cb1e9fbd4cc278c92b64685c9e2a313457a66da,473
8cb33553ed775c8805259978fd467cb2000e5a11,713
8cb60c6cabf8a22b3b22a56472a58f4d653ba72e,100
8cc0aca32e9da89906ff607e843fec283a5bb524,364
8cc1002572501b24ff508d0c732af8d7fc42ac76,85
8cc5dff6bc213ab4b6ce5f244a42d26e772bb3b6,485
8cc608a76c65a0300d0c837979238aebfadc76ad,677
8cc8575323a98f4062813e30024354ac925d1fd4,207
8cd3944e32544006ac410f5d5fd4e042cfaa6069,339
8cd7244b6a91b7f6707a25a3a49fed4e17fa08b6,362
8cdb0d5ceeb9b38c813e1af47636bf725221f7eb,90
8cdbccfabcb0b73ec36e2c6d4d387cbbbc2c65a1,346
8cdc488ceb5308401be7a0799a7456565084debd,544
8ce13c7f99aa78bbf4f66c55b99e7caa56308de0,441
8ce7fa30ff3f02dabae717985af1440edd4a651f,496
8cea816a4f8729b5a450b9823f679b978f96c5e2,421
8cea87a65e4a37519f790e606f453a9d8c5cf5cd,68
8ceab21890183b004938d66b5208b4db04f2d822,713
8cedbfcabe062ab8c72ae7dc6f6f66006b717669,65
8ceeb1699cb64e76da54f2170af80a823fc8f771,122
8ceee1ae9b4380ca7b72e2755ad95b2217547f78,402
8cf17a3fedbd50c0685adfb235ab821f7a994027,637
8cf1c61538d637372515027af6d7b2d08ec4b9ae,139
8cf41d2a3dff0152551c8fb5fe49d542d5a17a97,269
8cf66d7144ea15c58f3442cff2faac9384a44b48,17
8cfa02015ed968c8c06b9963b3fee1154400df28,120
8cfcf3e925612f311bb85d0d58619f925f78ac99,21
8d00c77d0e0222a5ae8cb755dde8e8f361cebac2,554
8d06c05108414d3e4ef04dc098ff4d34cede2d6c,610
8d0c5d2fe60d7ae1195063c499cc4fbf70e2b3a1,67
8d0d552b3f36bc9a240e5d02be5b537defa8db7e,552
8d0f92c371a1f1d8ebf4d60e54eb92af2d2ee7fd,13
8d117583e83c8deef141e831b5b02af6fb71fa3f,379
8d13cf612c0076c9e024116f3ae4a1c36d139754,21
8d13dc8e302d6c8533a07e0c72b5243ca2b37033,265
8d148e5ee7c05ed409df4f9d053b95da943ead65,45
8d15ff62b6127e16cec9190d9624287a44cb9ea4,229
8d188f2815023ee1ac39e2052a3dba70dc3b329b,709
8d19fd50fffcd83ca97897dfa22fc41593ee6c12,237
8d1b2f37e7b9f183202e7fedaf4400b3e534500f,49
8d2074a10164fbb5b40a50b55b7490d25ef5bf6e,544
8d22c59521b7f25d518333d3ca1d6020d1487748,141
8d23f5919ead1d43427fd121d700fd075bad3572,518
8d26113c365f21e174d462e11f9afcc669c34112,565
8d2625f138dee24e0abe7d26cc928d642ea61063,96
8d2f6ac2125edce9ed44e36a142f02be38c87782,501
8d3312caf0e64ce8e5f234c8811a1988d628d9bf,585
8d35afc1f4697b3e408c3f106e568de8501a3682,148
8d44a0acc287fb87f5051090957dd3ac27d16480,242
8d44a29f3a883f2c048e17b35aaaf061a202101d,443
8d509592066fe1958186d86b8eec4c424cf3018e,512
8d51052706161ab0e040a9e91d4cbd245117ded5,314
8d56a7a8779ff5cf96358b96eab46ecf111e2462,713
8d5927ad0f1c0ef55a70db3ec213df6551e973ab,241
8d596a36a5c72c1315060a703f8ae221a6f65abf,518
8d5c0ae27d27a11fb40b62fcc578068943292068,443
8d5cd55fe3357ea4bb78526cd0942f35eb8ce477,202
8d6279b73515b34d557602ea8fa03c1fa1b34c70,603
8d63aeeb590d664b629a42100e3911305e84f934,600
8d7ac81bf646f2991549271dc3c93e8cb04f600f,583
8d7eb8e993f14b152acfeb888ca8f31b0d84e85d,713
8d7f2cb6e69f3d510f8d126a7036c07e3c036ac0,377
8d8607c5185dca86cd7f3b00550eb283622452f2,82
8d9218dee20f198ddf79d032a8eb7df8d3295af2,314
8d94e4754bcb53bfb21b20f6501e096f9401525d,737
8d95a896a1776541a6f9847dbf63ce4a3433e264,139
8d991d136ff83d9b128a65e9265b139d508d593a,477
8d99ab8f013f61d612c3aca223d8dbbc1beb46ab,487
8d9b525a1169c7de8d1083989532345fdd9b725d,309
8d9e35ed52b1bd8a45b0f7e9a2efd3589295526f,168
8da2db3deaf3c5a66fe383008529900958ac6c7d,495
8da7f00a5953b21c46ddc469ef408681d6c3c20d,129
8dab8de5988694f7459e04339aae605f01ab5b30,679
8dabf56c8dc510b5132c76ea95c5a5247d049e85,41
8db31ecb3cca0fde6333d2bd07aa35930899bdd6,23
8db81d5c8ac74b150d3d2a1abc7343d9c50d1407,219
8dba3d9427cbeb3b4d1c63fb09c71b6dae280179,21
8dbd88abf975f76f578fc89597cd90f30cdc3926,170
8dcf8ce8612bd6af193e38030df9d025d1ae0389,586
8ddab52401b8d3db168078c04d670550b6e66321,120
8ddb38f32a86d17c8c1cfc8b157c7c9974a40f82,214
8ddbea8fa1054b302a24d5e5066532cca827431a,202
8dde56d46acc6cc220053d6b3b23b71345c24fa6,484
8de023d7d8f9380692e1b213561a1f9d6e29331f,600
8de1036314a8bdf60aecd7b0f4a89d6f119a61e5,491
8de123210301256c3104dbbd556b0ab2782003c2,202
8de3e1bdc99dfa3c0ef781187fe8e4504b515ad6,679
8de6527923abcd880f918efa79ea30b3ef2196c8,602
8df1e8bc55591180719661f0ee0aa8967e48a399,539
8df214a7d4b6e05ac4a5c3290caaf6e3a6e47252,606
8df66589a07db2edcd2f879d773520217ad9548a,546
8df94e613d06f27b334ca052171d1efc391b72f8,535
8dfdcb7474249de36c4f05f6a8a91621ce0df4aa,21
8e038a19fd28765f486796d869bef19407154f0e,544
8e0ce7845ad943ce5cfc6f9fe682faf7a8f30f07,567
8e1212f90f90d9f5547ccd763d9ce0954e77b25d,295
8e1bd25155ae1af7c77916ece2db21a7978d1243,341
8e1c76c48265ba9c79e4ddb23d606ae45c4128fc,21
8e1ca98f0ec12cbb43acc40ba4f552d85b116907,621
8e26de846d79b61c7f12ae78aacf57ba4a034f69,513
8e26ea050f27226065dc05f457716df876e504ed,168
8e280636782a3b012636bebaa35affd11428527a,600
8e2982961a799a14eb62485e66c7ec744d5f6ba7,21
8e2b6b9571cf22fa1c99358b016f047afb0b8ce3,707
8e321402c1857a6bce48274f526fe889f0ea18b7,54
8e36fca4ef4ce8a37ab2f702742b69ca45386f32,65
8e39676c380ac0a76006d4af3f6d23ffc149d734,638
8e3daab517dc52b2a9ee25b7025f7e42e9b7e954,679
8e419be0c19518187784fa80f3630b7961e07eca,405
8e452174eae74405514384d88b8b5258bda7ff68,72
8e467b889482ea68f3272faf1a083d5b8016b2a5,379
8e4eb062486729280beb2d4c8ce61950093b00a1,21
8e4f8d58f861c01b5d853a9ad7af850cb9cf9bd7,610
8e51f5ffb42f65d4b186ac1cadccc6665899efc8,319
8e55141c65ad947aec04b2a599d7d93140f405cd,90
8e570eaf377a286832f2bb017a374e7e7fd55d86,21
8e5aa250a8e3c3104fe17abc9d406a90a429972f,60
8e6677d35ea88a086b1e6247caf327023d2b59b8,477
8e67749eb59e45a7c87701e39ab2a06260c1d6c8,304
8e687752f56ed0e47a80c7bd4b8e9cc0650bcb61,586
8e69940cfee170c50dc09cdb581a382100e5c65c,21
8e69e45e6e9d88cd525e1a04df648ff588251380,141
8e6c8245b7fe5eabb421021a017e802b6e51eaff,59
8e6ea43a4f6db0840cf41dd5718b61b0ddde1a7a,559
8e7fc4bfc37611c1fecd7ba4fcaf86ebf089f444,368
8e8707c4b85f3c6701dc0131294d1b76d7d531ce,202
8e87ee20379bc9545da68b1e9dcdb9a401b10784,560
8e8e8e8056044ad03a2210f53299cb1cc28392a4,119
8e9cf2c8a9da5cc6032344921e2cb2aa4ed6da2a,100
8e9fc6ffd1fae63858a6bb7f4db9ff1fec086ecc,128
8e9feeb3b40cc21dcec28eb6ae6f00bd10505222,591
8ea0f01fd901fa47c26e797572aba6fc8b8504e6,113
8eaa6b20f9776237417fef065e3d0c595f3c9c18,229
8eab776f2b3a9566d537ec93fbcc2e05f233b6d7,655
8eadc77b586c728d7ea577e8395e6543b50c5e3a,170
8eb546c0d6786cdb3119693fd3a3bd41ab78c678,48
8eb6dde46e8f9c22ed231503b46cd6244b667c1c,585
8eb9c71e0b80e255e3d746f7526e9bf52fe93296,47
8eba1d9365eb16454482fba26c0294e58fcfb561,27
8ebd6860904aa0aff21f8e7d9afcb4ee7d0230fe,688
8ec5632976b24e45afc66301c0fc3f83607fc0a3,21
8ec7831254ee12ac368a305307a6c5eaa7db2cf6,152
8ecc9a30aa0d9be40d30cef555795958e2271008,113
8ed432958ec0e68314420dfea5731b413ad46372,21
8ed91a2797226eea33ab0ce9d870e2eed1a909bd,251
8eda1ad0fb8143da0955eac33ad4c90afa5825c9,566
8eda99d3d108263c73473413a9a00e8de7667fc1,576
8edd5515b7b046e34978196d26d69d71131e978b,202
8ee250e3140159a0303e4c517216f84477a8dbc1,21
8ee291fe9319c1fd33960727fa94e0977cf606a6,749
8ee3f0961721aec4070b59647834fe2f8fab2e9f,713
8ee82ce7fb72b746174623079da4234f2190ea07,179
8eea7d55938ff158677cdd4c54328df72e73153e,202
8efcf766bd15da8eeba74d79320a3fe7b68d8b56,335
8efd9435f3c0cdf8e8bf64a09ad1d2a43945f668,497
8f070712c9502a187e22d549d422e71605a64d71,202
8f0e1dc5a7c89f95a37a0cea7766d09e3b32d16c,443
8f1113fbb28aab0ae51a721c599b3c7ba4991c24,677
8f12f7203132a30cc93a62a2ef0f9b1bb4fbc0b0,454
8f156194e37efeb59ffa096402a2022b6e872d9c,147
8f161ab9a76f5feb9200580cf703a2683f5f1ca2,46
8f1841fd37f77b8a246949d9390ee3e856d4b77b,178
8f20629dc2024372ccbc67b109be4f8c0c38c2f5,544
8f253118b5519d4e3579e3a6f1a84bd6d1e06a9d,688
8f27950e553d21c056a67e9bad97ea6f22967c75,522
8f29a0ce1bc9b6af222156bfe09cfc0a4cdab1c8,669
8f2a1344e2e1c8d52f19bd4a1f4f0c45433a6bbf,332
8f2b7af21593ee08f3fa1815c8a93f71a35a7b86,482
8f3153db7e36795a8be0f048fc796aef6d4c4943,58
8f5ed6be0d42a9ad3bf25a449924801d3197ce82,677
8f60306414844c4cb9bca4e0d4e7b94ce55471d9,67
8f6333f12917e1488943d441b4be8f9ae152e041,583
8f6344a8dfc77565d70da4c158f99dc4d512fa5c,600
8f64b95e77f1ff318a60f555ef15f717b78beef3,679
8f6ffc397fcb0b9ed2e573e888bfe0a514897fa4,533
8f711ee7c82f3e4b6c104377d46591ea2b7af780,351
8f73e76b8894d4ea88df797a7c57d83398d570ce,709
8f74d252165c834a9e35717ca58569934936c94e,409
8f79a94bc2bab1b710193c76b0205ab91c69d208,696
8f7b111021b26bd36b1a23a2b09e5451fd1b024f,622
8f7fde4a4682a2ab7ce3e908fb4ba2d3d8c23830,435
8f826d8f9e5c0101ae2b39db767ee42be2f9867d,4
8f8b1f7c1861874a9dfedaf2c33f8c1022422646,96
8f9639a29992ef2b21ba6184d784d8b41aa1c9e8,482
8f9764e38e672b3853af52e295456b5f455b3302,512
8f97bb53206e1b34180613fa57c490bfc289eb90,560
8f97e472ff092679d054f69c3556afd4ed340691,552
8f98a932182862cca90537cc15e4e30dbf301d73,692
8f99f58c9018c86043c503289e3c015cbd39c7d9,533
8fa1553bc8f44425af8305ae559a9e8bd09d4e12,550
8fa2992e7c5afef306afc58ad8bb4716fed41f96,603
8fa7053874bc9fd9c4caddfe5665e5dfaa791c1b,428
8faddc123618f4099add1b175d2ae023a49d01ea,782
8fafcf35463eaadd712cf3431724bea36677d08b,692
8faff5b77c038855fdc3206a4faacb8427e85c42,40
8fb1f1ff4ed0cd4ab31e39e0517bb02498886965,260
8fb2c53300da1ed91a9417fe06fedb615f5d4134,21
8fb33093608eb07b086cf520aeca79b4d6e2c3c1,583
8fb896c103b6d71a85b9ad38e55d4f3a0d0c796e,565
8fb89b8f9f444302a6eea17fbffa60f6ad48c7fc,141
8fb9c76a42ece68fa6a598ba646b7796e6082b50,202
8fbb05d333e5f9f6cc4e547e33818ebd37e0b933,560
8fbb5a3d6b4e1aceec76df86b4ad63837ee83a09,347
8fbb6e1763cac0f4da1aa5875cc529fd1abe637e,729
8fbc5817f63dffc16a2f3b4b439f3f6c9fd07a45,27
8fbcd443d7acb5c92898fae66c8bddcc21af8020,199
8fbf99bcd1f9e317663e07eecdf59963acde7726,289
8fc533389002ab01cc89a1f644d2b9a9f1b7ad6a,87
8fc8c5eabf042eb239ac703c584117a3bb728332,491
8fc8e6990483fcec2673f7680914d298e59fab5c,482
8fcc2cb840696044e973a1eb005a5c05409f9f7a,234
8fd495e3a3e73214ce0c5ff9f9b052ddb19233aa,202
8fd4e99f17cb9aa2dcad37e4949c6f18d07e3605,202
8fd54c181eaed3cc2af32b2d6a53e18f6d0e948b,21
8fdbafb5c14624c3e389d0d4282bda86a8b82d80,452
8fea9878cc2ef14bc513be2edc62bc1bcfdd7f2f,197
8fee64ee73c5e9b125b9da4b120761f8a2688f27,592
8fef8910b68a15d1aedaba58755799e73c7f3586,202
8ff18fa0b1fb8b0b33be23fad18466ab5ff5cbda,82
8ff602e8e3a10d23f8e0c34885aeeb572b83fb2a,404
8ff92dd3cce4b1ce60cc9efab35ca42ffba1d752,482
90030f0cd558c2d97947e133d2dd644ae6373c68,600
9004fad5daebf839b98bf33dfb98445f7d86f58d,47
900741714c76c22e04c3fe0a2754295267a3314a,21
900bbcdf7f67d46d555c6fb05b609ed4a50b2d11,679
900c70d4be4543c0721d8e713a6013441d2c3b49,587
900d1dbc2255515661045042d7992b58cdacd227,153
900e8a9dd8a9cf36bd55824a9dfd213d1fbe4ca8,775
901296bd0110adfbedd401ad0b1d41958319fed8,544
9013034e918a627e2d5e439f5104a1b1659d1304,717
90187f4c6d9de0669b242dcdf76ede5d3328b541,85
90269fcffbf93f75412dbfe278cfd2b0dac19806,168
902838df60091deea3b144dcea438d2afc8cdb00,610
902e0f69ed79a39184521b9267f3a0ff945078c1,119
9031bf633921ee677b5edfa49a84f156aeb9f84b,65
9037f1c801d897dd08a0cb1062dd97e8381edd76,41
903a519769deb68d81b6a2d23641715a89d230f1,59
903aef98d7ace7cc3c55177df8be71a973cc3a65,482
903d4b672545371b25546873a681ccf1499cbad4,65
903e322b1a0968f4ebbb5d33387266fc67d12419,168
904884a6dd06be3dae47e7e057be0463bcbabd56,232
904a24aeea99d143b4289c8b0a36f4964bc55aea,202
904cf99db2bad63992a9632847a2a23a461f708a,40
904d9ba7b6e3480b789fd66743628530efb21f77,226
904e9ceae867b1b1e3633fdc3d590ddce150ddad,80
904f3841c186faba713b47c77b558158f02c4305,331
9055c9dce15a5b880be763dfe23184e8853f0df0,197
905d31b2c38d52d5b2eb08779b9a6662c798cc6a,198
906b6039ce84d2956309cbbedbd6b4231364a40c,169
906cc8c0352b6120b90bf2062990dd8aea993922,383
90756aa3b4c438a2b4c3e94b8376edbe4cf77e03,677
90799f6ee1b1ae7800b6532f198136a79257366d,333
907ad726112ce163ba16c18997ae6de35f4fca95,202
907edd6a95e9fbf8fde035ae55dd1f95666b68c4,79
9081706b2d2acb252ba02e1725049064475f6607,643
90842d42df509bdc41f34203e35009d3dd708450,526
9084aa774c214037d9bf3c4dc38889be7f895b80,679
908d6b79ad18fa752c2a6ba8534deacfd7916bbb,168
9090db2ce30bd989555fea66aa9ea286603bd1cb,552
9092d5f1ba2275322b9f107e4a3f78887361d47b,539
9094f000eb5fbea931b0a2c828aa09f7b2b04a0f,677
90a90721bae11621e12d11c6e86a6f388264d495,749
90ab49a1ca399c4b3ea2bc723746627989cf25bb,56
90b1e298cf54d85a283ae3eec831c1fcd3156e48,441
90b469327287f569b83f8f3b83748c96ad64f7b6,17
90b565ce29a6aa6b85b37aa2d82f88e39bcd2e84,533
90b736e70a7510e5702359b2f1ce52c0b4fbe417,602
90c71c7db586a2bbee8e7e38c6c4ad7c1de79d8e,141
90c7bd768d691ca8bfd558f8d65c9e51140994f2,702
90c80a69bfd0dc518eb2ab664b7be5e8034a17d2,539
90c8f4dec19e249ae15fb352e3e624c77bca5bc3,482
90cf922766c2dce79317582b52c814338e3e755b,408
90d2dc1f902f61ce67739ba41f84e9c4f246e358,677
90d7abd6f2d774c098698536fb4ffa04c333112e,314
90da019632bf0f5cb90f0ceeeafb35610ce4a414,82
90f0ac9c24b79523d59d5c4a4e479ba568d6337a,501
90f49ab897c6c2f56be886d18dbf6c67985b09b3,45
90ff4f2ce48a24034fd56eeb8dc86010e580a078,681
9102745a0c0bdc0512a36035c3192b0f3448f902,550
9103918cc7d8fe08c35ea6d59876ad3ec7bea39b,677
9103ccc1350dc636f8d847701643a5c17192c656,241
9104ffa34c3f9cb1e1a0297f850381821c3c3dcf,269
91068786e0b17c17ddd4d59c89f1b538b34dd702,657
91069294ea5fa897374d7a1efa6fc0d9aa838291,47
910889969f8b12b4a52121d0cc8dd4c5a987615a,96
910de53ac4ee0513cafb25d13a7dafe36d4f8762,512
9117f3c1f646cb8adcc98ccba1d2adaf26ed7287,201
911c6dcc256bab3526a24b4f08bdfaf6ffd9d378,393
9129c8c8109c46d2c11a5997648cf27c44230c14,469
9129dd4269bc9064722fd6e470aa5e6a4849034e,42
912fb5969f40725188c181f899b14d5ed9397c29,443
912fd0179d205c7f25f4eb6a4e7073784579e30b,606
9132eab8285bebdabde87fe93eefcab5e00e63cc,548
913baeb777b1e3248a747c3ab1fc8ffd7632518e,545
914042422da9f5d59fb02751e1997002265eadb0,45
9141838a9e31aa62e8339b127631a7bca1d537ea,76
914a6c96f090e17dbdcd5ce50e66fa20fa7af958,45
914a89402387db7850a9799b780c5b27731bf65a,688
914f0d99eae3a1eb4634c96bcfc67789c0fbeaab,21
91557c362de2f9f182e16de9bbe3f18e2351d6b2,76
915da826ec53b130f35396ef7f6612bf9d6de9b6,56
9164930f7bf9cca1f66f05635e702c3dabcf84a1,82
91698270a75cf2edcd5aefc7614c92cfad33c268,23
916eb0d6d854831780f2aa0ef7edfa9d9c75385f,657
91725def286d10335d19b1ddb7a0b7b052b76978,202
917310cb8a64bc81259f72c25c7628d7e2e62e72,676
917433ed57d5b2bee145a4e1b1dd4e969d36ed9e,266
91744714d6d66d146dd32ddb6494fe16efa79981,709
91767cd35802a71e66b22a6450ef361333ea8f29,552
9176f8e7ef6a5f009b2c26bb7c9ade8358a088f9,441
917895bda9a68ba88129da051686c9e40d7352d6,4
9179ae88d0317ef34b5e6d3f1f07fa40e8d8a69d,587
917ab7b36895d8520130c452e81d08cc1db7503c,386
917f196d611191cd114c9281a0671dc0f6ff82a0,58
9183ba0c4e8c3cc7b07f9496b8c5a64091cbf368,482
91853de58d17030acb742f243e730cd6eacb4310,482
9185eea99c24270dc06831b392fa6698f1001949,655
918df1142b382276240296d97dc9139b0ff1aa2f,441
919071988c13efe3d3df4bba6cb481f5b0e0cd4d,675
91960f18b6a926e2504c2aa19787d286c734bd49,314
919fa7badaf4dea86db2a52eb25fe871cc897091,436
91a2545b0d1e4f0766d3e98919deef80ae25cd71,139
91ab2d8db46039a7bf89ddde2b57c685a7176367,21
91af01d7ca45e4f7586a8f7230b0aa343b281292,42
91b2e872f0d29f6a04fb310b29b4297b8bef4759,271
91bea187b8991d5389a2cf166ef6e48f1e048dd7,411
91cad6fbc574e4905b17f50b3d3226e6431258f0,482
91e0e0cbded027841db2155020f853ec1acb7bdb,148
91e6871a2438c4add543f69052cf76c3cd921a9d,128
91ed771daa1a40405f3e8b6179e9a3c1c08dd056,91
91edb456715c5d591f3cdfcef23721cc207e71ce,482
91f29ac5b309d98abff228eef451464ef7fc719b,144
91f2d7d12ba4fea173e8094e9475b7b29deaa051,775
91f9f274f285d07c373afa9d1e6bf69d26dfcb1c,568
91fc1ee325733f0ae17e821f1e66566e47574f73,246
920ab060b1ac07f33a15b64b3603462f9240fb32,136
921213a31cc375d626333d54807ee5872da74506,760
92151f1550bbef45c41a28b43f39d4ed9f2681ea,576
921bce427f1029a105dc73a27f6669b8d651fa2f,483
921cab1b68f8fdefc39a5933126f7a3002b893f8,634
9220329862535d8ef7978d92305d8711b387c7e6,547
922381e3175729ae7ac8f8998f01c953f60febb1,597
922ad06ca96ca20b54367eb413f8bdbe5068a07a,500
922baeabfaf5436b75fb95bdf76fc8d6d76e9824,544
922c1538b9fb151fff3f188710b295b8ee8e016f,237
9230714b7b498c52d534021a9638476a7ccef79a,8
9231fde76c5e7837738e154172c7ae120fe34975,686
923520abb85d601e373f1728cb465dfc9ac7e62f,231
923a65f9716808e5a5d790d5e02f46d669e96910,208
923accab2ea0fcf61cd5b6397858225f0ae19205,717
92435e97bdfcadf5c29068964203a716d19e5d05,650
924576e587fc3edb64bd5b830d34954fffe97d82,202
924a17b061e1575e82e8d57bae033917c06df44e,49
924cf72308a4960c7e326abc2e3cc44b51ef5ef7,202
924d8b3864bf8c7b90a5f0bb82af869c0a7bb8fc,202
9259ac69408d889ec5de0a5555c722c266cecb03,482
925d969427d5b5a41c90cad41394137843eeb909,138
925e18f447f8bce1d1c071eca148160c648ca1bc,332
926030a271d6eb9d114eadbecb42a4c353c87179,202
92611433cc4d75efcd6640913098451211bc3a44,482
9268a56651eb9d887e1355f55c8808b09748c002,638
926918037b8f2bbe6404ca76379c39f7951a34d1,709
926b902e6b072026da1c3f80a98038d9171e7244,498
9275a5ececbab708f97a8bdace521dc65a2214ac,168
928b3ffc54166bb7b2f1e6ac8d4e46f0a8aec563,482
928da82c6ae0c5eb2e3bd9966b946a18b2bf10ee,686
9293d829570e20759fc76fd26eb0f3d11ae6b91f,441
92950e3a0ad8658fdeec84643e8363f51159755a,82
92a5972048a0c84f4c6f6bbb00896f8fda5771b5,646
92a609f3dd67e55d9ca9913582ba74d4fe44a5e4,758
92a8e94b6894cdaca5e0da5e1929fd9b725910db,136
92a9896b9acc2871981690fc302722e634630439,607
92aea1880d04af74e55771521e3477cd1f2c93f5,168
92b007ed383b01e2dacdd342acafa3265c93973f,119
92b6afd7542db99aa6612c150eda572c461817e6,537
92ba90ab81ae0fe583afed508fb106f7a1c2bb3b,507
92bf064d252066e3a122a9d3d3fef62a0f7fada1,607
92c18a90720f1b22581b62f107581944a04233d2,202
92c4e97d9e1fa92f34cbb3d4566c144a0d844194,498
92c6195f54d6ead57361e1ae85ff516e03d32b35,655
92c7d5f5b51470f49118f752b74e806a28f90596,775
92c941bfe9698551a97ea51514fb95e1e053c613,265
92e1987aac3297cc48c0a0c7fdd41c2c41ff9443,21
92e1bfd93d2ccb4723b6b9c9fde6ed4469f74128,45
92e35473754a66c497d05bec9c6ae59fd27864ee,79
92e43bdda917374a93cf5e11e6ac33c6abe46d19,45
92e8c004662d44cbcefc3a87a2827ec505339a4b,202
92ec47f8496de22aba73a596c6cc044245f92d9f,161
92f63cb07a3341ee87192fea2b0c8c8ed5365b04,178
92f6400149289ae31d2038a2af9a815ef94c5e6e,41
92f86a0e4a2e0eff58fd0c2bd43e9e8956447d04,21
92f9aa40b76de4e48ea4458b9ea4da7bc3be0a38,21
92fac895cf075aadea1f6dcb2b0188e1765ecf85,714
92fc1d64dfc46a354e1c89884ae8fc7f7b87e87f,634
92fd70a968785c62884b3857f03b07c696c3acdf,351
9300758d79d2c1276167800147615baca8d26d36,709
930078b10580b2321fdb54dff1df9dd95a931ba6,209
9305c3adc753dd344b3637da24a6dae7d658334d,537
9308712126ddbf9809685c650a631aae1961be34,533
9309621b09d9708e58258d28a2337a83bc4424ae,82
930b87dfd277d44d8a8ef8cb27fd2ac7ea9593fd,623
930cbb72d5d4feae60d9ab4716d0262a76c93077,679
930de4e8e8e8f43b2022c7ef26e2bf90fee07fac,491
93183b49d3efd929f6159893290cae6f0fb6a247,95
9324674ff19f0d117c328451386e1d035344f9da,619
9324b137d64f35b67ea6eb70517d8f76f4d7b997,496
932d466dfde3b9c12e49474ce81a59669d7767b4,599
9331d18b8b015f4f4a93a2bd790695ad99dbcad4,58
93365caa7c56468f2cce717d118e039ef7e4fab8,314
9336ca30e9a9958b261a8cf6fb24b8ac65969df7,27
9338dda6b68b88898f497f13b3c4ce5e920935c2,655
933c5e8504b7f2224b2509a4c02ebc12da91f88c,134
9342bb2b424b3942c2edbcac97d62fb6f4838e91,282
93439b1206f9a2260a28b9d70b78420e99a67715,128
9347fb2df0fbd9359ad4ea47102a53dfb274ede8,152
9348021edb0ae9c98238764121a69e2a81bf45f1,202
934cc981badbe79d19636bc0c07807be240218a5,100
934df4200990d08b0bce40a97458a4862d76aa43,134
934f16747d016e9761fd5157161f55ce2bfeeb98,21
93511eced7ea153c8f4e6c847f828463aacb1560,553
9351385e83dfa48534264142e4beec9a8a13066c,591
9352ad68f6d1bc2b8824326a5209055900df0fb7,46
9359648ad55c33121391701b59861de2f094029b,531
935a75408faccab8eb5acf6d0654e3ef8be73da2,688
935ed661830e355b53c3f6baca32313d8bf80770,202
935f0089046117ebf3500046affaac2dc0cca145,117
935fdbc89d2c55e1eba2c71c0e564c16fd018fdf,47
937b1b232e8e75940f4fdf5a32fea110d4a9b607,567
937c0c305dce0ee9c35ffb8feda8347fca400d1d,625
93817f79ee403c86804ec43f9ada4e3cd10fdb0e,82
9386c4bb2a468e27d985c89a48681362e7cb8de8,139
93875c219dfc578731695a5fb5d0df211771cca1,49
938813db14688c57750a3c7407b421332ce7a0bf,749
93883c6ba541dbf4cd6ddfe9ca4384da996fe78b,585
9389c7c492f97296742d5b9529456414ea1529d0,677
938abc4cff0702f50e332885a6bab83d13de1369,473
938ce3021bed020a01319108782ec1a9fce9ab47,686
938f1c59bc85945cdc95e4f84d37b5c6e1558829,351
939747245f6579118cf3a6e991509a630dbff23f,332
9397b861500fa51a926e3d7ea7b1b351c081c889,735
939ad7f9d3e63b7e16d3ea02f4a0fea9ba09588c,21
939b8587823b43195d54786056f2d8df0a0e67b4,93
939c9d73949931e7a96107c0e3d637b776aacd51,119
93adaf6d53f6211b6d173bdd3f9668cc49fd30e6,17
93b06e44b4d4d563fde5fdbeb7ba5250f76a6e14,280
93b39027fc04455f0c89d17444d7e178edf9e74f,161
93b3bcf215a85801120fb2bdcf3408255e62ceec,500
93b9bae5087114c71251d8dd6791a890744be8b8,758
93c117648520f408f7be4d25d0e9bd4edd52dc4c,510
93c41fab619eb51590b60178c4b7a50080e5d168,441
93c46edfce19be8df32a0e4027f201ee8795784b,379
93ca95e3dd84b9bef8d99883ba65390276e678bf,747
93cd3645c02017a4dd1282dd36ce8ce9437aa3a7,482
93ceaaf1a95753a016c1610aed72e45cfbabc4d2,437
93d179cf6bfd9184f918942191c189c3b873b553,47
93da541b88edba8af145032fc5ad065fc954ae6f,73
93e6aeb92e91ed3b11cc4209f883545b16b79795,17
93e6b09deb674f096e324735f9c21a8671e0ddf0,141
93ee9c80f74ef90a65b024fee05fe12e31bbebaa,273
93ef9dd1a4179c16e389462d5156b9e4a242b8cb,48
93f162b699861da47dc05b7b73a79fc0ff7b95c1,546
93f7aefcde30714b133df1e53b57109e770ef48d,342
93fefdcfbe6d7bd04425da2a3a0bfe6ddf5c36ed,128
9402175e14e4e5089923bdc14f6549c37a638477,688
940a522f6bfe56852cd9b373082c651cc1c6548f,4
940b3af881b7ebea45a61ce08c2c7b9d73694068,591
940dbfd01dd84e7ed538578c8919aff8174ebf3b,209
941dfff99a98b03c212f1cfef91289425ca7d59f,553
942280192203c82e60f87aa8efa92be66ada957c,202
9422c15c5c19dedc5ab9f406e80b88abaf6cdbcb,657
9425740c04a5667add3a147b76461d88b8d0b66b,677
9425b3124da0cbcb7847b057ef413a69e97567dc,623
9427cab60a9ba3e82ea434c5e3c42d025eb60eb9,4
9429144087e4ed29158b9ad1cfcc49db063502e1,202
942bf4dce06098f4b5eddba6e59123142312d30b,514
942c2a0cc146a0b5a8b1a14c368c641a321ab81d,491
942d4eb9e433fdd75e2665484f610b94eb4f1bca,168
942de3d29dd7f4bd44d3d3ad8f984702b2cf6991,341
9434007ae7c3bde14044a1c8d09c1221c40339e7,70
943addaa1b65dd812504296ef88b1c4c2180a042,47
943b392061f553e0afad69ca2da125a0f744b455,379
943dd5739b091e1ec5dcf9cc0afcb8848f6cbf61,679
943ea7063f0e4eb09a76800bc813d465a44b29d7,128
943ee70480139e29a44ffd1c30b294f7f1beadf4,59
943fa48f3c22634b4d1c4f6d0896d1d31284cc8b,677
944316b6c7de75ccdf6219cde8a2cbec2ee0987c,417
944378bd43b3f3a0b7c01e53510f36d4d91f0796,458
9446079e2f355c11776d5c32707228f8fd5533a1,251
944cd1a7cbe4198c9f19ee9b52e6bcc47bf3ba7c,679
944f74a9868c8e3f11f107b86abf07b0b1004600,208
9454afce31a107733683bff9ed887d3540c742d2,482
94553039e59e70ca67f1239b7d86ed0977e566a3,577
9457e4db62f3dd349b39e3ac6f0e3faa9440f7da,272
945910050cc019a07c446553c8ca0327b8c88706,482
9462a54cd0b005645d7d5b53756c6731e6d62423,479
9466476cfac4930c63f89c8e6a87513fca28ba1a,45
946791ba6f433af5153ba4a7298c1c5e1668178c,717
94693d758cbbc7d2990e373daae415bf75aabb38,11
9469864f57a0b52d6cce383830d8f5d1d5efc09e,87
946a1082a2e2fdd7776fc21cf3bea4880cbc447a,441
946b9bd396383ea2878a14ff67ca9eab4ea7bb9a,533
946ce729a35a7f5ddf10db7bcb5bf884e4a08c94,591
9471cf31c864ba17815e50a3e4db013419afe697,67
9472323e8cd6af57e7ce4ca6a21abe085a2f21aa,82
9475c61faa701eba8996906f7eb8e531d79aded2,772
9478fbe1977f370b6194c54706d413f92308ed22,692
9479e157b9618143d9aa048b76450271cc7ab429,409
947a505e7ede8f0437f4d529a233b4a628856710,514
947f9cd3d350935af355465d5cb21e6ba849e04e,202
9482a5d8cd8bcb0889f19c17e7ed23de12ec1c37,219
9482e1ee6ab3502bacd92ddb35883c1bfc57bc99,379
9484d1bb5e447db8ac7a417ebfafebae2747089f,152
94877fa71eff37a0300aa430517709da504391ec,60
949c934f60fcf11a97952c52773ce42416cf82da,754
949f6a9b3c6f31fb5eb7dc50320b540958bddd4a,473
94a0525a513d1d8ee098c8d7c64ee47b16368814,541
94a15b887487e58dc86cfa0991e681fb5c72e871,176
94a66816ff8d5a7755478a941205848eba92f55b,552
94a88e3e1705d22a933d60291dea70e3353066d6,248
94a8c7ae3ff7b9151fcb9a71f879eeb431b4cfaa,513
94cac6ccecc9443ce5d1bac3569630ac410cdb42,585
94d186df0fb95fd7196d013afd58bfbe913d0346,637
94d29c056f59966be474e8a36f22ca774d0fc660,136
94db774eb8df84e389d596f0a85ca8b4e913ceb9,470
94deeee83587235a67897ae18d0b16a8a4d12730,677
94e58aa3a90b38e4835c5b83b7b91de1531bbbf5,552
94e6dc6a21d41e1e2aa3545248170f244bcbdb6c,229
94f5372e07aad8887858f92930a1f7c19691eb2f,590
94f585dd939058d75ad21e0ad4658b0c098b02c2,42
94f98bbb4c40dbb35e9e55e247478aec634e67b8,244
94fdc5e6768a2b4d89352d2dedd5f28c6c270128,552
9500cb07827737bcd10f395e59303a10307fa4ac,26
9508a20042a51b551a916b71d93d84a9511516cb,630
950a61a5191faa2cec8d43d12b8b7699ba5faf8d,265
950c09dbd52f492aa27de57574b088cf055be776,766
950e05dcadbecd2e5f6cd40aafa3cb1de1fd6466,513
95101054ecf1895b54aa38153ae35dc64a2fb8fe,113
951376b250f89620bee5794ae1dfa30b3facddd5,13
951ff4f6bfe0d1474b5aa7318059ac4c9dd6f602,525
9523853ec598a79c0a864619613a7c6550e57147,332
9527cd114225c78eee5e20920d87822bfdcc8d9d,589
95290d7e3a2b802a7187f74947b7d2c1e725f6d2,202
953b07fb2dbc7685c3970cb53b0ba5b3f8a52e9d,81
953d7b35b319d46a116860f0c0401e51f66c653c,677
9546ffd995fcce82e891b14de6382a5225224f3a,21
95486822548ac2741d892c78227d8bb961af5ee0,496
95495b9312008f432171b47bb1d4eb2c7b4d6d1d,603
954bb9cf492375268bc2752b01e3cc1500826c49,141
95518d95ed74f9b5426862dd73f31a7edbb60a93,273
95593de077f0f7790781ea3e8ddcdda60a9f8c71,677
95617dd473505040065968c70d0a1a61bf64ae5e,156
9574786fd22580f747d9be51ba90a1b51ff10a02,552
9578ccf1da6d9891c219b895ced14ec62270a88d,482
958228b52c20d3bf25e81a326706c685c8f2a25d,331
95878f930cb7744ecc47aebf625f158000f79bcb,164
958c759c661baec5a50b23612276c95ccb8968a2,253
958dc18adc74db8220981335c6fce74b1a8f20dc,464
958deb98a85c67989303302281b4fd40b8312d71,500
95900309090e5d8428572554a90391e0a58f13a4,149
95909a952f321b17f4c5be264eeeee10f16f8223,332
959504c6ea06ff2c82017ac34c2cae1704864e56,560
95a8c24c55bfc6efc0bc5d353ed68694a3fc31b6,21
95ad49bcea6e355e695e34bd458d9275c3a37d39,595
95ae677a9cac95cbde18f2cb2d0db221cacf54cf,139
95b2e4f2f468c5f7d27f0870d449b20f54f433f1,202
95ba9216588ae3e2872969f85a6399bba06ffebe,202
95c76cd1e8fc51620c575f0b805f4c8278d95998,685
95c8ef7b6712efc942acb8745f4722c9dc633453,270
95cae8d04c80305d40926575dda3b6667509a167,290
95cd17e642264e9dd11166cc77a5146f6988d970,156
95cd4c99da0cfe5b712b07125a45cf53ab6c3573,23
95d4644bcc251ee47d17c5d99e01658a0397e0fb,82
95d616598cab46b7e2913c2b9095274b297ecdfd,154
95d65d654541a8124e897088cd0e362900df1719,220
95d6807fd7ed3e963e15d2d0411f19af0ac6e33b,552
95da9377cb11a24aa63a1c8c914de78bb66f1abc,735
95dde5da2793045d09c03a8bccd5abdb3d74e3bc,441
95e1b2be27f07ed02efd5c0f4c6425b951e80dd7,219
95e4fd5ab77cb4ad53354ac5a823bb5d262c3988,128
95eed34a401c123f60869711147be181799bc869,21
95f6fbcb60c4fdb6570da61f107091c58eb787cf,604
95ff39d7083a2d6a7f5d40b94df720c11bb433b4,21
96006edba3d228723ad645d37b5477fa24af1609,82
9601dc3630a25dd454013d6265256a8e51e11383,237
9604142a03843944dbdab80b568e5a9fb34c8412,441
9606ca7878476c8775a44321cd01cc74b6e9ab31,237
960cbcda87c20fde1b9b6366c932c2df56e477e1,82
9613a2bf370d116e4471633f119bd0c59a06fd68,539
9617c3e3973000ab1141a2935b01f57229b9bb1d,559
961b6270ee3820a99ec6bcac9f6dbd4f50ba53b5,607
9621b3271b1be9d50b26d3b3adbce4549686f937,458
962db996489ec5c044e93d0b0b8a1508a076dfff,441
963529244ea6838923f4e0f55ff32991d30ce584,182
9640cfe97b2ca97db89c260631c424654ebaef3d,544
964a998a3242691b4862f0e922561085e0aa66b1,54
965066e23618f0cce85408bac860da4f455d17a8,331
9651bb1195ca4a47abb9826334464900aaa1e30e,202
96614fea811872ffa15583033c53c563131faa09,67
96649a33eabfec9effbba54b5ae4756fdcb8e789,80
966734f90714178df499b98441b35aa03b430288,21
966bac4bea8e07e98d13fee4c5e404e697caf08a,535
9672440ca57907e635e27392d130737029094347,713
967638d079bdab6b1f9e1c8310e19705b8aba2ac,482
968042194b2d0e83033a4f2277919b68f30c58dd,482
9689e959ebe364011ad15b85391bc4049cdcd315,482
968f06682565b773af56bceead7e2850c703aace,655
9695fb83a3e45df8c18dacdfdab48832f2ab9388,47
96990447ecc555873bfb4287ce160380b98b4fc7,560
969a6d5c00197b3da869c313180025b9e4c25f29,550
969d153078008bdaa970756430dd750172410d94,606
969d2f052ad2e8a575e83268a73f4dd3d28d4528,36
969f8a4d7cf7a276af3333759ee5e5924f8bcedd,426
96a19f1a85e7723751052724b2704bd941ddbce7,202
96a69f22f0c3b2b44370d34a6ab170cabdbdc509,613
96a8c9657671081d609e73a1b5f4df429ff71ecb,261
96b7c234092d9cc81138b70331f050e208f1a6dc,655
96b9264ded4e4ef1ace80207b529b6f9d13561b9,565
96ce61b10fefdf5fb214dfb324c00fffae42b627,576
96e3948c569e6b282acb4931a6da83ed0b05d94c,498
96e4649036a30c1a04de16278dbd0ccfdb1a9712,585
96e80e2d720070a35fb8129b917965e041a3b20e,326
96ec01cf80c2c5ac8e6a78041c4ce52f7a6ee758,676
96ee9059d57d81860a816b1e1de3421b775d94c1,498
96f1034c38ca6d66504d9c89e3fb3f52e588c06b,82
96f28cd2715a6ab2c4cfe62eee48dbc7e1814ab1,550
96f4f84a904d50da0c4032a4ad58c55516b8b41b,537
96f9277409c6f30f02d25f2a10cd157333692f17,685
96faa182890c7c150a91fb9bf22c6a3e31c42e79,47
96fc8dbfbf5176da674eef5fbc332890e3137b6f,482
96fd3e64466450d6814ad2e28298bfe512d4076c,550
96ff37b7b801a59ccfa68c446d534e8156c046cf,202
97034db95474ad6ec06f7a8d52acd776c316be80,527
970834bc6e4a520b8b2473a4e5a22861f32b204e,231
970c176d8ed03bf19217c21da324a37b862dd1ea,202
970fa3bda018adaf651c77db0fd45f628dafb7ce,726
9713f82e8c75cdecba65553e99ae4b379c6a2803,477
97157c47d08bed81f89a2d90d1255e90ef828707,59
97157f252a5a20ec2d0a740f4cfda24f79178661,638
9715f054b1fca50402dac4a6c044eec6f7343518,85
97192ce71ab4e5bd5f41ec18f045eae596738991,552
971b41708d598d6740d676a393a5e9d210f65bfb,270
971c0f88a386b0c66f4ccc033e5a72bd83649e50,125
971c7e65b34cab717c3bc563cc98bc7be0d09b1e,717
971ca7524be189f238ef9818eea2d37d66fee3fd,21
9720ef4a20965afdeecc67d092f4e2cd9f03139a,473
97220bdb537cab99758155789dce1f791b9b3721,17
9725d33a8ddfe0a61cb09b14799404cce62a155d,594
972d8cab14f215fd086da4a2a1d71c13fbfaa1fc,409
973104ef0c4edd31a7759e8008dd2b207252b5a8,379
9734307859979bf00ecaa0f98c93c680f5f5b57a,554
9735c922f69e9ff6cc9c618bfb535173d2bd6782,78
973e228449b394660f0ad95c578206e13f9fa8f7,470
9745aa941c3e8d36bd39bbdb474c51b98b96d26f,21
9745cf9a337008c694cdf4164ec9460f5ecab9fc,202
974b32a23abd2aebd687d2283c90824c98b8a9e3,202
974c2521201625050659532830c70bb16ec459a2,482
974d35e2c06d1c0af920d16e725d26c2848d34c8,775
9755303612024f5be401f458eef09a9e0221543e,13
975ef852627870d71a20a17ce748c51e0725221c,47
97686a23f2629d6bd6b40f59f82a6a2501117d9c,482
976bcf2cfed7d0a19287c3564b6ff7a3bce9c91f,47
976c8df1d86c8112d96bf76441e3fb4f71740fb3,128
977e6c127ccd1a48996979c5c3d6a7fded63bd7a,230
978173b0c6d4acb1fb1a359ae433072cd10ec58a,47
9781d5724359ebd3c2a6ccb620dc3da0f0decdd5,56
97924b06bcb038c2be2a3a2ef6a0737f296e77ed,202
9794b3767e3a36b2af76972b536634fc1b939797,355
97996702b641b9d06c41e7bdc85c48f00b4af0a4,597
979cf9fb6816f7071e2dae929d521ab4787e3409,73
979dd12b824939af242577afc58bf9c2f7266b5b,608
979e2c4f33c52ee2751f0d7306f3887d56436a90,96
979f7214625de3dcfdd17495bb929c95e83bb9f0,21
97a3a7a2e773e2909957127383e1630f74f7dd5d,128
97a430e232f33894718fcb5057be33ba6cad2754,622
97a51e1ad8d4b986b73fa1c8307dbab44dd88572,241
97a59526ad91d7371f4419317f2179db34986dfd,655
97c1aa374e2cab59e51ef122868ebc78aef002da,325
97c77230092fccbf885bbc902c8f87d1efd884df,327
97c90c62c98dd71feecb12f78f963ce00985c8c2,567
97d1d4202a4496b6cd557492a4a5e26fb12dac68,4
97d3c4976e97d159f593d879046df25eff50f804,696
97da459e1cd8fb090cda97ab21f1c53dd0587cbd,168
97e188232ee53363ca406725c1e58c74f87baf3f,82
97eb204f99577d1835613d7287956f0fb2a468c5,525
97ef3744819bc8c89aec1bfb4921133bcdc63955,161
97f680b4dddecd995b23075d866fe2effe271f23,620
97fdc65e1702a1806281fc9aa8c8373b6b88b024,700
9807410b265334400d42c05c6eede56a03033340,202
980affa7ec638d818570a05c9dd010a5da734605,620
9811fcdc46e0a0d4c504435d5b9e8984e295edbd,552
9815b27e595273f34f96b8b6e2e8629a951848a5,157
98169b48cb7b4c9f21e2085853422902cdb344db,255
9819a465604282ad242427d82aad67c18052cb53,208
98200f8a85a2dce2f74c2f2d2cc19adc25f071af,565
9827c0e3ea0a371cfa7e443eb27c0de7a74fd25a,679
9829628004c557a21fb0b2ea2ce7ff048f20335e,4
982a61de48f2eabdbdcd7cd4986a357bef85f853,21
983342c45d7116de7d5848165efcd7b1cdb884b5,220
983546f02d132468510cc0506f27bff67aac7004,202
983972f65a2a9521bef2557eef9f68eb79dcdd86,332
983a3d73a59416920317d108a970810fdc294dbb,482
983b5debac71954d23f9ee8d5bdf8852ed5887b9,338
983c4337c99f5c0a9948e67eb3f432375a1ac9b3,27
984121a10649e32b7ba20976ec4508fcc8a599b4,692
98446cf66fb46faeb00c24ded83d6cd99d0dc254,161
984bcc78d0aaa6658b2444db3ccdd0c1a3857e30,602
984eb1b9e7dd2bc66b9eb237b5bf545742ea154d,443
9858cc9665865a69f406f7196001779d5801f2ec,657
9859a6aa94d5705e507f2d86cb886d95400ee082,82
985a4cd0b91f0fca6da23b9f6849db44c03ee07c,638
985cda8ebc1394329a9a318374626563d0cefec6,646
9867ff888e7c3c60a278a5f283d81c6a470a282c,552
986c305dda39fa598937bb74b9119084c4742bef,21
986c93730d62b52bf916a5b79d2792e97547753d,265
987212dbb8d589b16fe679a1ea3e2f53e24a66ea,443
987b06354aa908ba612875d867294683e71b8f49,607
9881a2dc8b432e5ae2ffb03592fe01bf85abdb00,482
9884c3a385f25b17a0213ae0a8a6368b91c6bc9d,663
98856b7ee9bd5c02484897dc1157e330800bc19a,21
988bd1ceb2779f656584b18630a13d11bd120780,141
988c51a404661520305824eb13e7b529c39dda03,544
9890e8311a56a9abe9923f5fc2c000c196edf928,359
989eea1613c89056d2e901700b92a17b7c4bf8ca,709
98a058852430e1d7b6648c58749e6a8076637b38,76
98a385bcd89a2cb1c58d067ea95b823a9aa73101,600
98a8b32ff6c8b669ea4af0e063123b84a9793b0d,498
98b691a832555b3460aff131835e987732c5268d,544
98b7f0a3ac88d64cc911900ebea02e69bbf50a76,68
98b8a765d8b8a49ca791c46a664bc9c8ce610369,560
98b9236191f68027360ee710bfbb615cf2ce6ee9,439
98bcee0ea44f5342faee6493824ac4fc479497f7,544
98be0ffa05211edd8cc88f8fefd28b9f9d73cfd5,482
98bfc9519787b29149bc5cd2d987d0eca319b994,677
98c05544f0da98615a4eb4bc4c8f308d2695ff8f,657
98c6473dd33511d8ac9e9073374c117904e44ab8,21
98cd7a09beb7b938cc77f8de0db003d7bee85f50,201
98d997b0d4b955a006a228581db1d80d6ce78336,97
98df4cc10dc93860581c776ef78f5b6d9e3436e2,539
98e40113a56a47205441ed127673c7b7327ac6d9,466
98e463c10948220d3cdab27400c8a9c702c1082d,361
98eb8cd1995c1dc790c1a638e55dec0b6a5a2492,482
98ed078ebad8a49f165b3e7d6526d3a69c85dfb3,144
98efef236d84e4888cc41a5b95c2b3775a012b57,495
98f0090a9995c1d7ca2e16a234a67fd9ada1daed,202
98f3871ec52f97fb8cf373bbeb902395604bb707,681
98f7c1e68e9475e617a0a6a8c14917128d49031d,110
98f96eff0840c17c492d0cf390b15153bec5afa7,179
98ff8441bbc736179e06967fc42434afa029e73f,202
99039ec8fc6e84aa68fe674e72862a47ed6e24ec,50
9909c42c442a8e1e41947df730e831d8247a64f9,428
990bb2a227ff482981af50a5b3bb998c8afc42e1,281
990e8d481f6e6561e144d37b2721b990590988a8,362
990eb0b802f94e6c4f7543caf0c5f779b1dac9e7,82
9914e2086f16419bf89936d17a118f09e144b489,45
9915efb242f1d971c964251951360364ae8c99ac,302
991a9edc7f7529c5108932b5c0a5a35f300d636c,327
991eb6266c35785cf020aebf463b0028626e501d,560
991f8950112d2d3c74b2b1d4174c30edc599f16b,565
992457e5ba651fdce2fca09de0ff242595f33487,544
99296a04cbdbfd7e301371483f377ca26fa20152,202
992975e0668e210cec2765cdea65b60747e2cd28,47
992ee6bd8c892e750e42da3031a8a8d84297f9cc,692
992fb0458dc78d54033cf09688c445c9dbf39f03,389
9933682124119a9e81b1848cd79897978cb71884,21
9934856b5d116b00124247286b2a556503091d5d,416
993f7ab8a47a5b2d4d08033760e1c65c947dab60,220
993fecd3b92fe913bbcec5c116337ef5e47c9d63,631
994001656b7053e09c31312f8c2d9f3b4caee9cc,196
994b97cbf81f39a0f053d5ba7dc86b0709774990,133
994d42ec727b0146a61c52d690009b9fe9e1e19b,544
994f90572449cacdd98d0b9f1ba2d9a07f85d29e,170
9950b50c09722a6453cb8d599e3d3edad13d820d,503
995c235f1f990ae07fa73b925651fe6af61d40d7,375
9962a7389965c34bd13dd9b34a7380ef8bb6229d,63
996c1f210cd7f6a7589331fa249da0b7bde60ed5,657
996c44048caedc83f326b7ab5886d84fc677ded8,118
996c9aad3c3e1cd3f4038ce4563112058f939994,482
997398cd08ab76e708b7d0edbee469c57b6b2fe9,87
9977b6dc9ba0a6915778c6a5b0a26b6d64ed0387,268
997c51cb8469aff1e8115a8a3932350200e625d1,46
9980708bae7e3021c0773759ea0bf64276f0ab31,655
9980f64b837c58b39d568872119b0351bac17aed,21
9983cb21a0d07c0ccc632d87b0fd01206270f8b6,161
9987fdba4eda2f9bedce2d5d462c61e55d3ba7cd,139
99896a3ba57d16f78461dc4d4e8b0c0f4c6ffd99,97
9990ef13ae151526b9ffd1727b51f3bb3c6dc48c,692
99a080d0a1c6138ae95e3a98b359ad75f0c2627d,35
99a12acbd58973169d48bd783d313bf8af01aaf0,270
99a3bbc57ddbe73f15ce183afbe67f766c64ad0c,515
99af8de30fd139911933e920f92abbb0d4e4ff4b,81
99b0588c2b9d7d517721688d5589d4737d44dadf,295
99b24aa82429fbddc055deed98297e540d304bf8,21
99b34aa2f312180289ddb6a188e8251c27b3cdd8,21
99b7afe03b7e509087f74d48daeccc98c973b24d,120
99c82bcf85afb95816bb2c974ff86b59a355c602,596
99c91b72b05faa83f86e9b468a907a8bfb0f66dd,133
99cedfe0f145c7591156a32df03917d85d941dc6,482
99db13c81d91330c7a78506a1283200c403b5890,237
99db30dbdeb316740e1acbb63e19dd2eceb58530,21
99dc928643926df560d2dcd364fe406a770d5fa0,164
99dea53c2e7535df054d33e2c59c247704ca6776,551
99e09cab9c8796cb2901606ec985b250d6c5c43f,141
99e29ecd7134207c414e10f48fa83af8914bb0a5,583
99e37d22999fc315f7de3afaa34ebe1daa63c038,21
99f0f47f79e4173d8cd3ff4263f7ba7f7a089f3e,652
99f2076af51dd992c2ababb3900313bd779cb5aa,202
99f30672497dcdd69041dec29680c478712b502c,443
99f461bca39ffae912c8ef1c0f0de8a5f18f3c72,101
99f6a71a460a7c9e610866745e460d77faf34458,580
99f7911b26f1cb5a2e095955427ce9bdbbf46d9d,482
99fb23f4b2f46e8fafb19fd06b0de90c65cbce8e,92
99fbe0a9c1283e4a377a9503f6d8d85e9aca62b7,208
9a02995b559368ee615172e988e4e7221e2b001f,84
9a043020270e4dff3352dad971ebe37f20d405e1,482
9a09a02f271ba2cf828cd628df01532256339b47,332
9a0dfb1f0035fb35f10bbfe2b74126fbd83aa7d7,282
9a109f8cb3a7d4df9a042b63d45b5da448c2b4dc,102
9a15dce6da0c3e2e387f659f78ef9be1e5207f09,631
9a16b76421cdc7920249ec131085e009ca56794e,21
9a1f4da377f3f07ba5aadd424a92c9aba6636684,685
9a205b1148933838fbc147c2c647a445d4342897,646
9a29da44a20d81688e5a3a424a40e1e8c917124e,560
9a2bb9193c6c86a84e69047ff6fc3c64856ed439,379
9a2e60955b75a1006ec84424f93769f9bc78ca9f,92
9a30273c79cebdf9d93ee967f9a225892a076fe0,139
9a38fc2eeab06ea4948cf0f5e1c4fed5172ce61a,266
9a3f34afa78f3acc62b36a21d77d68bc463425ac,677
9a3f42e4c05550b9255af9aaacce5c65a2d665f8,21
9a3ffed4ab39cb0191a70cd708d64fff6ff244cb,67
9a4202c3edd5fdf5335bffcb957427f4df8e45b8,473
9a4ffdf9ebf523f790e13d789143bc7103668038,202
9a548344bc7464f5995de6befa88588a8af57bba,623
9a58ca133bf876509807b8c6a8eb856736728254,209
9a5d41e36b13dd9f5ae7bb8387d58637934989e1,482
9a66b59a2f2c4d8ee49940fe89ffa1bbb226e01d,56
9a7344852eadf05321de8cc1772f7438620e944a,21
9a7368fe11db355cf11196dfdd502d9b7fb8ce06,755
9a78084764aed53f0a734377cfa9e7163c6a5e32,552
9a795bb5cdbd2b897deae24a9c3e36b8074be639,67
9a7eaa7ed4715da877ead60d58fe2f8ce629bdec,202
9a805d85d0f2cfed4a4937f46ef3cab6a9039277,253
9a81d36fd96e25f5335dcf9ec9525dee12726ca2,341
9a83312900ccb2f0fbdac13d3102cf8ad531fe60,173
9a83e81b5b675f85a1dbe180245e4ca3732d748a,273
9a8457d36760031f4baa9916af58c26490059be1,96
9a8647fb0e638bdd503e87b595232b6e6206a781,140
9a86827a5d2767feee3f972c13d264d31d7e0ab0,21
9a870a5e42de59597d6d7d25663e956b2573b30a,583
9a8bc8537bab8002ab04e8ec5ffd08d46d19df00,314
9a964ccbf3d94bca8087e889765c4ad2b18126a1,21
9a966b19839d6e0511bbea491878d6661c345e75,688
9a97232c38fdf08cbee65ce2737fbff75edae313,294
9a9b9f780a2b7d549af40d5b114cb2efbe60594a,261
9aa1488e331fc5baf75942048da3ed8f2341cba3,82
9aa4c2d289e03ea931da76ecd28179eb8b82b5df,202
9aa8ebc6ed0ddc0c5a0a2a100f3b604f70a2106d,253
9ab305252bf42f1785373cb1a72639fd7466fa28,332
9ab91bf58f808d772b9c3e7bd1a7e492383ef7a7,260
9ac2abf0f520bb618b9dccd70cfbfb5b2c45bd29,259
9ac719e87e72913e0ca19b682751c2d525f630fc,282
9acb6655a963e59237c620b1db3e524c6d38cece,583
9ace8a5df69b1e603ab533f516d9375b4297ed34,21
9acf7353addf98fb1c71695e66cfe2d0aab329d5,328
9ad04890a13ef8cbed83753a965d0c0cf448c995,650
9ad1d0d313599db3c10cba747da60a97e32912c1,533
9ad4f808971e3c6cabfdb4f3a4823cf3c194bc55,102
9ad92d246f5a5104580663afc9ea73a0d5633624,45
9add660fb4c3e088135d0e8463a8b7029834935e,280
9ae4e090cb098dd784efe3fd00030181124a4a35,688
9af110503caca6b24f70297240174f4bf3a2a00e,202
9af5be3b80c6cc768a60734f8b15bc8af6567c2d,677
9afd67402df4946e7c393bb90e08fde8260382bc,96
9afdfbd6378c4330284cf176451bc7b4cea9b134,202
9b0dabebf7c1d252e30620f7bb2e739238ce5812,76
9b0e26224eccbedde4f48ea2fef3abbda856d265,610
9b15019a0bb1edc7e9b3d46e5b0635bc3ef1a8fe,314
9b1d52389986a1252fd8d09fd4edb8bda28e4c39,147
9b1fd6d19be86aede023ad287882f566efb1de43,453
9b21264127839d0e1df5b8b0a0c7d969f73b26d8,41
9b23c8bde382636cd81f06bb65ec86402c574bed,139
9b26839d32385f13a42dc14b1c8c3fe3cef728ae,565
9b28a0aa9209249ddb951d05816e281866aa2ab0,314
9b28ee800001dd5828af0d8db1451b128becbd01,235
9b2f075bb8a0b1f031aae22fb065a9d88a4ebd47,633
9b3f160314cb5fcfab6ed414af75fd96426e5085,119
9b4705b2269537e7ba4f2c17f8726b0886769a10,202
9b48113d04444ecb80a0c130c0843f779943d57e,49
9b4ab65a646fc4a293be48608c400ca1aa01fbd3,139
9b4d0c022e1550e748eb90eb5a213356cb0863c6,482
9b52062802be4a717becc2a15107c2ddba41b776,45
9b555b6583b5180259c17940568aa5a5d7b95e03,202
9b567f5513a86905ab7881168fb329d37ee7402c,552
9b576a95e200d6314298f88d40c771803d0343ae,554
9b5dfe7e9d96fd059e0486673686afe6c3785cc4,34
9b66a5871fbc833d7e10b8647d2ff92a13891b06,280
9b6e4bc7b9410cd3b1de432d289bfc78d13eef73,560
9b713412f8167b6e056303536c203d8b9061587e,21
9b73edfe49b3d55362d9e326c7a1413b22013d53,151
9b7bf952f6009883d4ad409db291790ceb52c3aa,17
9b7c0148801958c8667647cc340d6ea12fe48404,272
9b7f1803c110dde124ae0d7d7384022c8d88cf2b,512
9b7fb0f514ee43c57a61a3586e04a78cd3a3529b,674
9b81b4dfa8e7cef9fac80a78ad93aca26623c3f2,409
9b8282750e6c0f88372623c5300f170105af9402,523
9b859325faa0c53c983a5b2779e6a19beb21892e,357
9b886760b85c41a33594200970f34878bee65d37,199
9b89fa64f54641ebeeb060815becfea6bb86c914,70
9b8a951b1ef0b114446e92028bf2dc6b22041b12,405
9b8d4c591e93dfafbd28ea5d3d1fe7f1e8c8cdf9,646
9b8deca061ae9960f5ba630b09607dd1be63039a,746
9b9054752293832c5bb2303e6c84f9b35e6d30cc,677
9ba5277242a18edea6e000d2a0be9e502e06acdb,242
9ba9986e4f5b3a5e85eb0ad0f93767784940ecd5,602
9bac31e8fbe6a72c0a55ff947ba589b04ae48ef2,21
9baddaf295c983fedf169c405eec5d44b66318a1,482
9bae5a4e95a1fb432dfac776dddf17db3e08e75c,47
9baef10679dd95729c9f44dea8c9c28eca717a8c,241
9baf892501985a1b6846338b7775bb9e121a8ce7,21
9bafba11685699cda162dd59fb3b30f0c3c40f1c,65
9bb269b0c86b7053fce4ba7e6a5c6f74786b743f,202
9bb3568431d072fcb3a9c116c031c4288e57aaec,677
9bb6b901da4f944be93684526da5ae4698314354,677
9bb79cb981d6cab910c8babbb0bf5800f7322010,470
9bc140b8859ca7799ecd2b456b2c7f1728c34ac6,73
9bc8f357472350c0210a9cffde68e4f80e1baf8a,608
9bc9e9fdc979ea8bd7d8d968c6d085003d651934,522
9bcff5592387006a5470cbab5e0abd13345ae6e4,36
9bd05586a41cc9bda8b3216fe005ffbc770ab777,49
9bd900c77744abdedc0593a1161380cb91f1336c,21
9bd9a228945c8fa971fb647c8aef6abc2bd5c541,709
9bdb6d43ec87f671cf11926c3c106c94fc8b3b0b,316
9bdc6f2774031b343210ca891cbd5e410be1b83d,417
9bdf25e30bfb71454a8797d6edb3bf50fbea2d20,202
9be1d11a86729788f699d5abbf7d6817b7f79175,535
9be5f73dfa51eb00cb0891f38b2813896e085ff1,299
9be8c97ce85a15c7d6355b5d484791fe353e64f1,720
9bebcf06f550cfa4e275df6b45fac6e308eeb1b9,17
9bebea6505872062869a3316b96f48b29cc41464,677
9bee9e9965afd9de6731712aef6c88074ba0c10e,709
9bf06246b5a33d6243065beb9b64b5b6b06c5a20,17
9bf0c6d1a8039c1874297989d517c1f949592b93,241
9bf0d2a4312ea10a688b155f3c3c2eb053f4f9e4,119
9bf31ae1099e58a9949da75f6b40cdc24d57fe01,331
9bf4a29db21755ef9466e5330b7ae1a721ff81a1,559
9bfb47b426b787dd48911b887faff6839802f59e,544
9c0be4aa46fa9ef51523340a036a7e6a06c5f4e1,482
9c1127eb7ec2def885635bac7234478f85ac7132,700
9c136fba1100fad4140d2108b8cb8d8a1031484c,73
9c13a831befdb2622498d1fca8ed63031aeaa2b8,21
9c167c3e1b964d9b6c5af8e859fe0224e2d9130a,482
9c17ffab5ac5a689fb02103f58d75c6fb4c88c25,482
9c1a86614fd5d41c8da6b813d88f945ecbdbe5bb,295
9c1b82d691b2cf81f4c666e23e0db31bb32c2ab9,118
9c1cbf946c8d9ef26b20eb1ec8b5151cf1917de2,314
9c1e921b4c2ebaea6eb683c38daf8decc170fddb,97
9c1f2ed86cc035a545610a371b026ce9ba820281,544
9c2498ec6307ea5bc6f4457946e15988b9f8f8bb,21
9c2672accc8ebea8966a5a109a9104666011c87b,332
9c2843b7d02b7fcecb65dd137f3b037a9c6b1dc0,282
9c2b3b2bb96f2e555b053155776013e055ecdb7e,709
9c2feee7be1bea5a783b6c58f9e91696a33a99bd,46
9c36a48a02acb45f3037bd4ac119b99bf229b2a3,600
9c38cecadde7905a0e0b568d1086155a01c26613,78
9c3b58e8b233d1d63ddac9bc917f777d9e4e758c,775
9c42804ddbcfe372385a11e3dfcbd9d5f526a101,533
9c4347e20a6ff293702dd999e793c7281b881d72,332
9c4836fc8ff3a15e7c6267b1ce8df19ba50c19c7,168
9c4d0fbb00e63d836c94ecf675de7cba362ba65b,326
9c4ff53445b8db2f661b0b2cd0faa76c1979f0e3,100
9c50f6a3b93fb4c2a27b6388e88b3a67a5d58bc0,95
9c544227e89329804af0e55f969745ad05e8a58e,604
9c5ada25b2b42dc5cc15593afa78d14661f49fc5,677
9c5b7846f034f251897a9060648ff1efebc068f2,560
9c5eaed758d7aa0c7ec1c5efe2b7c02d0e1d2a06,482
9c63510edb82b41e9aed9d8f4eedcbb6c68b1a33,372
9c667bea3ba72c560c6deb20e6df3cfce472c10c,231
9c6b747d399b8863fc6f1c47d881a9e27e4b7bc0,484
9c6dbddeb5a2c09ce6ae70df14b1f8e83478cb1f,202
9c735f0ad81b11736dacd63ae3dd8b63d4205ddb,500
9c74aeb505ec78a900a32d123e697af3e69380ba,6
9c7687e63309d1412838a7faf80614aa325308a2,498
9c7a5ffcec0d4fb8ac8aef729f761de67460ee3d,662
9c7aed78756b564c041c0cd34ac6b56b8fc5dc37,82
9c7e6e3caa56dc401ad7ca304ea0dc9a2cfa78c2,536
9c87970f0d6b209986fa07d7b4ab626cd329e74c,610
9c8c4645121a04428cf7cdad429e127608232ac5,566
9c8f3016dd96ebcb3b1cc267589382bca1f6e92d,539
9c912a6a6fd42edf35b5c68265f6336065077a87,65
9c91c0ef48c734be0fc9eae0e9f6c223efa1ae1a,379
9c953b3d3f1d23b9d19f5c9a03fab7834b4259fc,409
9c95b26be3c02285e99bde37965416a838a5396e,27
9c95d6e4b7540b02a97a85c5f2e7614a4fd292ba,566
9c95f9fa52ecf58f824aa6affede8a7b97ee48a9,441
9c99e696e60d45f13e764d4ca1a4e0d22fc7c6f8,41
9c9aba3664025716f1eb7ca5bb7c2b3209fc14de,473
9c9b84733fe0550cfcbf7b03341094401ac6fe69,535
9ca087abf1582cc217322ea96bac7adc06adcd6b,229
9ca28ec2c27c2926f1ceb2de7fc5e675901cbc0b,583
9ca6474cb7c14a907e38d416e1d38f74e418dc0d,21
9cb4f038bb02bc5e105478738c3a67be13284062,576
9cc28e23c60a958a6784b865afa56cca25ecd53c,477
9ccd800fd3b0d5f6ea19e6d1091881fb5a6c8ec7,677
9ccfb5d29afe128edb82ca8d927ca93d4d92b0a9,330
9cd0059c94fde32c9d2eb1a88e28ec1ee8714221,351
9cd6adbbbbf582148fbea36de6241c98b4ecb955,202
9ce07499dde3fb3a9b0b59fd44a29d14da498e97,384
9ce09cf5da9b60230f849057730b726b9bc6dad6,655
9ce10b2b6e55e906dd91ae217a6bd7c136ddfebb,587
9ce18fdbe40cf16487324cbd95bd7c035257746b,677
9ce1b6f5754eb8d514b4ce8a2bd778a9839103a1,512
9ce1b7bfac1aa886dfb8c6ed68d0c5f251eadb38,119
9ce427338c0d255eb16981ab0d24636c389b3b8d,96
9ce520759cb8434684b0b1e67304b057392b5c11,441
9ce9d59e88749b0fa3d9f80ff98c392681a40de3,41
9cea2a3fb7ca792a0a00faa79cf70d9fec06082c,221
9ceeeeaaee7f81ac02b91f7aac8cf4a0339e7a2e,21
9cf11a690db644c13aa5a9fef6c6c27196e4c09a,75
9cf3a5c7c54eee28d29d5a03cfa96286a1a996f2,82
9cf3ad104385c9d7ba541f18d09aa247dc9b54a2,621
9cf4b3528a1d87a47eaba2ea62fc6d39b5e260f1,152
9cf53391f0655b911686ae68deebc2edf93fc7c5,202
9cf742876c579934909102959d0976178ff3bc70,585
9cfae6262046c9648c90cb92266ff78d120ba88f,180
9d068b52a530baa3ecfab962fc269cf9eb54ae45,552
9d0c8f84d3303e9b6449e0ab4f6380b8c3e0b5e1,102
9d16ff7a717df88a6046687403b57cba626d9391,496
9d19e86475ac98cf7e7ac4abc6776f377aa03efa,501
9d1c446c6103a1d98b1608bcbb4a9032c43d69d1,351
9d1d7f7ca6c6f6acd946a2e2aca7a2fd1e24a1bc,517
9d227a0486d3064ba258bf1d0583eebc2a94a226,209
9d2f47dd1639ccf2429e8e39d2799327f21c49d8,552
9d36eb722c10d15afda8e7cf2680dda89611731f,251
9d3b22b227dfe9928c61b37668de6f7685cec1f1,78
9d3f998c9a8a6918e72d35f6e9edf1de9d9cef41,147
9d4062d2a2ac967f8263b3fa4dd55ce9c2e97663,646
9d45818ab0574eb900272b78f3a9fd4878e66a4c,47
9d4e48ad0896b10989d5ace185ae562eba3494bc,65
9d52b9bf5ae827d6b1401139df76075fa35c55a0,399
9d58495618b49c5e7600b263485012e7d4fd0b02,81
9d64e0b7a58ce60732b28bc32724650afac49a18,202
9d6fcf0dfa11bcc5a73e58cdea8248f3f7892cc6,510
9d73a4df2fa36ee92d71697dee15858fbc8e2546,21
9d746f64bedfbd0cff8d05dcd951acd701be2ee5,17
9d76d774f63fefc2c8d6556ba36c7145730e36d0,202
9d7b7d6071b0cc387f381964b0e02e3a65bbd7ab,45
9d7e86415e7d7d44946bc86c4de7574f46c22021,175
9d826f7231f91e2bc56b6708114229cd09349671,168
9d89e69eb3fe3d8e0b6c3626f13eb2aef31a88b0,452
9d89edcbc9754043feaa8b977292fecd11495075,510
9d8b0d4fa4c8d239d6853cbeafe27e84765dfdb1,553
9d8cec068b949c8ba52c318b2df581f6270a95f8,161
9d900dc8da34ee61a7efbb2c74361525c27ed99c,21
9d9b98599873f9149798672ce1850c7cd0f152bc,677
9da6482a5410657779ed8e5629e2bc9f3139c96c,178
9da7bfce0e0df672685fb59bff0397b2f04587f0,332
9da8f06350026fced64cfdf3957ca8e855898d5f,139
9daf5937355c2ab62c124f7a17ccdceef58ad52f,247
9db27177d05a7d41316c43a4c9cfb1598aa032b9,341
9db598129d3285634e9b1aae2bfa77db4ea70bc4,576
9db8f4bf396fa19f42eae5a3b32a5b1ac6c140e7,633
9dbcbdc06b287b7be47f9c451eb4832ea5e33fa0,178
9dc0eabf9364030e1b33349e3523f911dc2e38de,452
9dc316785d76fa98a27e8a1de7afb8c6efe3d5dc,49
9dc69e3a9088d0475fcc95d6ced4ef50b1c6e8c6,134
9dc76e167174a8cea1107a30bfcf0b0c5ff8081a,379
9dced7204b4680550a349c2074f6184289b9ebcd,677
9dd2b08128c915a0e52ff6d28db9bfa09e80d067,68
9dd40e0c7c4977429ef04fa08811c76105fce9d1,45
9dd5654a40e6701f35ffbac3e2eca94a25fe4314,199
9dd90cff7581c2e15c8e110c1841c65e50a10605,21
9dde9a9646c454ff02364d4c75b0106a0f9ba15d,50
9ddfa7ed126f09f57f96998afbf5409191eb9ef2,265
9deabb6fc20b2c244dc0c1fa522194937141886b,21
9df29fd8713c6a9f5262c248712eb72ae50a9afa,95
9e002c22c694f84e92ff6c033f255739c37f4d5c,634
9e0320935b8729f3b44bbee29e0dc9ff7d6d5850,379
9e04a81085241448a3eb8236fb9a149a25e1b5ae,148
9e0525a9f08a263f89c2a8cce8a9c027203f0248,241
9e056be7b0960f4765c5e83f5e0cb5cd26c9424e,202
9e082a6ed86e86144bc8dce0c416718eed1108ed,156
9e082c6f277aa7ff53d34ea527d5a8cc0b99e30e,709
9e0bba6d422ae55ca17260b2e67470fb5f9ec2a4,631
9e0def8f199dfd033638b65e844462bb22ad8026,21
9e119623e11955c07fc99aeec380194189ee774c,709
9e130368bdddec251e9072f696a12318fdfd34cd,482
9e14061eff51477be399eae81e77eb5e3a8acf6f,292
9e1aa2826bb9ea54ee6debdd193d62e94a56d9de,73
9e1c97269e12341a352b46561a97ba36fa5f504b,80
9e1e9edfe8ce997eb432bac9b52dd2833f230c03,679
9e2687271826446cc1549874eb9312483b46e97b,634
9e318c7a67c36b3613cc0bced0941b5d7f30e2ec,574
9e337cfd2c41684e2be178c11d79c8f79b40490e,522
9e36d3818c7ee169a64c384aba3e17df3fac502f,141
9e41b63fb389d0d52579c888dec04eadc6442d38,677
9e4758a9a5f067f3c0dc96e544987ce07e789711,252
9e4bd1cb9f8724a33ce0ec028861b6e9b04d9268,596
9e4cfc204cba367da0b3af3e378ec20fc44f7cf7,550
9e51ec73db16c01662afc6bbade8f7e3e4bc693c,598
9e585213b6a7b112b8429ea0a6cbf7f8d9cf2c6b,56
9e59ae42dd19b49c4452b679fefa01cbe4ddcac6,585
9e67a7e6e5611aa7327cdce33b21df42b85d28e4,482
9e6ad639be2b9f5bd7d30b2a6d5967e9f5431b6c,273
9e81193ceda2de1feda4a6cc6e6a1db6efc79d2f,544
9e8a053e6bf1bfb48e0598309f91547f18b85355,226
9e8b5d0e9a111fd04c1a5899f3c6598a2e47f81b,335
9e9659e4957e2afa28b1c1770b40980b37cee697,202
9e974ebee52631b504f42e35fe49056610ca4959,202
9e97d937aa8e6876a454826f32f61f51dd266c6f,21
9e9f239146bfefb8fb40b12ff0fa02d0747bff82,606
9ea1aadcf34a074dc5fcdce3b357159ab5328965,21
9ea63814cba2a23f731b9b6920250ed7581cd2a6,585
9eaa55cddb3a8e66b116f5194bbe1caf7436a63c,351
9eaa8d2184f62fa78db1065ff49836199f637df1,4
9eb0000f464a8abfcafcb9837a7dab63cf3ac673,341
9eb7cb59a8f2db7c2e78a613e8f9dbb3575c605f,351
9eb86416c468caf58c8c82874319ee2d4acd7960,54
9ec4f6afdaada1b9a50263d1d1c9a94c104a13b1,514
9ec5083b759d2bb3f41724e68af74593709b6bf6,101
9ec55ee4d45d8d25a1f21bb98956b477a237f8ef,138
9ece847f90af2ded284b14f82534acafd1784ea6,602
9ed0504175712df843c26ed96f3b69588948d6b4,692
9ed112cf178f1e4ed3c322d143b832b3717b6ba4,286
9ed1786531e01f8bcbc41067f019739d6cc1c451,619
9ed36b56543e9955dd3b1362b0642bee7cea497c,21
9edccb48b1df93cde949527e89d62809a1955f96,485
9edddb62fa32f44ef6bebdf2b107598664ece6eb,498
9ede30b768bc0753c3d0048d773ce3350a0d9025,495
9edf7097f5378309c20b088bfe9e1f4ce6f8ea12,616
9ee4eda33d54109084203329d63fd973d3047cc0,341
9eea4f9b6e70c7f18919608e31f4127fb9c0befb,532
9eed08a6d0eb0e29600e718366025f24301c3037,82
9eeddaa69c606781392b158c340089e4aa62f4d2,688
9ef341aa3dc401516628f94c1747d0f1527980eb,495
9ef947cd51be7690f63ad25aec4b755cb13f6652,553
9efb6ae9a3916d2b4de295992f4b9126129c7ed4,739
9f08f2079b73817e030cebec46b3bd57937f5426,498
9f0e7809bcbc83c588e8ea3738a77c4994ea83df,786
9f1f363e3a4d4922038d8876e0d6266c043e606e,482
9f1f3cb9505d76fe228bf55509627a1e459cc2c6,332
9f2663ca313a3f5fbd02f2c1d2ce30ceaac53c1c,482
9f2abacb309e0b323b0ebf1c1f268ff1eede1197,21
9f333fbf633a430cc3b81f4d8040ecb950ae801d,443
9f340fa1e2f7b4799f3e8ef1a42b77bc528e9e72,247
9f3592e86f062f91c580f8bcb2813855350b226a,532
9f36babee5bcd3d6c0957885ce61e04149fdce6c,717
9f3a95915dbb1023b065a5eb45e9603172c4f0cf,82
9f3bcee85e806ec701a517b8ad3d4c87f56a3b38,539
9f3be84b83effd6ef4eb46770e8b9120ecee6b5a,141
9f424e8e8ddec7755bf669c19a514408ddeee4e7,688
9f4401be9d43d644a095049db5a6bd4fc485fd36,718
9f48a9a88d0c1fb6abc96db4e70b858ae9e83e62,775
9f4e824508bc792e5c470f5f09283101e8d0aea7,560
9f5124e4f3394534fdacf3e5c6dbe37ad3857437,503
9f5ff6c124d883578d9c5d1ab37b962f2d14e1dc,146
9f60e685dcdc57729981ed6e63e843d781cca557,679
9f6170c9b78e9311b77192cba8b282e5b39c423e,482
9f680b1be5e71cf230be82d7d60f735a71eddf46,21
9f687d776bcd01d31e4ffce6715e94ebd42cb2dd,250
9f6c52fc695833bd9a59a904e36cfb2ea5a84129,128
9f6cefe46f62c061dc14f979c835b4c90750e8f5,696
9f76c43593dad1e89e3abeabbd544ce6b5ead070,344
9f7ae86dcaea2ad8e316aad9b07b512c099e1ab7,679
9f7cca408b7467f1f7fb02d942ccc9859b463816,82
9f83b8bf49fa4274c4825d68f95fe6ab0e969473,657
9f85aee2c670ba583adc4631f8e8a2f83e34a6d0,146
9f88584486ed2c9fea774dc6acd5ddc95abb39f7,17
9f8bce79ad12d7af22909e15eadde1a2ace081f9,197
9f91a9be471f461e9da81d7f45694808faad0c19,441
9f98a66fb4ee8d89e440cb6b607f2403b634cb6c,120
9f990ec4cf7df7964de5d3c902d2919f9a81efff,214
9f9caa536823c3fd0ed34729f87c64e79309d86d,544
9fa51090c06c5032a9ec4770c6cb3158c1b430e6,82
9fa55b4ae051a91268b5950dc492532be49f50e4,242
9fa99f2b0a61ad1a39c29b5060f096ef214a4d77,96
9fabbd9bd4653d2370a523cf48b5f8c2223d910a,552
9fac79b3ca28578859aa497a037bfebb961d0356,482
9fb90a23b936b20b1e3684447fd1c27a305a9b13,282
9fb96259545c05437f94fc204acdfc353c745e65,709
9fbcba99ed90814ea2d6a55e6c3b36c710f6c3d1,379
9fcad22a4c1d8a1e562fe690650419b742fb3fa5,709
9fcd4c19a4c0f232b1f8a550be764bb5c48209d1,677
9fd769e4cd16d27f6b7ad04ca56b55355ea2e4fb,717
9fd914bc2f88050a66d4f545082986385c52fbd9,482
9fd9fb10230448ea58047929d006caeae9675f9f,758
9fda4eb2a0c987623325430f8f966a62c5ff4eda,283
9fddfd6ea7254d452c3e400a71cb1e08194d255f,691
9fdf0ef7d1d99c1f6206fb755999eda592540b86,408
9fe24a862da2f17a6f937b5a798148aa8f546819,313
9fe7a1cdbe43ad4dbacd132cf98ab3b86c1db207,539
9fe90880e17c192e93581b06a003b398628f7073,734
9fea71c856f5258e526a4e158edc358e68a52aeb,82
9fec7f7e9f31bc3ac1014cbd531a332a3ea63731,482
9ff8133fa15775b9f4146d1705d7feb97bef57bd,21
9ffc95caaab336bcd25eab94f3ad1404571d5caf,45
a001762ea94f4af32575b3398d579802a051715f,512
a002912fe5372aa90a4912d5552e411f9bfd72a7,716
a00691d514f1e34e94d261fcae6d899291c4f420,547
a00d886685c565267c3fc8df7231c1d2b8605d69,460
a01d1508187d812f315a5530f547b5fe045a2b56,655
a021c54b69961463aaea1aa8de71bb284409a313,498
a022cd52fd096466009b6aaae8591bbb50d6ad45,628
a030a83cf00c6641368fb16795958a52b317ced9,65
a032241888c55664ee453bb18d02c8947e98463f,560
a03d13700ba0cf5411aef01a50c85847aae028d7,93
a03fdedef89f81be9f3108d958a50acf13ba6b45,627
a03fdfe20ad43f67b3648d312c80b0cb9b2f04c6,621
a043674de61fd5bed18697a7b23b7cbd3717eecc,591
a044336474dc2c21801a13bfef04798d46d64006,713
a045dff50586541ad66d306438937efc0ac222b1,560
a049477b8a740b6737c02c608a4ff4a44f55e7bb,605
a049a09e3405f1023cef56cdb9ffd05b8e881df1,445
a050bd8e201c545fad1738abf692ccea22649a0f,46
a0590871a6436c2954905f9b2bc7982a3d9e35a2,443
a05db8ef1423834849c446c7933067a2032127ce,585
a0612fa701f7c6d0aab6bffac068e6e6f611775d,202
a0667fea8d71e23a0b1ed2e6aef37be9ac55cf9f,552
a067a935aecd32eac84dcaa8fa551309f86d9f77,417
a06cde25823cf2db38313b8b8e81f261fd2267f5,264
a06df8d4a5782f8789c795996dbe74e393184d1c,42
a06f847807d59cd88a85f4c621bea468516f27a3,677
a0706cd03334e669b3a31edbad4241dcfe2c612b,498
a07d220c13ac6605ccf253f6acd1c7f21cd0514c,59
a081ad0c58dc2609bf83138123b784161adeafe4,202
a081d0cdd9fdb8440020d4e6fb5914fd2938ce90,282
a08ddab3ea0d63cc2a0e1dfbd274e2ddb8e755a1,674
a090b510290fd7a18f0db665263a792082ebe5ed,272
a09abb54961569bbb4c5361f27e000538051c54e,582
a0a27a9bb4670dc1c2f6bcfd40ca5856e4277d85,46
a0a827e547379cb9bb10f3084ae26bf434c22965,766
a0aa0fd28c35281f3c8f33fe23765d3465eef2ea,60
a0ae60648ffc1a87fb59b5e4daf873d52155a4a9,677
a0b7fea08d502a9c1579f61142e7f8f467da462f,479
a0b9a08658fbb4c94427d13d5084d60a942fdcae,485
a0bd36e9311e5e274b421d44eece4c8f7752e1f9,209
a0c04c66cc56492908e673ebb97288913de7c3f5,533
a0c1112b1555be16b10fa7e098a5f86002c5db52,290
a0c3416e375dfaa03501a54ab51812dba81e39aa,226
a0c5d5105083a399fa7bbba882c54497ce148abc,58
a0cf4cf375e35a9b735ca9fcee3c3a2277d09488,179
a0d0f69b4e38410f49ebf2e934089407c198c63d,237
a0d2851618b049bd8da428982e354a3d11919b6c,503
a0d291f047e4dddc557b750d015b373315d0e11e,552
a0d6e52de5e261544fc5996f9757571e3b3e7bf2,292
a0d7bad788e95abe40bf3e1c10f033b95eb7f6f7,602
a0da102ce71d94ae2ba3b4bbfee961758c041eaa,550
a0da639d31dc443e33e4dda2fbe39ada5b66e832,479
a0dade64ceb4dde16c5a1c943826ab33bd5ccee7,391
a0db7f35403171d1688ba621860a676f2f296fd7,492
a0dd1f942e278928f1411b38ec75062def832429,565
a0e1cd742af9bd309e3fd0f4f881aed2bbc9d420,635
a0e6eaccd7c5c8a4c78d265dcbd709c64376203c,441
a0eb3fa6cc4cb83cda2cb80ce0d21f4c2e3c04b7,512
a0f24fb3d155003fb112ece125d4b15d60420b24,482
a0f295815b0c95e7c0a4b8a1b2f3a73ad6cebce1,67
a0f3bcc2340f8346f2a84e30cc79da7577896878,56
a0f95b2c73df3635dd756777ae6284f144c40c95,49
a0f9ae7c3d61040f12f3006e75a6894c8134eaae,202
a103b669bcdc68a3b0c68273f56138295ff5831c,202
a103fa5dd50ca01f4176c2f98dc98f36ab15cb7f,335
a104c2f4e08965245c837cf1ace821e8313f1032,102
a107679657b08432286086138a064fc44cfd745b,441
a110c9c1f26a913e44452d8043c9cf9557041670,566
a11574666a4b46a06439150b0199aca571e3737f,202
a11cea013131d437ae619021486572526dc533aa,319
a11eabe8b68ad1f42fe2ddd711ea89e867482f75,243
a11fda4be84e1f8b01a04f069edb7b470ff3c930,21
a120221dcf74a253b389e0398143f404c9bbbb82,202
a1238e6406e3c55fdf4900572e76c218d25e27d5,638
a12468d791013bc90ff573cadbf7a428b2850788,375
a13308a7f7a833f6edf3b1c0a5de52f636d6d703,585
a1330fbf17f23b38098de3c985b33d733b012d70,202
a141ebdd308ca4062795a7a11da1ca37f89e6b18,491
a14f6c72f548bdcf4fedd15a57a4ae3d4f1562f6,613
a156ba7635d43e86ac7dbc565d23b9bbef9372c6,101
a1579aefacdf6c1b9b15cc22b58c346a49408a59,552
a157af9d365b21e13a6cd94c748d090961494b72,502
a157da78d2d30c5b2ada471ba3df68d89054d81e,533
a15ba1ada0d1689457e34f3bee0dac19625188ff,441
a15d69b646e1afe45eb9d1a237356ba33e6b649e,688
a16d77da7c56327d9d4506f766b6b4e3df756d97,202
a17093476ca1089115da9db9452463c9c756c15a,648
a177d851219107a5813c40d12faeaddba7f81e95,129
a17958975bb8444c19cf0375bbc87bc97d342976,178
a17a4b3945cdcf02751036cae39b209644ebf213,35
a18193505736782eebec645aa23d598a0230f7e2,686
a1864b8eb599d3c2e67b6a933e59ff3b6b4b92e0,560
a1877886966a81440ffe3a7e2c50e4601cefe830,327
a188aa1e9be961f9ccf9cada6f544ca27c21af2f,168
a18b1176023c930b2e5d1011f4f01a7e505992e6,21
a18c9756e9fe7a6adef262c8027bdfd007072989,202
a1938f247ddb03f25119a3afa37ed8b81bc889f4,512
a196b2f6aa60f37978265e90a8d9bc24a4e74569,79
a1987cd0a84633411d0b018ce72cad5360ad076b,21
a19a84d444ace99f797bde182f7170be02175be3,134
a1a0bed8a1594b59f9c06ffafcc55d5c51a6cca8,638
a1a2a6a3fb54deea29c0c4af39c317d50dcf96c8,281
a1aac700b5ab2c2a2679deb17c8674fb685c0697,482
a1b125ff35df729ec77a85cc27d7dff8fac87789,202
a1b3a3531e8551bde8277e57c66c42e2040d9445,21
a1bc2643e97f3eca849a77261081c418706eb804,668
a1beb0d9b724b6f50cee13096cfce766d0e65b25,482
a1bf91be121e0239a8490f4c46aba52ca5d8c80d,5
a1c07741d266f711f8cfeb449ae9faa7ec76ab6f,565
a1c5a6f4718c836226ceae1cd02fb74834a12c60,4
a1c8b1be650cf28d4b404b979c04bbddd6057452,13
a1cafe4c75846b9b6b378a05ae22ff06eee9dbc1,202
a1cf7a33bd9b78166f7dbe97df798d837f796ceb,282
a1d55b1374a2d0e24156c9f901655e500f492646,470
a1d7578a1b69f61141a38282476e0c5d9324a3d2,137
a1d94903f3c1f68b4144e0cc011cb63cede60d8e,21
a1eb0666d45831a213a21207e3a69cfca309b0cc,539
a1f1a5a6e74c1be7257fd9ee7525e20c0b7a3f27,118
a1fb42e9a596a99e826a399502b617f354a952e3,506
a1fd884635af64de89a20ff04cbc10c4768182c5,482
a1ff446d51cd871becfcb23fdc745b16ba779ed5,585
a200d36c67a733b33a3e685514d405d9a1bf2df5,118
a204d013d499c687dab01c62dff30798b8a412cb,202
a2053c8505a211392ec881c000fe0b84f36ba741,496
a21056da0fa875e6cba4dd26459b42e1fef3496d,59
a2127098dba6ffe1142d635db1a0fd0a023e5d0f,42
a2162a51caa39481ba18e9aced8287f9904d21e8,443
a2186655541e133cfe54b18dd017ece33ab605ac,482
a21f8f2ca324e0db584d74c741471f6b8f2daec7,766
a2202524853283644a081e343d75e453fc745a09,548
a220b9529595a72671e2299f19585597eddc7070,265
a220f42e7038109cba47a71ac9fee75f3652b512,482
a226b4a96efc53763bf3932965f6f67cf9caa713,46
a22867b6397e93b7e8b99cbbd3eb9fd9355f8a95,503
a229d096bc2d02e57ba12adc84608e39bdeb690b,518
a22b01ce19b096c1f79cc9af66c3d040337211a7,178
a22c9bd00b6a4721dc4b0063fc7f9efbf3935faa,21
a22d1c2354a6cfe31855c144944f0ff78d553864,41
a22dfe572c50b1162da8d8c3ff8619d500508957,688
a235abb93a498aaeb7f7c5162fa484041b09b364,134
a2364f01c19b4ffdcd59756653fa7e69169512fe,752
a23b422c46b007e4557b49bf731d3efb5db6b735,409
a23ed80e8c3e94d3f43957366c085e8321216802,605
a24533bbc84853326d5c008ea109342f275de636,56
a2478dc4e6915351e431e49f4c9036e38ed77466,311
a2491da84c3f0e5f9c8f9567c3e755af09099889,513
a249cc9649387554458edc71bf2faaf2f15f539c,452
a2510c1003ac7a1a54caa19f75f9b8118b6c4482,707
a25470a98bdc523f71a76d2db7c07ccdaa5be3b8,21
a25b1dfe1374b6736cb75f0fcf177015188fdbd9,59
a25b7a41f28b6d615fdf74aceef84137e4b2ed7f,564
a25daa6183248560389b3b3facd36b3865db39a7,168
a2603457d26f6ac67cfa259b383a34d35ee8b4ea,332
a26070f27af27f46aecc679a76ebf02cff239f87,737
a264b2383071e76468d075eec5fbe16fb5c82c27,482
a269ed8a651ad660e785595a45338cebc6264cf3,182
a26ad448560bf6c8a2dcb82481e838a7ba6a4da9,533
a27660c454f1c25571e50ff940f7d1dcb065ef06,45
a2771b382b9d1217857de2066b4e79415eee091e,537
a27874426d99c549468f24e43f531dbdc6cce52f,552
a27d4cd2baab049ffb6f566df4d6be629e540c49,341
a27ea3c1728798b1599821a97c6baff9b18fbdf5,390
a2868d487f743000f0c7c1550ddab59e2e687605,229
a28e59a633c19a268efdd335a33a4f1fcdfbd8d6,195
a2a1c279c776e2e63e98381be7410fa1fb6e7823,126
a2a2985179002dcbc8bf41456830791ee20e29b1,202
a2a99295a795402f868492435f54926b073a48e0,141
a2b2466ec451515197025c2938e4375f86fea7c9,585
a2b3007d98077346aaf14c676028fb0fd0417de6,202
a2b7a0d5fa3fe873b770f360cf8c8928918748ad,119
a2bc850ee2e0905ecf41860ef1c3f9a6b79d1280,713
a2bd05003c240c55a64d229b64a58541d716ee2c,73
a2d3384793754834884ea2dee50444e41659d8ce,45
a2d4a0e871118dd7c96b5d127910aa1f3d419fda,119
a2d57b99ee6d0456418e8d1826c23a3440e5c2d0,100
a2dc89ba0e320dc6e774412a05ea6e410392990e,655
a2de584eb826427a3b03e6b1caa8c84025b267f1,775
a2e843e4696195347de6aef7d55725b06d885f53,49
a2e8c80b5a67b14720de2d0176dffb6c11c63a30,351
a2e98e4688d988de7c33c18738dc94ce50baea67,67
a2ef072d3c64e20b419b314b2d64d0cc2d388633,443
a2ef07ecb1d146799a560922f1eacb3b729a1b3d,567
a2ef3e3f3737d9ca0d6eb085cd82c855e9177a59,246
a2f24c1f8b9cca1ad6984b791ba94544a33e97d3,688
a2f3290e4b796521413e4f093a0d5fcfee4ca89c,202
a2fc1ff3e02d0b138cc1cb91b17c1b3a058e5b2a,81
a3006f04a7bda5ed7b5ddac5c824a3fbc1b3cc43,239
a30899a8f8a85ee68c806193135848109330f044,281
a30ca553ba2c4bdf70ec6c2e92413d892b61bd1e,344
a30fcbfce8436719613de3bd3f80a1e641dfd6cb,168
a31613653431e84f69734bc758cf32a477b1c27a,554
a31c1ed060c2842bf8ffc60955da5f8c4580ecd6,57
a31e5b23de2d306524dace27c3d899c441fce657,157
a31e6ef8550c4c23b017bb69d2fb322c64f4804a,383
a3220f0baf2222ab211c3979dea0a815208474b1,443
a3257a9f7799a654be754e0b5098457b65eb13af,73
a3325718965c0d27afa58810f4a930c34f8d703f,182
a332a62d93e3d077869905448718f52a599e5bd0,341
a33429b592ebf878b3a48d70fb6a5811f5fafa4e,237
a33562e2e815a7eecaa8b16002ed9522c927a616,24
a335d6c42b2fca3210f751aeb8b04b7e27a48127,148
a339e03afa80d01b6a386aaefacb769f6e213b8e,710
a33c9fc269fac191094fc77b549a6df558325224,393
a34691060f710dc10316f614cfd5c1c65426047b,655
a348f5b9f0727647e40f190e458d82745fddf3be,128
a3491847521b66e1be72b7965a91e4c19be83185,441
a34c5b8e0f361e41f6df9f6bf1825c5f42dcec01,364
a34ef61de177eeecdd54d3120ebcba95cbf645b0,160
a3537312cdc9e214cbd2dc61c5607586a8844a7b,262
a3619b81c90f800f68ff5c0201e06d9044b599a4,709
a3675a7e5dbb142e4b6dc0af869bca5f7bc8c859,353
a36c3a7bd1b5b958467cd1ff6daf9de64dd24c36,775
a36ca895d38d1792cf36c8fd00baaafd77f592d2,141
a36dd1088bccd191b2d7e751fdb93fe097bee597,202
a3729d7007e54c7d301142448976f6b1dbfdeda0,56
a3769966d0c9c9f6715191cd013f7c5f375594ac,379
a37706fd5a31f8322fa4b83734a76ae1c41a98a3,219
a3793055d5783300642589954ebcbf58362798b1,219
a37c97e810d70ccb0c89667564585d66a7bb3fdd,156
a37f79e75fc6cd28c33fef8da11bb8a2dfbf8657,667
a37f84847526c796366eebec81a313dd7915a11c,692
a384a66060eb8002c7da986d5806db24d60878f8,550
a38cd38f5433952f0de6f5498398da815fa5f1c4,479
a3949b01427747c521de29d30c9490211004410e,552
a398d19d24938aaa578579a86c393673705a672a,324
a39d017f141e8ba82efd3e72dd33db00605676ec,348
a3a1a036ab0d445d25671b012ed851c9b77c258e,21
a3a43e2b8a152831c482f194bbb869793b1ba83c,491
a3aa6bbe2b5fbbf3ead64a6638ad1cbd9725993c,65
a3abbb3697bb0c41decf84d821c53c9ec8aa4928,535
a3acdefa33c34dbf9ca59482d832a6140e25de24,585
a3ad1800ceaa645c83ff01629f5e840c8780e0e9,100
a3af2c5d0c2f8d131989b06e7ba3c587b0298dfd,295
a3b128f01ba7623eb4fe14f851ff6b25f33998c4,482
a3b8665975ff53d71819fbe3b7159f581b405bcc,560
a3b95004d7800de8d0432ef31d9d6e469869d483,217
a3ba20d255359a063c7b32be0ce6a5e1838ed5be,56
a3bec77428447f7bbb5af60bd7326c8ce3cfe067,209
a3cce5ddb12dfbcf686cefbc1d6af7d932e1ffe2,314
a3d121d5de06bc3d7b472fda5bc98bf0e61d1464,230
a3db70f7019f2170c07245f79988433efa487d9e,67
a3de5140d2ab570b051c9e860f182d99c1ee7a27,21
a3e85b915fe6246aa172ea6f99f8a4f447d324fb,228
a3e86b112c06a0d314ed6a60bc73124c544c5fae,21
a3ea0109b0db3f080b0baa05f84bb026893b454e,202
a3f5d1342b2551a40ff29e9ba7a9ff298d53c01a,512
a3f6bdb497aade9be7a9acbd956c3189508b0a33,21
a3f768fc6161109245fd4cfd1181973bcb9830c5,379
a3ff2318fe2c1400de633d7e3a4fa5ef5c618844,691
a4026839df7b2b8905671d2d4aff083ea364f09b,133
a407e9db1f35620a1898116c4c9b26e1432f5d4d,128
a40db5de03014b2b6c992f7eb8fc04910bfdde6d,675
a40f6c1dbad8457c30a5c32a5db8411a14b99214,655
a413efd890bb8cc8ba8011f003ba83e106bf0b2a,128
a414c3db459a493492052663943b82cab051f99b,473
a4180e0682a7d1d721af7a1d021fd3181def0bce,162
a418783727f48a352bc75952d25835426006a1f1,607
a4187f42f16525c29cc969348aee42fc8b60a4aa,709
a41b7694cfccc9bc93fdcf6fb3d3e6ab5ce39553,535
a41eb2cd5595c0aaab7d339bae31508f2acf70d5,336
a42842aaf14a8d41b78cc4653612021b8c0a9377,139
a42b5f3d6d29ef86123114cd410d9dff2734acfe,21
a42cd2063cb1367411e31f8ba49b72cdf41bc05c,335
a4343c388a8700e39bb019d3d22bf7fa30db6bb3,393
a435b495a115159d4400ca5bee179450bdf7a5f6,677
a4373aaf23abde48fbbd8dcee4ebb5dbe6e964b1,87
a438ef6650d2e8d51b0b3cff334f9cf4304763ed,176
a43dca00978bd04c1646f51e2aa072936305910d,458
a43ea4f7b447e3e52890fe8290ce38a3ffb7f2db,113
a4412f158c93c167b4cc6a1627a23cccf168490e,379
a441f3a1109aaac2ff47429afbd18f0dd4b6bc97,78
a442a8657571e18f668045ac9445d041f4f260ab,221
a44a0c5d72104cfc52e5824538e5005aaf2913b7,498
a45ff91685e978ef7e52a88e0efe99bc6acbf1c6,531
a468e1130aaa6fc98d989602449d73d91655578c,714
a46e190e2dbeb6f8d7331c5f7986a3641c31b0dc,133
a470025f5c7f6909b3094af59d522270ed788ec6,202
a4700da6f423fa7f8473eb808e76154caf8b297b,503
a474f43ea58cb21cbd7ff0bc321fbf31820f0f75,85
a478980f6c555927d2b04a2bc9ef7bae5cfaf598,735
a483bfff26077c488053b9cc6aa82ec2738e7d9b,21
a484dfd4d8ab7f5035b650aafb6dc6edd170b268,512
a488610818e443098fb7de96272d5a7bb91f40b7,257
a48dcb8697ac6a031b5c74a5c9f29189f8c199da,21
a48e93914b8dc7eb979b50712d5aab11192c4a29,139
a493e20f498c3198b19bd455867c863dff53fd06,119
a4996ec22d10509c7d29da9157a72b5655cbf210,688
a499eedace2bfc0a074d2bbcf06a6b1536a9c8bd,720
a49abfdfa5a45b712266bde43fe538f5b220b355,202
a49f7a661ef7e7f90e2efae54b3aa7c11101694b,452
a4acf0c1228976535c13e68088becc28ab0449bc,228
a4ad9e4ff218b975bd4b175d79480b94d853e9cb,82
a4b5f693b7128276e17271b04c1fbdf03ac962b5,765
a4c0a441108d21b778098322c3b473d3b3226b7a,655
a4c15100091697b36a1b1be80353d9150d21eba1,676
a4c8c17a6b0b6a16b7744e9da91059326fc03da2,21
a4cfc1727323311c799383944e38ca762bae3ca6,160
a4d7ca769305060fe3ee4e4b67c2f379a9c7997b,148
a4d7f774d47207d5699a3b4fa55dc64b2dacdca4,609
a4dd54023c0b8365172b7035009b359552345577,56
a4e2a755e79a3fc77fba58c03e313fab6182c044,512
a4e9af3a742c9568c01e9401119739a70024b49d,606
a4eb315e3ca6f17ffbcd1a85126ba5c0495de2e7,164
a4eb6a4f207c5b4627a1f542fe9c5d06604d651d,512
a4f4794bc2db9f406fcc640da705ca3c8aa57c58,514
a4f6f898e0231c6d2447a4e193dc452e05030ddc,587
a4fba85278d6219c051ed6891b31b9ef54acd5b6,28
a4ff50a656fc99dd428f75307eebe24e65f283ce,332
a4ff9d1571bc11d60e414f518672d99f68fa9fdf,113
a50660a17cf2279f55a9c95b4eea53970d413ebd,4
a50f3ce511383ba49e6a4d858d9e2ab9f12e1f71,652
a510683fe87f2fc515f4235eed4c3e9a2d614921,677
a51cd428ab39c600b71dc29fafc0f92f2730fec8,148
a51f1a8c7fb06e35447daaa00305fa46b83d2819,726
a52149554cd0c9935225ff09a496298b4fa5709a,458
a5247388288f0a222ccdb90777e4de362fadc643,567
a526cb920ef6e30b088a394197a63c63a52d1c12,720
a5288fa1cfd5190d252abea7460848cfa5063f07,460
a52d766cca857e4f9504b2d76cdc198a607d1513,638
a532dfdb1c42fa363ddfec0dbaf80648bdee1f99,147
a543b0588c75849d73d095f6f572a75c7763b8bd,552
a546759c3071d953c7401a9123a92540c3bd5459,21
a547937a7fd40cf3ca65800b1055b549f01238aa,677
a54a0b0338ae55ff58dcb8dfc5540fc025ea7ea6,179
a54eea4632d9b51cc4e9e79f22a3d60fa3faa032,685
a5587afbeee48cbdd62ae4de766ff2c1114df4c6,141
a561be1dcbfd6cc37e5f5cde1957bfbf1f03dc03,450
a563584d3ae8ebab01a60ea4a05797e4e5d3306b,514
a56a5d9110cbefd6a2fdffb283d2e0ffe2bf0f96,56
a56bf0b8194ecef5c88e8bdbbdbd62650fd851d9,209
a57eab023ae1831964261b2a0d4ca374162e12da,677
a57fc1cb825dc15076f5d62e3157d95ff5b035de,482
a5839cf717a3906d1ecfb858777ec044dbe2cf02,217
a5934c4bb701245753a4823f79e11c93c69312c7,565
a5971d42c4296eae368720bb14284813fa7d04b3,515
a5a39616a477ded96d0ade876fada81984558662,560
a5b009555e1192f0cd94858ad88d8f22e82aab3d,95
a5b43ebf0cbb841eb45626be58c8d4fbecae7ed2,679
a5b94ec4e428ef0a86d3cacf218278bef39f713d,679
a5bc926c46c8b2cee340e84c0110e3d0441a8b76,696
a5c2ff7544537b634e38b5577888ba35015e52c6,539
a5c8988590977adb9f4c20f2d3e42a06cc6b0a0b,441
a5ceab0b93c0256fd4e1758cd2d9f2b2310e2a6c,510
a5cecb40572f19261b186d826e9e97d74b683f82,544
a5d637048e1e28d69ddbae8eb4aaaba62ba483d7,523
a5d8c48eda248965fe5e1bbe7b4e83b6bc2105ea,50
a5e5d89a1562630d06a32ce9514c489712317000,139
a5e74d0c6817f44227cccce2830ea80100ddbba2,17
a5eeb432e31bd7d88a5f0acfce9222c6a6b8e4de,21
a5f59f7a5f28d668df1f4cb4539a5a340f75b62a,611
a602b3c0eb2347fc31907e863c35a62ab2bca6d2,692
a606cd4ea5cb7ca92bc18d3f0d8e68a24701d2b5,442
a6096a307e4ac7e94a35e64cab31a0f5db4f50a8,610
a60b385aca8127a30e82dc673f4695ab238b6eca,23
a60c89590d0b24ce0d94a78430a70b7b7c8aac4d,41
a619cabe774b080fdab59d6a07962fadcdb96eb9,749
a61e67eab737f36cd024ba2bb375fb9b33a4941f,21
a620908c00a8a831a42735ca06ce858ebb5529a5,67
a624d047616ac8a0652e466cf386682b958e32ac,168
a6276494f908f29583f542c8607005231a218aab,722
a62820441bf57f1a1ffb3da9441d4922dada3302,482
a62c157a563eeccc76b59a8de54691e25e6ce4c8,79
a62ccf34ee8af31d96303cc80bb8155846f955dc,351
a62cf57abe996dbccca558099ea5eb7a39b8466c,566
a62fae0af48d496fc8c82238a817faa18eee9943,432
a62ff7aeece24c9abd233caf1635d39cd106de9d,21
a63337281b150d36fda96d6fb2bea8f20aa4fa59,255
a63a65e98a810aa7c9584e11b7d7e4d166f22598,367
a63b6646bb9ce8194f47672a96219c07d629260f,90
a649384627622d926c9c0369c1cdcd9fa73fbfa5,258
a649fc8ac81b8d239be5c28fc5cd080f8df96bbb,113
a64ad0561a9b328bc716e8314e29cd96c6588dd3,120
a655d3aa2c45933536369ca8eb99a3fc98fd44c2,139
a6567552193eb1011b08e684ce8cc2babaa37c23,292
a65d7afc145a8a4f9b8bcebdd180d2d52cd3645b,331
a672bd70de42c3f10bc2d5ffff15d906612d4e8a,75
a67a07e0327dfce6f5c2679c214afaaac284993b,141
a67b7422419536f60aee90dd988b0ca90e993c7c,52
a67bbec718ef3b6559b91599fa0094e08e8b32ee,501
a67c7a385e5c6139e9a96aeb0684d8f7fff45cf5,49
a67d1575bd4d81a9bf53c85ff74e27497ea1b1ce,634
a67dc19aa6a8748edcfd2bdc91a264414dbea2b0,585
a6805f06c36504e574167718a34fc97496794979,453
a6814f4ef449777dd9195113fdfeb24d5229257e,42
a6824d6af7226e4b24071b4d4c6ea9f9a687b5d9,619
a6835a3feab313c7e091b290609e3138de6a2502,567
a6844c145b21840cd7a86a76dfa245a18fb16d0f,97
a68bb673fc18c8250e09a7e51177cf3393acb390,50
a68d82a855550fdb058955e5e8ac3069861603eb,375
a68e3173b402dbe264a0f2dde7a9ad699b037b21,465
a68e66c49c41ec7d6190d5208d9d668cfc1ecef5,663
a6910ebb1d8c79a23c4fac532b972edac388a5a6,602
a69641da6ee57904ca77d511789169e76fe726b8,4
a6982b23b1572b4004aee57b40ccde86624cdcae,259
a69b4e53aaef9d2f704ca6911e02940d554e2cd4,553
a69d61a420dbd49156925dc451f5bb8b3302fad9,141
a6a03a2bda7798c073567daa665c50e08174d593,202
a6a074bad129be7daa6f832df9d03c2010748492,585
a6a2885c10777c451767e07d8fcc5aa81d51f4e5,96
a6a7e32c5ac190d7369766ca16e97f4ba45486f0,535
a6ac87063dc4d6a2530743ef830a72ac21f8737a,600
a6b08fe65ac5eeae71d49857f279712a278869e2,197
a6b134e7f8c1996890fd5688510023cf1193bd06,591
a6bf0e30d2d7a0a5652a6ba35b396b4140b32170,141
a6c1bf1667921b01eaab21cd92918334c8d27166,460
a6ca2bcfdaf7c353d191daf35db9ec707f0bc098,441
a6cb389d967842a00c2ccd7840ae8616ee529dc5,766
a6cf343c8566a0f11b380d8bb45d64c52b33f450,709
a6d14f277378cc35c4e86cfca809d526e67a683d,119
a6d24f355ca59d67cd46290d4ab65ddbb95bfdce,722
a6db60aedf5786d836bb724f73fa444455695a6a,163
a6e230c033161d5d22136e2c55741604a8904cab,148
a6e67f3385a1df1bc76803a010a290b621971f1d,498
a6e83b69efcad4f42ac246bc8942840a1c44318e,685
a6ead765149ac53479168dd3fb77c3128a649f6e,21
a6ecc3246e88eb1dc887d011860b2badaa8c262d,45
a6ed8af524c7004e0711cbdf2b3e43d0742852c2,484
a6ee42bb2a3c1c3de3de601e6a9eac74781e00b6,21
a6ef2041c23a1d58c5ea59244d2d52b7a602b536,533
a6f8ec54a2a985012a4b279a89d280d500bc70a6,503
a6fb8348fb4dd513efed7af351ee69c5d7ca3676,273
a6fc937c4b9b528622256ee7669e682f3adb394a,552
a70592555dd94f5553a5b0538f8a5d355dced881,324
a708bf9f12b0e5d8f6ff7654762c4adae1214243,175
a709a26ffd4029a366a42db25c2aae9e9fbd41ba,168
a70c147b5aa107c3667263168c7b62eff345d6ac,128
a71011b1c9c73d394d7eedc8fa51d7a40fe77410,21
a71de364582c7d62e3e76f7542f69e1b8822fabe,63
a7222c87ecb656854222275e06d9642c2cdd8c72,55
a72468fe9ed8e304ad742e2d95734e5a2920ca15,506
a725fbfbff17729b3bfadae6b9ed7f705ed365cf,688
a729fd2fa158f91b29411fe477412a4069f9b1ad,682
a732abf845dbb4f8903b2882a741c7d7c1fcac31,560
a739e308876a6ebc6b1fc3e78ad921a23513e1dc,119
a73a243711e605de7bd0604bfa56234c947b8cad,101
a73d56cccd3e22fc33f73c43e08eced206520c9d,500
a7423ef3156f88170a77ac0f7f8c513a21c31031,603
a7492c7b901906c91b2af181d1fa0ba048e9ff3b,101
a74a2406607af7da85d24744d37665673cfe04c0,576
a74b6c2cda06c130f8176698983b6ccfd19a98e1,67
a74cc3827ed79159ec27fea124df52879b4357a2,21
a7574d851bf14a0caf614929d3a388dedcbae251,125
a7579dcf05f761e08eee6884ab46dd93ba260e15,21
a75e7f792f6eeb3406328c33a7934dac729eaf34,677
a766e09d6c90fe5d6ff51a388dd12ec36df406f2,553
a76b3e80c11df7d0924854f673771fad0a85c651,202
a76b5d4b6d62358667f467a223685b212322ceb9,441
a76e2c2f6091129b313df9c22405143cef690cd9,677
a77182530c79d3138bc83f929a40c36b481fa420,82
a772d835ea4b959629f8c1fc9dee9fc1e6a546d5,237
a777106206a2a02857957230fc94b838359d4732,49
a777e64b1bfa2e63231185e477eb06081b6a4180,30
a7802af176f72072d716323bc2b9fab60ed29ff6,552
a78468e3d69fcbff4644eceb794a8ba131efdbb6,749
a784d2622a402d207324f270f5834b25880c192a,503
a7858c185e5bcda30589044dfb2176588295ae5d,547
a78b74c3234cebcf29809b9ced3fd4614f51c35d,75
a78dc94e0687a5429d6652bb1ee987d9b1ad6db0,485
a78ddfbd13d9c79c525ac9b058658b052306e7cf,148
a7934f2ffd9a04023478af5410160b90f36f68db,675
a79b693681074ae26952b903989fd2d3786e47fb,75
a79b7589d632282fafb55391e869569293766aff,717
a79db1a11008a1b7f951e8efe3ed542e53833d86,59
a7a41f034df2c99a65bd76d6a674fb11aa4899cf,603
a7a550ac27f40b08be830673171774fa4c0f2841,268
a7adbcd9c7b8bc0f8af08f27e9480dbba8665299,351
a7b18f8cb1696c1381ddc6c1f3b3124c44fe335a,656
a7b6256d2c012a99b8dbdba5c9a7ee060925113a,557
a7c074a6c09af6ad20408e5194c712932f03fa2f,331
a7c8f44f0d5efb2f7580ec01be073d00852cc94f,535
a7c9ef3abd4ec98d2a0555f6082a354e6c8773b3,202
a7d263d961c464b1f63d755cc19f4d9c497661c0,482
a7d9fdf2151da789814abb3d440b9199088d874f,657
a7dae8eff27f494a7068beebcf6745e090737a8c,92
a7dc92ee50051ec87acf89be1fae9829f23fa67a,279
a7eaa209f46875177f7ab56a03a3dd58687a054d,655
a7eb6a9026d82bd6c7ece814fcc2acd9d06a5f87,202
a7ed530d10128c71b3416e22764b164f2f608e31,148
a7f10f4ad10580b6656baceda17afb14575596c7,202
a7f299e9f68704feb6d830b4c6070a62dac6ea0d,72
a7f3561e705beb2b1de51215fca3e8f805e2d9fa,535
a7f839f8e4170f1d22d8f13f85748b23fb9f2c3a,202
a7fcc9b02159f947cc69decfd1eca3a85df40d08,21
a7fd5bd814d5e5020668b03f30a9c21efba244f7,79
a80423c1475925ad3b57b4d1524f150e531a34da,512
a804d579662f864498c8f2fe5d009f0f413b10a3,330
a80518c362dca2ae236e51671818dcce58472c4a,202
a80993860286ae606e961ee4fff8ffcaaf20fa2d,47
a80c2dcc0448cf85c7df8bbf40582f62168efeee,735
a81001be718545266bdb80a1ae7d5141f00aa01d,441
a812025d96a8e3f17f7cd1c5560e9969ad03257f,119
a81258e5bf22ea7ab17b2820b9511871fe9e1a06,567
a814225261ade690a1e504b4e28e59ce8560b456,379
a815047f2129996f3df79e017ff7e7ff78c26757,223
a81b1ec432a282554dce60bcb85444a2b480e48d,379
a8251990e28811dbf6ff24e3d46bf1f7e4274228,250
a832cd59b3853f2556401734010e267f457dbd2d,409
a83abac326cebedb7021d5b2792b52687c239b51,531
a83e3224b96830c9fb6dd071f2e5fc4194093560,498
a83f05a503a18823b6518614ce680c186416441d,202
a842741d11c7f2ce8f134647c508ca54c19e9f33,675
a842c4c2a0a884dd990997af173dfced593b9baf,417
a843e2da74908db8b925e71410b472f0b70f253c,458
a849992fc509898d04918ac62ea764412b551bc7,152
a84adfd82c02aff70ce5f49edfffd196a4a109ca,379
a85435cd3c10ce9308d0c3071bf408de937adff3,332
a858810cd9dada510b7d056b122f65b350f1d5f5,2
a859da522fed6f1a2a6a96ef368e90bf76c194d2,35
a860b1590a7d484578e8d08d02a23ff3b658c1b5,21
a8638ee34dc45413a03277bbfe85c3aefde4f4de,202
a86b1bf17ae33cb9daadd39f524a2cdc706fbaf5,441
a86e24fbeb0989aca67bc78dbe34bff7e32f3ed6,139
a86f82aecbc7df318c6b34d69d9354c631bf5e4d,655
a8724b3d82c3e6639d5cfe032cf30cd647283da4,552
a8766accc34fea9558f70f6385ff0474d29b6848,574
a878a472b7d95475ad40076b5323f55861cbe132,539
a87d609ccb2b3d5330569e3056bb0cb95a04f275,49
a880c4762b1c1de82d500b24311424fbb5bc2512,253
a886d621bda74d74d092fe6978eaa4ca52de14c7,271
a890a8268ab53392093a0ce9dcb3b4642acbe3d0,332
a894eb749525d2e988363b2386fe58e69081098a,23
a897193f7687266f844cec522ed52b76e8b4d740,779
a89b8ddfa4c5889d4174cb8df6193a0645103cc4,686
a89e3b20e567e1305c1440c5f31b2e2fd00096da,35
a8a0fb7ef49f6d43701b725e87d11108cea0eccb,202
a8a21c04d7308f792078f9bddce994ad41672617,527
a8a3bb51f5173053cc2890463785fc1aad3833e0,613
a8aaf7644a67f839e4cfdeb860aceff66648a0ae,677
a8b4b9e68998ff5c9e7686c4fd0dc38bf6565ec2,552
a8c6d50e5a717d5e52f3fb8ad4af5b1d39baecf3,202
a8c7df2b80f450d825646d2db3772ca00987291a,417
a8c7fd823d41e781ede21880961659f78c06b9cf,82
a8c9700b5515bb93f04c8344eeb77be6761cadb3,473
a8cb8d65f14bb231ba57280e08ad39c9a18fbe10,79
a8ccaa4d66c0745a692584b36d859d24bec88d5f,567
a8cf9600ac9d5a7e10b1f5d54871b3067e726fe1,202
a8cf98a185d08cd17a3d98c98e1a8ad49e3110ac,384
a8cfaeecc20c9cfcde3666d85e6585f1e3d8a4db,616
a8d36b8abb9af2a5cfbe941c93507fe181833298,677
a8dafcceb5fb277222a0af78765faa7738c57d1b,13
a8e50a9d78f8bc54a42b7f4d5045427cff429f97,537
a8e6d4e3d795838a3d90e9d59718edbec3059f69,518
a8e6e7c39b35ba8398def9b8ef816a31be4763d2,565
a8e7814487b7e00c0e24c8aebd998ed3d2813649,415
a8ed1ccc306682b1186990148c7e4896900dc9f5,64
a8fd8974438d28234983fe38d113dd5f275d1ed6,562
a9071a76fb8e8c64cd2a90d10f70c9a44f79d33f,276
a9099278b19263a84654885839ae178b999c15c8,316
a90b8fc4a79c3dd2b11a6318ac5f7159a4cd1bac,161
a90d74c16e64db5a29b6450648d861ae5ff207cb,251
a9124162a44b8924ae8c044df16bd44cd72cd4be,458
a91d61d0c7284a985b4f350e35cccc8fd1f3f64a,644
a927da53a823a9f5b4cb8c64b4fd075d03da48c8,202
a92862099eeeeea9ff744a3af027a49efed64368,42
a92877385f09b2697dea79014f93748e46bf4990,552
a92b2dcd1944f23debb02c7c678b0f7284996385,681
a92ece8cd3a3072b6be071727726d9cb29c0f761,711
a937b3223bffc7fadfabed8641c23808d8163d6c,82
a9439a372c70e305a84a528e8bda4ed98ca45587,379
a94444237c74bbb39b711296d14299eb85abd214,601
a94cd56ca3daf24caaa75fdbd9dd92b518264993,663
a94d180f628634a39560d0576edc892de865e1eb,637
a94ec0d5899eebba23498475564ea7360b50d289,498
a94f691cf8ca0de0562ba8a4d3841990ff0fda78,498
a950bfc5140dcd1e846c2c47592bd8fb71169fa8,318
a9518002b46114123ae99135a58246feb571d166,202
a9519fc3e18043db189b4ac1a7839a5d3083496d,202
a9525465becd66ead861c2677512cafb20dd4967,52
a95546fafa8a7ed39dca3928af27c92fe8d7fde7,118
a9567358025bb4d717336d991adebc121b1889ac,768
a95cfe694ff26a17ce3b9b4fb1ec453cfb34d381,484
a95fab11b5c1b7bc7b4a3201a551ee6eb22a3983,590
a963c71fc9215dc722200ae24b44d7d35828f6cb,202
a96b67995bcd995d30b7222121dca3c63b787281,539
a96ca55ce372483a4228c827652924f4ae3c93ba,231
a96d89c7425eb0d1e42ddf9d45a9bdaa1042f4b5,714
a975d198f68f7d9e3a2b5940e42661957fe9b867,102
a9861a2d98acda252d13433e2a8bf40fa961ca1f,749
a98c7ffce249a9c63c94ccd3490e663492d7d41e,27
a995e4ecf741aff515ce8b5066c4e437dab733f2,286
a99e8730e7114ba8ec08feeca37c253bd25f728f,610
a9a3cfef6976fd155202782b892a8f011e4a93ee,73
a9a5e0fd775b2b92f685f8e9fe32f4065ff1ef3d,128
a9aadebeb6f9a1ede9f5d186e0febd5bb2b298e4,21
a9abd8a639f29ad33dd49df202f7c779cf658ffb,623
a9ace96ae308f407445e117074153a84327dc39a,512
a9ad77d7c85fff5973cbbdfff08295b451dc7588,552
a9aef4efe8130fcabf62d8b96926d3cbb4d185e6,606
a9b41fc6ea5cddd49518dd26a9c2ab878574d4fd,79
a9b95ef8055f1a728c65cf6f46f64776737dc8cf,565
a9c5a5112c489f7420349ae02aa3d3deefba4a22,202
a9c6dddfa91434df4ccad7a5e58f24e348677e1c,65
a9cad668875ea0c45784fca3c736204ec8295417,503
a9d18f201d7f236f19d8551c71ddfc8331f414d1,672
a9d692015c245c7e8a7e29188c77b82849bfafa8,758
a9db43dde0c380cd29cd633aee3fa886bb791e0f,49
a9db9f0a11dcf6def764da9f1f0280cbd9d41890,202
a9dc50045375850db7da0d9a5c7a22eedf2c3cdd,21
a9dd9d8b2b862884d329096b0a352c8c68655f86,585
a9e8e1938f44d67b95f60d8dac0ae0785174f5da,68
a9eb1c885c3e0daeffc5103040bc52655f041550,603
a9ed3c5736aa4b8144373e12952e68e3f3c3bc9a,677
a9ef02b5759c7fda4c9ce82f036e7549e452c20c,202
a9f07b021f15c5b4bd5689e5000c7a883c272226,740
a9f13900b712cd42aaa2248cb25c8a90e9dc6dc0,21
a9f3017f2f37813bdb42af9aaaeb6d2b8b53b83a,137
a9f651f5058d28a806d1659d8e8422508ddcd379,219
a9f878ecfb3d08c6850225e13e17528ecd54ca9c,27
a9fcf805e9a0d5e881d0f9c567a058ae260c0b47,314
aa00b546186bdcbcfa7df774202897aa3987186c,234
aa00b67ee49a77e26795eda26e53ef80935367f9,128
aa0103b4256f2784a11d24400cce4d8be8f10082,351
aa04cfb07749c1e77dabc6b3a4e179f5a70d7ed0,657
aa05d64680f3725c0b4558665f0e73b4ad8a6879,591
aa08051f7b1cf13f2d61148b2bb29af2b538c73a,700
aa112459df2fcd928468c19fea9dfa12b290d0c6,21
aa118d49ed4b4b4dc215b852c1d28940e6de0ee8,253
aa13e98f950e3eddc25a53d6e810d35f99071b75,677
aa1521f3d3e0b163288bb2cfa725eb772c4fc5bf,482
aa1586aa817f6918b46ce586653356540145bf26,282
aa1ab8a409b8e4117d66649b722c9e47c87fe9cd,482
aa296bfcfc4033cf01d9f98d25c6a5c6d961ee0a,470
aa29c05813e67886fde5bab650d9faf7af986da3,21
aa2a12b7d985008f63e69aef3e2bc8db72a1963a,42
aa31addcd55d5271915fe94a1b8306d2baf3878b,49
aa36373882410a09e07aa4f07f548150fef67f8d,632
aa3e70f1520aa26df86feed3dc0cb527949e7c1a,699
aa4051c160e64839f4c2fbf2a3812565c6083351,161
aa54ff5b0f56156d429e51ce2d4af46004e26874,517
aa574079c9a0f61434f8e4a522fb03f80c03c8a6,202
aa5fc59d1484de52454eb10fce556dd22149f90d,138
aa61abe44318b0ff3e158b5f167f2792fd83276b,533
aa6591736d3d01e1793d96f547ab0df90248b4f3,48
aa6718d5757aafec2f4bcdf65a3a32169d942b6e,344
aa67573b6e79d11a9787b5dfb59cb7f70b56dc05,590
aa67d2efaef6717c17026bd808cf63f6da7b4b91,677
aa6a70afd8bc745f02f4ff07574ddfffd1a0278f,21
aa748b69886e24bde60206d013813d537fd96dfd,482
aa7afc220ba5e23fd396b7be739355212f27083d,688
aa8754f941d7f5f3ed472e54c3c08401c95a0d5c,73
aa8ff65cdaa6de8e24bb243633deadaf8721b13c,93
aa9608ad5852ad2c6ddda1b4662b2b68b317d8ae,552
aaa5e0005231cdc1ed23c874c690a70783630e27,544
aaa6480af8b7d729d58d808a0e9e9593d6859a88,155
aaa69357dee7e0f965bd840274c4d09583dd1aba,96
aaab5d29d79ed08656079f5aa71f6c8a819736a9,679
aaac5d5881f8b04c47e27bcfcdfbe8daa83ef794,576
aaaceff5280fbbdd4d239a2088496a33ed41d408,217
aaae4df6e0b0959cae3db8e59330132c48d34271,709
aaafb9ba3e3425e68c1a3d20018476289e9d8bcb,82
aab3d8c3d02c08b57693b138f321d7279bf671d2,482
aab5411310876d3e82853b30665a977c1b2606c0,101
aab8298a8355b9f7c72c3fea5392b81c7a73bafa,698
aacb6bc84889a7e117289aff6fd924804b391fcb,587
aace39c19ff842ea6cdeabde406d735c02c7a360,514
aad3dc05dc17c8d8ee24cebccc1413948cd2fc4a,341
aad528bb1fbdee864dfdd7ecae50cd623d1f7735,81
aad74793e4ecc7b5dfa5ff0ad554bf73f89ccf99,169
aadb1a498154e53be8363108491396487e02c641,677
aade6d6e27d108ce41d4926f6dfc2b90b5f5bb07,675
aadfb55c5d677d1519ec407b2b1ec3339756ab93,251
aae717645848e1a8ea3299e9131631e8847710b0,514
aae8f410f9f8df5112c308196d79a54b120a448b,535
aaed8de90f02c3f2b0c20826aed3d06d6dfb3b48,21
aaeff5a6c030c2cc2f0694ad4f7c0f5f27d4ff90,51
aafe57c08bb7ba1d06fe8efa2b7e0c7dc03ace16,141
ab0227c16742e1f3708c22867fab8d2e331fc083,180
ab0e00996b0a9672921e8bed554987e761c24a21,96
ab18e9b9c25b9abe879dc55111322bdfd4e1cc24,273
ab1ae63ca81ee6ddfc36beeb5f100dba4ce72712,621
ab1b8c97a7fb9eb0d9a8b17dd5a61118f1a3c036,202
ab2a025ad2633e5945f4143b011418cf0afccfe7,46
ab2a42ec6100aef13886254304ac7074c3e3cc5b,10
ab2f56840e26374982200146631cea8557fcfba7,82
ab3085fb01d868ed1015e719fc3e02583c45d8c4,294
ab30c6433d33a2be97d3540916e60dacd5813068,209
ab37a8d1fbf9e30d2cd669ec5bbc52c6d4bda48f,108
ab395bad87199c6dd2718721080987fcf77362cc,259
ab3a9cb01731c2239b2f4f515584d351393a27c6,197
ab3becdcf883ac891df47d4e32fa5fc69a63247f,560
ab3d76d90b0a2040f22d52bd76232225317dc4c7,257
ab3f78a5da8d966d66c3767328fa6ccf408cf413,209
ab42204298ee809656883ba4e60d3f678d8976ba,242
ab44efe9f2f54dc1b21040b7060764a4f167f3a1,706
ab5bbbb7c73d138919a0199d52aeab782adf148c,646
ab5bcb20ec3eff73ad7527c8223f93fb994869b5,655
ab5c415ecf664fcf8952eba27079883f72f63b33,161
ab6bcc9712bdd97f81224873c8b48f933bd4f2ad,202
ab6d4121aeca81cebd18f731b679898abbf16968,276
ab6e3cac7c80dc119901ecd899dfd4e858f6ab81,602
ab720b68d1ae38f4958b9eaf15b3b382e8fc39bc,195
ab75049240eb330732564792b6831d5ef79aad76,21
ab773d6b5255a870ef89d89b926f49d40551a1e9,272
ab793e66df490fd5bfaa19c52c3115775856e404,96
ab7b278b413f46b310bf40063e46a9293f89e294,602
ab857e218373371504a5ecf64d380e5d8a217699,717
ab86557d23a6ca829068db5a11340af63077219f,444
ab86a433031d6c74a2b7d087f4cb65b68fb79a45,282
ab89379af4b7e000085e6d7ed72a91a28511e006,295
ab90e7a9e91b80dcd72609cabf92ab9f51bd3a01,379
ab95f418e2aa65a584efa7b6aadd9dcc75db10b3,202
ab972cd2ba8deffa372cdc6ff04e03d6e53e0eef,390
aba0e7c6b07752bcfc23dfdca6579443de92e5d5,168
aba16aedd45ccf8d2f6bdc46812441a579bacb53,610
aba2cad3ff8a156554c3630e578497ddcea878b0,714
aba4937410c6908f4e6e714d2003947fc61e0000,202
aba8c4c30321602c44de054f4e188665a793740a,148
abaa07eeb01d8ebe8f55ef19ddb25f3e139d6266,32
abbaecf5d2150d95932385786889f31193723539,379
abc84b9f0ad68356e0d3a7f38b99d43deb638060,686
abc8643fc01717fc9d6572be5db3de26dad581d6,279
abd3e3e26a4168e35975f8769f2220b4bbca060e,523
abdc3afaec61426f06ff14cfc136a4ec3355657f,229
abe08f0bba0658f996c77827d8e3a9177dfcddfe,552
abe0df3fdbde2032af011d2ae038ee7fda667e6d,358
abe4a46eefe4ca60c036cfb42b27e80ac8c9379a,470
abe6935d4908166946f2c2e5fd4337533233c753,308
abfc767e2abc05d5a70cee1e47035a82cde345fd,544
abfda58db114314d9fb317aed88f7cbb33aa8e6b,482
ac00bac883d40df1f6be04b766b92d0f278a7180,47
ac04046982f6a2c4cfcc6b564fd01897e576523d,484
ac07b9a5a7c3641327a743a79aadf3b09946ebe5,399
ac0d3faa83658afa38a3c73e4e5c048c9d6064ab,67
ac23e9765812ed2b25316f6448504e3ab3c3a3ce,47
ac26c9cac671d97dab1b9a810767bb14c51ce0e6,202
ac2d38f7ec1e8b17ee8d7a32cb0d64a9c73b09c1,560
ac3027ac5140047cc87d0acc12f028922342043d,351
ac37f2449976cdd1d2544a42b00de014907878ce,482
ac39d8fa2d9f475b4a71abe80a342c7c2ba54082,21
ac3a7dced9529d9350926ba9c1eb83d24683558a,614
ac3c34b908571b82ab1936722c24ccda60e01bd8,539
ac46a2bb16b5ee0479125a58e014f2428129d42a,742
ac4d8bbc22bddea3241bd61831e2611dc8ffe619,677
ac5196b79673a5742e8aab30410cbbca511d6af8,441
ac551594fb7ac1c20af2b381ae6b325d44d1f483,585
ac5a5efe77354219529b768ad60d374e8b0f1eed,59
ac5d6a086c549876528101473fc2419e3940b65f,21
ac635b04dba5a65618e6e2b3d0cb0bd3c2552a7e,202
ac667ca90f5ee2e124a420bc88763197beb24b9c,772
ac6861b63f0fc66bbaf09856aaf9a8d89be4340d,290
ac6a67151fb6841bcb8954bb2e831335b8d6dd23,27
ac71b82eeb0e7b6255fbd1ece73944e46b529651,634
ac74a3f39635ecbbe26563140ad045549f294291,441
ac771c8798e060bf57196f77a8240f463f9b2538,59
ac8370a3864436b0dde6484e36ec240dd9d42dfc,384
ac87d9949e7452ff547a16efd688499ca1710e60,122
ac88344c3dabad8fffdcd7877a92c7d7313057d2,282
ac893b248da6a86cdc9d8b070f05a0e5b4a1739f,439
ac8cf2afeacd9771d656cd17eedc1991fb6e83a9,441
ac8e6643482dd6802caa5c677856e26f2c1ec1b0,464
ac8e6b9beb4b259d2df769b8ad709bbde91024a0,141
ac9220f1c0bac1faa6a2c5305296d33283bb1f23,610
ac93006008a1a257346274f7f6e364677710b816,35
ac9e734e53ac1ae99939f60c68092c9d28fa3dbe,113
aca6abe56f2a3439e897ed6a74d8b45c029397ec,552
aca99c29b82b23f9c86a158bebe1e4c2e954f395,147
acab1b2f89a93bd65a4ec10338884ecca71f738d,482
acae198614451b976a941b472f2a42c9d5944a2e,552
acafb97295c624da0c042a8be953579816ef1b7b,441
acb77839b7c18092c19532fa826727e2eddeb697,441
acbb35afe349db59c92acf6074b81e0091e44052,686
acbc34117b52c4b338a71f1639e4af68ff9ae53d,688
acc8575962b7740f4f2bceb470c47061bfb162a5,35
accbd563c4511fb1cc864a30f3f6b6b2fd20b177,27
acd04bd8eabe33dd84273978f37580c0696ad592,512
ace0086bede26e3008561b0b3d03091f66901bd4,21
ace429ee99543344a171e80efeb389e9b0d33ada,482
acef4dc71dd8bd8b994f47471aca33ab72237f7f,602
acf8352baf06b5d12d743e4c2c5a42b0818fc99a,229
acfdbd6f008a3040c775bc063dd150176dc7c878,141
acffc73d9a0e627e391bbc381f99db347da29920,518
ad042c5efb9fa2f167d53638e7b678e17e5c3bae,482
ad047c2456f8973d5b70834dfc0a408c572ade18,82
ad084c47b5fd15395d53efbb913268f755cd8e09,202
ad0bd175034d158a1b2cca909ff1737bdfe5715e,21
ad0bd2faf72753fe7401991ca96830d821d42c86,128
ad0d96e656d391a91ce5fd240faf0e01cc384f99,663
ad13dd87f251c9c7aaae6ebf77a0d31921285725,657
ad14bde497e1332e0a192d35517aea1e847750f5,709
ad18ed686557f5402c846f3e40311c20f0e11639,162
ad1a347ef66b609c23df1ca0759a9c4c0e90e4e0,219
ad22ba8836d08fb7d8bf5a57875d1bee5be0f299,332
ad24f57825982a6c5db4c96ffdfd39b4eb7f76de,460
ad288c554701f01625e5af00c5dde478bdfc3106,162
ad3038e40f586f3db000004e551346037602ae32,685
ad30f3e1cc597d35e80106142a49b4e78aa96158,202
ad32a9c7dcd78069a99b25d47c0e0a00c5790f5c,379
ad32df59931d4d2ecc81dba1dff2cb5d7afdb789,63
ad355e76ad5b39d3dd19d25d313924469fe4ee50,57
ad35efa1d54c05fe75514e41198603e68200ec6b,692
ad3960403cefba62602f0657cde8d6b69990f0f5,544
ad3b30e2a60550c4f7ebe33ca309e1ca83d98dda,546
ad4a53719d4c5fab9505ce0a5326ea2614304053,202
ad4c4b83e56d37a8095ae2e004a7edd41c02f012,515
ad502edfe23553dc8433cd2a6798919a3ad82f32,148
ad52bdb3e485c0907fc8b8ed74cea25ed5784a91,691
ad54296149d38c9a796403e8c8f6728b38b071c1,482
ad547659955b5e190d6fb6adfc7566aed0a12474,620
ad59286a63aecb90f02494a4625fb9b2838db876,49
ad5d4482de8b5aaa9712e766bcc60e1d1007b06a,523
ad675ba5d2eb4ea9c497abb4f9452e33b88c58d2,389
ad6d56b4201e448970d7d840b2b0d633e68d9aaa,46
ad6d97f983cf8e5648ec2a6106bb2efc4320e104,21
ad731cd3060a573c988d25c376a83f76ee55d715,638
ad7386bbbceaeffd45c28a3df91cac44f6f7f4bb,688
ad74d81b7f07da0af279f99697dde89a7aba382e,588
ad7837aae78324db1749139cd4c14514b3b112d3,156
ad7ba776f5213bc4950464803a170513fd83c2e5,482
ad7c40404122a13fa4b8774d47d02f2315e36c68,70
ad7e0f474e3d0d8645b81866937afa1d48239d4f,21
ad7e486c2f8da3fdcd911d718f64c5c76870141f,648
ad8115463f28fa6866fdb77669b155d13ba83d6d,119
ad839469675bb5158fb5bd1f7689a3f3ce7b1a56,363
ad86a7256cac2c92d3af55fbfd217f5a3251eb2d,237
ad8744597c28dd541d70972ce69e5eb4e4d469d9,54
ad90dfcb730a12dd145ad3aa5af8c6bcee646c6b,608
ad99d0c989055d8083cbe70c225b32587a07d7bc,526
ad9b0e1dfc01524f2e29c6277ff438d0ceefa540,465
ada323ea6d90fd9abd4d397eeba045a61e287673,265
ada3fd43b190c24d55b5b56ab553006f12932d98,128
ada973d1429ce7da76320cd9efc99df20ded6b5b,48
adac26c06a39d26577dfcec0f4c88ce9f7113021,35
adae61a8a313ac24e93d31a8d3061158d07bf952,486
adb0dff5bcd73e1b88325a37cf3f8300ffac83c0,500
adb73f8ae1496cd40f1c30575a9cc7e707ac7b99,134
adb9efdf16b069f83275351313e1688a4897a60e,479
adbb4419e10577c1fa6f93b8fc42efbfc087e5fa,193
adbbf4d05e486e864275230aff63b350805a0d91,87
adbf26639b2840951fbc30d3b94ec5842b4fa24e,553
adbfdb66d7ea832c89be6c0b9a607d70d95f2c01,409
adc1eb5fefa1446cdada9881c53de63d39719e61,45
adcaab9d0ace4d84c6c7c35c47310b9b509a5dc0,168
adcb1c29758110db5135b58c7bee3fe4751e8fe4,720
adcf6ae7c0bdcd1d1a1ca8710b99b0c1efc583cd,202
add443de5b077e11c5288da04ecd0a6afe1b8f93,608
addb5517e78326810536477b9bcbe60617a8d587,396
addd39404ebe9f28f5109031e14fd462346d3205,4
addd8b08f713c460345ebd6ab6e30f2620706f5d,202
ade04e259ad31b3e98f8c3a1d9360519ce27c868,713
ade63fe7b996ffe2c40d78c3f06363f9d6de0601,742
ade71f2862fbbef1f751019127f00b16e514af8d,485
adea187de823a78a074780affeb8031cb777cccf,202
adf44839920a7a23b0f1587b9ee272bb8e40eb75,588
adf646c3b6c9bad8a0c4b6ee681a36c7cfba7017,602
adf8918ebd3248f0a9ab9c5f818adf486632553b,540
adf9b4826cd149c7a5c328df04e1174c337db5bf,326
adfab81691f2705290d9c5a4e42648e3170ec741,580
ae00b4eb36ae1b1e16eb3f08222d7e9ca20322bb,282
ae0b541907e322d59e3dcb71887179a028c1bf4f,49
ae0e42c052e94e937c343499cbc0d84fd9a193f7,705
ae0fb4298fa65406d61a71f0f152a76178fe74da,184
ae177667e7984cd1669b3b9842058479b81c3f98,512
ae1820db0252c83bbf0406ccf108f725b7b3cba9,688
ae1bb4ae937aa12e261c03b3c7df20fa976a46d2,634
ae2466b1dd4baecce62292302037b8bb41912a8a,260
ae24fa7850668d3366735614d0489c56baeff884,688
ae2909dfb45d24bcb0dec7500063f58ef566d1cb,202
ae3add539c154ddc21a994a8ea715efa10f4a8ea,675
ae3d92b949af570c93671f94b2cb93251186efbc,118
ae45a0fc5a3fd641d0c79cfdab1f349fdb423f47,161
ae47ebbff81e6eb0c45422ec17f9a8c95ce50ccf,528
ae4dff82fd4d213b52b8112aa088fb19d084b14b,202
ae50221871ca8c68c140a3ff6c16b442a861f971,46
ae506fef8c5e399be1b2727b27544972054bd8bf,482
ae512104e97dd0c251c60d820b833654f0accb76,754
ae550943f7c4b9f526ca24a7517a792c131129b0,76
ae56bc3b54d8501029bf286a5a546b26d18bd580,551
ae573a59f57ee3c9583f349f9ad223e7d3edbb85,202
ae58b6b151ab1071b72a393f3f35601160bf514d,168
ae58fb49619c8783dd9466c9fad5681c5bb10a07,128
ae5e9e66f13a073127a39259d94a65215b1c0030,717
ae633e742484f03295a9784a32a6e337c1e94f8c,482
ae68015e99287694ee6898830e034d4de99ae18f,281
ae6d9d3b75159dc3f8828b3bb26347b6549e4c5c,202
ae6e85df9a4f0bf25558e38a39b4eb2d6f7b6786,35
ae71b0cad87cfdb0c20f057183de31db44e4921e,677
ae72fafbf8542eb64c246955113e101c5598c4b9,458
ae74cc34aa9bbc638aaa44dedd6fa5988057dd57,523
ae772109515dd895d00dbbb780e1d23eb6c0c557,251
ae7ae431f5d429335f90b54bc6f7d0c35ecf264b,118
ae7be05ff1a12f861c01d62cf41a4720e11b3a36,128
ae7f248e169f58fc7793c7b187a16a91b3d4781d,596
ae81e3e8659abb018426310c49bae5894d4b8b32,446
ae842d38ab419ec3b6abba8bea47157026310bc8,137
ae84b7bba442de09d3746aae7e3fbcc0ac4739f3,56
ae8a3db668a0e3e579b11c33e481b61a230d03f0,576
ae90c14f522625d4df2d68957caf367dbfdb4744,677
ae9111d9ecb42e9412577a5a1564e2c76bc7f676,602
ae916a69d275160ed74cdefa75000aeddde41662,441
ae964d5bea8d0376fed64083d09007abec124cbb,709
ae9afbd1162fdad7d665525afd2c65057b982373,73
ae9e8eb13b26cb585872e20790c0428b153b81cf,152
aea0a530d3b9b6b9ccd4983359bb520a8cb7c529,717
aea1ab2d576a2be21ef7d5d9e2b560e976e0ea31,152
aea588a7c638c645c398cb833927f375c500e41d,547
aea822a2657ee8b2076b0453584f7c5f629a2b7f,78
aeabefa9ff95d2eb56a0525edeabefcdfa7d285d,21
aeb33898f4b6e53d1dc9589d8cf0dd2c556de13e,482
aeb3d7891946bf1ed6332fdd42bb222aa3faf8bb,100
aeb4bf8d990c3719ec2d8e9d7687d3c985d4552b,416
aeb734c55888ca7cc6b8bd46724c76313285e83f,118
aeb7c8b4089515db5c97881aeb4a6dfbc325ab18,101
aebe7a8d534b6f3b23ad0e69ae93f0b11407b53c,202
aebf2aef9a6076fa89e27654a6334fea8ad312a9,137
aed094845d7f767a51f6d322cf70dc24ce27e60d,76
aed1a77c33a8b6665e4df255be338cc5af63fddb,528
aed417e3c64fdfcb881d0a208147d6aa919339c9,655
aed77a59dfa1e3c5af2ed5577252f4d57d896aa1,35
aedd4d2d6c38b05aa73bddd6d88c51c778e755f4,21
aee2c020089b23370eefb23cfea355595ae742df,109
aee8b11ea8d5194287eeadf7f983827ec138d139,128
aee8b1e4077c52874670a2130812c4365a9b2c77,498
aef0aef1d0f59588c3e83d928b61abaf77d653e6,63
aef1fdf8f8a4ada110ed8fa3a34eb371a731da1e,75
aef345a391ac1a31869d26150eacbc180651edfb,372
aefddec3059ea316ead18f0416ee071df576e8d1,35
aefe1f6394e32c851ad25b205c5920b1d0051336,332
aeffdce58a83fdf4842e68f9c5345c13b0e3eb8b,482
af010836705cec78b5da702cc3c9f1e622b988e0,202
af01955a176dc2db4508231e0c0d747ee7ef09a0,241
af077657f6f3d5414b14bdc7ba4112e0e210db02,512
af0adfc0bccc398b887919d4c7d6ab574d81d84b,120
af103e5fbe13e2938af9e9b171d77074f9f5d1b6,576
af11c62740ed47442fe601e7575d4109dfe3501d,63
af195282733757d99fe61faa970ac5b8423c5a13,202
af1a30c0423170442c031cbeab45100e5e5ba687,162
af290aec86270c8773381d4825d80c2c4c8cca17,95
af292959e68ba013d2287e6e924f6dfca6b78798,314
af2b6dc35763637d06171695154a16a8bad385a4,591
af2bd68de219442f72a43d766f06fe39e5e34d50,48
af306c9de95b6440ffb107da5764904481a90cba,27
af363e4e776b1deb0b37aa6dfe9e7264769d054a,75
af3976b123216d0243ee7eeed7684aa24f69855e,604
af39f5664cccd153ec3ec26e162fd486b101010a,692
af3ccd74c57aae5d48125ff30ae3d12ed3c6394c,552
af40d250a062ad6b354bc5d6801f521d1257e662,453
af46fed20e62476a28db21716326cb096ae91d1c,677
af4d5aff69ee34828b3d4b46bdce2c0d8ddd2010,27
af53dd096ceed0b80bafdb737ea1d16a83232858,122
af590fdb1f39e1b25c43a37074dcf6bbd9caa15a,387
af5984aa267054424c82b070a772855f7a5c8b46,713
af5e1e5fd9283edf6f0ce387c591119fe5d4beff,14
af5e9f96ded0863eda9523a71a4783fa4786801d,528
af5ed6faa4387eaa83feb94ecd29019af377e3a6,655
af61cff9a8259242b0cb5bce91b70d9919fa8d31,202
af624a1e288e8c2080d4d04e0f715a7f557b64a6,21
af628ed9af0e293e7b96c91ea4e3db4fa17efa31,21
af686ef61db1a2c8a01d66e2e928e2aebd955f97,613
af6e3d1c9c15dffefac04040d8d2c22da991ab95,544
af71b24d38cabd681cb876fd61cfd6099543daa1,157
af75e1909aad639c50d7bd44502e096624735244,308
af764ec94ed7bf9a4dcd9c430178e7f27cf47967,166
af7822453f75fedca84ec8a4da4da8616652f96e,128
af7bd72b156d0c1651a5db00fe2d0c7f78fbfe9e,11
af7c3c2c601ada4521ff5adf5f2a1b6b2102c90f,479
af8175fed8937c4daea733fa7ae6b864563fd67a,766
af84aefc79c19681adb284479ee431a40fbed8b8,638
af8a572ffef1150607980697e098c0a2b8ae1681,359
af8c86a54baf8bf43eb5091584f20497ed99edd1,554
af8d619ac867ea464bd2fae8dab60149bed8b9f1,503
af8dc559170f7d2383cb44c7adf29482adea89cf,139
af8ff1a9560c12b6a58457bee934cb602e58cfda,498
af91cae3171d78c727cf31cef087a3b4e165ddbc,722
af9272e4b8ac666cb6c3d2c069fbdce45ac1bdbc,677
af95bf1d59c3223d8795a163c9805398bbd8ae0e,379
af970189db6fd5b081c4506fd8dd99d9ae5c8908,553
af97e7c30afe8209fd61740b8ed41d58134fff0d,67
af983c66f794e157441f7f9a249d1db050f1c4da,21
af9b9ef95495ec267644456fdbf3423f52ab4354,21
afa019fbf425354c2d85c42c2509a9757b538372,597
afa726b91cd561f4b8186c28f980eb2d8e791acc,14
afaff63e4aabec4f23237fb4c621afeff0092644,677
afb4c2b982421057aafd7787cbf53a9b6259d22c,717
afb9021732d9f627c6cd33adce415880976ffc82,476
afbb4f617f7c921d923cb6946a41c0d7380dd1f5,72
afc3f8fcb7cf1204ec16c36ab93b0de637db0c63,253
afc5b612b6572095748984d25f024d97afed17a6,21
afc62edb9c7b85a1ba2d5dd3ca4083dfd564b7c5,21
afcaa4ff098f9258a51472465c9effff6cfa7402,482
afde16b987f984cc08c0a237c2d5b2bcad892225,646
afeaf70f4a8279641b096ab684fa8479e9e4eb8e,59
afec14cc43e7afdaf80a8242deb19b68aead7f3e,676
afede40cc1110ac33354e933a67330e19529158b,709
afef521b46137033581fa8690c4570cea4e560bc,42
affbeb830e5fbf777def44a0334757af537204b1,600
b0002eac647ae1601719751c4d46088f788372b9,610
b002a9ec7f28cf6734c75270f9cd35cf7dddcc7c,281
b00a485e36e5315fbfe2cd7c1219dc7a576ce86e,496
b00ac2025fe2dbf11eb82f572b2b6f0e808bcecf,709
b00cf86665d59bd3d52abb220baf77365e579118,498
b00ffd9f10806ca55992e1b097517ac826f48bf6,281
b0151c52920dd2bf20a3705fbfefade2ae92cb12,441
b01db952a47154999c4ce5e81d35cf0df5c98396,379
b03219b29e9755769f31877c800a8eefde4b7a23,332
b0396aec650b7ca09a74938bf091f5d5b36add92,482
b03edc6351e8f89ff55a18d278ebe336e767ac03,67
b04005d0d5f26b2b5320fce879ac9f3e6d7e0b82,657
b04b3f269f329be4bc36d312b0311ac0917de749,4
b052d48c01e8d48af366e1108a35f056c3edf6a7,58
b0538d5f8dfca16bf51755701bf95d4e166c6383,677
b054d8ff38f1d91ac25076d69c43b726b2ff3400,202
b05abecd998c24a3e4242789c1c1a65b66d75343,476
b05c228cf57f9f394591315f6f211b30274a85e8,253
b05ec3464310a82ccc35bd0691d0d090111b580a,196
b066849e2ee360dfa31219167c2c5a6ee3f8cad3,260
b066f19a9197fe12aa18ce83bad5a7fc93243207,441
b068d1fd57a8ec4184dd0774a4f55f5c3344a4aa,758
b06ad2e860b8914efab64e74a3bd7021cb7893f6,21
b06fdc9e59a4735692b5963d4711d3dc2609cc41,21
b072f043236a92d1a08a86f74f3eb6a26547ab66,663
b0a3770036f0095f6d33b9d4720edaa587b1ce21,465
b0a87385a5b6ce070b24b2528af4913542466d8f,560
b0a94487005f52fbcf2a20857db6d7d3f518dce9,539
b0a96fdba6c717c718a8800960e79f5618e72272,503
b0ac7a65e8a4c2692913e796453d449f653e9b46,215
b0b46c5b2ab3af5f6dc082ab3d66806430a40afa,514
b0be70a21500ba13a6bae180915265ece65a1de2,219
b0c124039d493bae97cc5c0fa6c820b42d8d2c3f,202
b0c200d4cc509c7cfe551a86f5ce35d3c43464d0,504
b0c280bdeba25cd4b97b5bebf5ca98eed462922d,559
b0c2a8787d3876dc505483b72d72c16f421794e4,95
b0c6214a93356a5527cfa7640ab61c4129fb51f9,202
b0c77e6e7c745950be7ad2777dd318c893038fcc,634
b0c7a8df9eb3cbb3b286c32aed78e42764b902d3,156
b0c9af26e35a1c6367adec71008224cf01714cb2,646
b0cf8b9485a2bd7c41928225a08c6f7cfb2ca9a3,624
b0d095984ef9ef3e39ac58fdd047ec4486483b48,336
b0d2d1a6a54e8b00e73ea4c51e1ce3f562c5a668,512
b0d61487df87c492d3db95eb58fc9bec0eab60cf,97
b0dae88cfa3af453eb4dce44663d339d8bb7333c,775
b0e0ae3a4b3efa323d9ffbe35960fb65b06d1194,679
b0e3ec615ed47ad37dbb0297f9633073b7604756,168
b0ec656c5b690e4737feb8bfdec46ca5ee613228,409
b0f376f12d02acecc68397fde7ef234b861f26cd,294
b0f3f177c4214c40c2ba1a1e15e0534f39d73f05,202
b0f94a2a6d50e56393691d8368302e38cc109a75,292
b0fbbd5b606b51fa500fadd80ae9a48f53c95096,482
b109a89154b8f9983964da18baea1a57c9091c72,21
b10c6d415d4af59a4c8099ff43dff24a8422b085,441
b10fb8ae101b67ca7589325e8f2948910ccf49bb,229
b1122a0c62cc38ab1b36d556cbb965da26b671d5,202
b1157ab601bb48df1c780b996e2a044f4a7d4cf9,141
b125d96e1e602137ce5f81346738160c828cbc23,688
b12b6d36d358a186d87cdee3cc2588bd230ed418,539
b1334e0074a76b39aa6a0456bac7dfb61c2d1485,390
b1358867a721544b716990a80e0fb3938cf66c10,120
b13fee753f555c363c9fb46058f6bc4ab56a4cd8,96
b1401038dde6306bfd01c0882630e03041dbecec,532
b14197195c4740c498a393fddf8b2bc41817dfc7,68
b1446d99bb4e3dd8730fb71f99d9dbb0c69ad41a,109
b145bc08fe12a9a7607037fabefc88b71e4f94e7,772
b1478b6dd27d9f29083c0ef7f3c5b69b70aefaf0,104
b147da1eee8329d6b4b5f8edf47e62e2d3fbff55,21
b14d9a9d61279a7837550e2da7097ea5ea7f50a8,566
b14fc749f393cf08f548f82fbdac8c448a401877,591
b152c5f968c484bff95ba344854873e85a3969a8,97
b155f659f0305267d26cce15db911ee39f59fdbf,50
b157d3bdf13a7d6c261158f48db470448b068ac9,553
b15971c3acfaeb3d822cfc1f936d0d278896e71c,45
b15b5d3bed7b5681ae872e651e30102c7e45d8aa,136
b15d996c2672f934b8210d165a8d1f21ad8ae963,677
b1639f6131b8ea5a042e403fb9605c59e8bd7269,482
b1642d25099a64744c276b7ad5c02867e00adc35,581
b1662a48e0e3e26148c76e766b9bd8c980e53ef3,202
b168cad1078aa7066c0a377d6a6dc0289babcdd8,47
b16998c0c7278d891ba69e39dae9fb8ab9653747,685
b16a3beffd9f580c92fa40929f47809f1c296b87,657
b16ecc9837b442cd7c2fa98e55270056ef53e0b6,531
b16f1347d1effeba2de955b2fc4a8a45c6ad517c,560
b17b6244cc2779942c38882f20f8c0855080a885,688
b18d92c3ccc4670fb1f5c0e49ddf3f03b7b61b17,210
b18e0785d267dd10403137344571609d3a217b26,459
b18eb73891a0be8f3cff66388c0d7dd82cb67b9c,96
b18ee4fc0f914ff530a54a922973107ceef8b3df,383
b1902a68aaaf3ee1f21831aec4b904f285c85ee6,470
b190ab8a22399220518125d24943db942b199e18,351
b19141d8ef21bfc48c4cba2db8dcfd6e5e7ed84d,482
b19dcb4c7a362f5da11a728ffa16ad4a16e04af8,539
b1a08c67dddf959ade5813cc27b451f46af35967,602
b1a12bd377818abc60a7e40364fbaa0fa478c566,607
b1a1c6cd11e97cbd62a3417b8a4049c302d5c5da,560
b1a9766e2c01df700d52385afdc5e5ef9a8e460d,217
b1a9b25d3fd367b725b3e8133d1604919dffe984,482
b1a9c575a0e922ab3703909efc5f14a708a72c31,449
b1ae6b6c034f7477fc92162380b5e113b897fa48,552
b1b107aa8919579b2406883ed9a51710af0f0fcf,688
b1b3c8778b9a10641fa58e3b43dbfda263b31c2f,226
b1b643bd96ac34eb136b4b025f30eea36ff05434,168
b1b8920d07e17a39d418112d0a21c3e953a595ad,603
b1c34dc8914a1507f9a992440a1ce242e794dd8d,657
b1cb1fe8e9667bc77a8e5bca3e829134923701f3,622
b1cc25654524d414a3acced84332ec2ad0e556d9,650
b1cd421c614b0ac537345aafb626a7c61828df8d,722
b1cfec1a944a0275a7ce9c6a3df451944ded3e4b,409
b1d16d242cfdeeebf21dfd36da0249fadf276228,63
b1dc60b6bb3ad36d19cbc159102d5d64cdefe231,168
b1de48e90d664a3022bb3d8c84bd9042ea4162c2,157
b1e019568b32f9d3b79287f6b887583b78d1cb49,87
b1e09d6cf27d223a4765d312dcc9248f1672ccb9,663
b1f8f2f14df84fc395b8d1d29293779de2ef44a0,453
b1fc7a736b938f537265563d6fb479df87b3d08f,202
b1fdb5118b3f0e025e550ef0cd89254fd2fa3731,752
b200ee2b92ef9285225a44ec5604c3df70db1414,157
b2022dd935ac9d28b066eafb0dd34b87bcf1123b,280
b2029d9b4cd737b75e850bf277e84584b89dfbf8,90
b203abe21d47ade450f3ad197ae0147d9b2e8d62,713
b208422f2420e08b0bd33fdb889a5af8ad38f647,202
b21372a1fbcee09667760fb4ec0d106e43015b67,482
b2156e10caea12044fef4842049f074c3b1b2bed,611
b21865fa78befbdc93ff0a62f768b24ec375b12a,174
b219167ef8500a48ab8f178b538f5b6116f0c95c,295
b21b27fdd2a05e25f93c148e607205b8e14c35d0,482
b22176d2a78555806928c3586849c5317d4be7f7,133
b2220adb0b73a796160c1caca0da1a1de0e430a3,281
b2368dd041e6100f7842227929e530f2a56c9fee,700
b23f693d301324b4bb7d48dc527cf71d9fcaa1dd,241
b240b983791beb47116f34af3dc7e44fb58742af,73
b241a9bad1d51138a7e1b8e029c6b16c26bc9e89,270
b244933c4c20640c27db3bb65450a3955bf943e7,265
b2449437e4e91a7fea2a438ade36390055faa9ff,533
b2457618eeb2254292b59f16d58a9d70b4d3b245,473
b24aaa2f17ec3ddbbb3beb4d7e53925741de5210,446
b24facf7547eb7332d677f60d5a697f3add543d2,314
b256bc3ecbfd8a5cf0120bfaf8edcaacfb089062,21
b26283fa413dea9bba09a01bb897f26d6d149b09,479
b2679ebfe6da56ea44487c042a22f9b573e57ada,120
b26b33b86ea18ab79fd906aec488ab40d3126807,93
b26dfc255cf3f318165ef0b1808699486d394cca,379
b2746039e02c2bbdc167a2fab673bb6d942faf20,141
b27906f6b76638b641799690dd2d0e9f56a1694e,35
b27ef2324dc7219644074d6740d62bf7ebf14be9,409
b2848583097ba77772f4045ee989270a1dcc9886,470
b286c535f5d3b8d961071684479940f0fc063f33,24
b28e6bdf386a116df34e809aae352349442d34c4,82
b28f49c1af7f3d43e1b653bf1eab39030a44396d,282
b2969d84e30e5b4ffc1bfe54b07f8d35c288aea2,145
b2987a2a1230d7a7ef2334177d4bca6587d5667c,687
b299d50b0734ce5013db15ea3249e48667716c22,421
b29af3ee97eea6ab87b787d32dec776f66bb30c5,552
b2a1575176e4efaf44fb29b058132a8bdf498510,97
b2a56449fb63913e35b91a0c3f83ba1045900842,219
b2aa09a26638fd2f9a2aaea6ded28e071548d941,54
b2ac58a5424e0df8eff9e571c5968d0a4f83541a,441
b2b1f6b4ef9d8a4626c7b9bbd1d83103eb6922de,482
b2b6c37e00ad26ab9e81c9d3f74e0bb347dfcad1,85
b2b7e4576bf9e16739ce975dbd731d16037b1ff2,68
b2b8525db6ead80f37e7706597e629f3d4b0d555,21
b2bb631f5fdae92395f0d3dbbcc1f4fd07932c90,513
b2bced5517a2cf4779d55beba4dc0c8746a9c139,482
b2bd44d17d7e58a30ee9ef5abd93a831cf703f6e,21
b2c2a21a794a4f4e7511a338714f580fd4762d4f,597
b2c73ad841ae78056fddcf38049968d4d82d1d9b,514
b2c893f38efc05554750ad470774f3c6a44a1332,646
b2cdf1435186d4b6608c1ae221dd0efa0ef5ce00,202
b2cedac2e268ac8d761ee754b365571a325b116c,44
b2d4c2662b10e12b2558d6776762421e89d81f71,441
b2de56a7c34b909f44f30ba5bdbeccc669ad9e79,157
b2e00f5bcd0e4ad048654f0953ef0ec9f8e564d1,290
b2e1df95800481f11df8cd65a801d1528de963f0,679
b2e26445b5b4120a8638e6cc721ea827dc6324af,7
b2e9f6c6024ab0650ea8a8edf2a385168b156239,655
b2f33671288890b0d95a13ab4022a656d5d0bdb1,700
b2f8823c31c15f714687216e21b2133df4080053,603
b2f8d326d4a50d62c94017c56c6059046204d9ed,707
b2f92321ba0eb6d35c82e97e1fcf641211186169,286
b30196c8d4ec78ac46b89b5b06e18968830bffbf,202
b30b824ff6ff162954710726592909b26d378ac3,280
b30f10b994149c6206f2e1b403ddf3a3df327c6d,100
b31511b4a82121c82d9e6543cc8a1cab6e63e571,553
b3200c3b60ca8a4bce2b657806eb2e31ad80b824,602
b3220bbd79b10e12f8acde7d9d7fa739b9f35de8,139
b326fd7e59fe8e1810f9c8a5fefbe729435a56e1,95
b327845d353955dcf67d86173ed0071ec87e0f8b,602
b327964092518d814193ecc748b0c62ee8b70afd,118
b328644d8d483fbda8939d721ab1e746224f79c9,21
b3306db36725a8e7afa8370923dcf235aabe19ed,9
b332ea7666453a6c508eefc0b64ebf5e8bbc9861,348
b33352d3dccafce17eac6bbbf62d4ecd41a5c5fb,17
b33484b2c4606d5e3d820039cb87bccfc15431af,482
b336e3e141c9119ea5bb33c2d83525362de70143,603
b33a92b1ce990980d2496c0337f99c7971d80ecd,135
b34b0b2776469e2865705cbc9544801da5a03e84,728
b34e38a2576857b066739a3aec26947a3d5cb70c,646
b34ef333597d28b4bad760fd2853e1c815b0d617,342
b355ed07847f480ea01421b7a1ae1346ef7d9646,685
b3563e1fda89696786cd0919ffa8efb5c1ef6e40,709
b35651fd6d61e30802cde5fd4dab95b37b9a0af0,503
b35ad7e7a1ab74fba3fa9fde15e327dc4c80c22d,136
b364d12be8c9f335299d9443565d4e09f5b654bc,550
b367fa2026b65b8475a050fe80f91ee4151eebc6,574
b3692b28c4fccea1e8acdf5aae989cbe65f65345,26
b36dc49d0ace0a55b36a1c46846dd0a887f47f74,46
b370e534ced16dde81a6da59060acd8bdb6a7714,139
b37337ed47426a6d3217f033f1dbbf7a21cb9848,482
b3760f1b1d770a394bc00e11544ab7a4074045b9,336
b37c1a7549e0bb11f670df1ec94a4d7e97b71667,677
b380fa91c3616dc91cc2a8b7414b2f3f353b2fb9,21
b3866735d2a04ba0e039123875d4a607d6d93ef1,379
b38702b62ad827a2df9b3bb6cc1bb682236fa0c5,503
b38be39041905930664479260cf487c963f407db,479
b390fbdc2863f0da70fcfafffb2d4a4a8d2c126e,21
b391fd7644de82c6104f2f7aa8e36296b734ca2f,709
b392b53da84c6510d1f13b1959e89406275f7c71,675
b394fba2a894b9be16c6d9c5548080aec7a1f321,202
b3997996c1238271a3365990fadb55664565f091,21
b39ee5df452326cf86239abe987ed9c0f8384e5e,485
b39fcf83a1d4b6291395c3c23613b3f9f82c2aa6,139
b3a11838784f26250b7f6422d705be3a6c2fe955,237
b3a12c0ee1bb56ebcbffd2723a49ea61b75fcf77,677
b3a3403d5e77d01cef7549b5d35fed719e64a8ce,202
b3a737d903fa32159222076691cc13d845117d22,441
b3aade94e1f3eb0c73d1bcee0f31c0a2e6fedae7,441
b3ab2eda902a06958c495fff22f9ca111302826d,202
b3ac585db96907505581d252608cf9b139f86032,677
b3ae9437c67016ad485236cfd465509285656cb5,522
b3afd9a9d77e8059ac04e446ff8d07586630d736,154
b3b017c59ce981ad5409e9b3288de6679cfb49ba,46
b3b7b7f0872ed6ba14e19575ad56db37bd82b15f,202
b3b9f6b8e1ec9c258563b7c2c582343fefe0a3d0,67
b3bce54c4f80075adef46f7146504d31ae4bf9cd,202
b3c241dbd838ee45aaa38c9a7e6389bfe6cfa721,482
b3cc7b34fb63a9b4e2aad6e782e57cee0c01646c,713
b3cfdd35dc87dd7d04f154a31bc93f352d12862a,751
b3d225df9f6d4d9497017411f9b66ca6ea68428b,21
b3d4bb15995162f70435305614b8a03bd8ea93e5,510
b3d59f245f27cd091049862505c2eabf13f279a5,244
b3d603677f97ee680d9bdf0bb13b3e27533d4b86,584
b3d8c05a8f0233caf74af3e4e96f42e6d040d295,4
b3deb059c6b9e4596860b5ba345ec13199619e4b,576
b3e52a8d95a2f8591381083eee73194d5d2ac051,709
b3f51b2b4274853ff22e04a945aa9dbd0ff6c37a,128
b3f84b3fd1af0021a6c11a7e22e2093f1e27fa9a,721
b3fe89ad9ba79ce07626ef1a01a8e1278d2dcb40,512
b400d80f31c5b29e1a255edb6a6c7d5ae631cdd7,181
b4025762c8a35c0f2c621c758ca00a90dd81bd31,441
b40448657c9bdcc3d0f3b2b725bdca1ba894e604,703
b4093dd93439a9128110f09d1e980a776ffa52df,184
b40deba204d0edd27cdeb0da8c21328e667cbe7b,87
b4108182df5216c6368c7fc588e27c72185fecb7,775
b411e77321755340b7a1d6b75a45ca7dcbba2a91,481
b4162e6f25dfbd504ac492cfd1935fbebb1fed8e,124
b418f077e2951889fd7a688a51b1d51330256f9a,202
b41d8201e9dc7f770550305eb3e36c45672351f8,677
b4228a869493bf2487ab43870fcc610673c017fb,713
b422d80bd0e1a477671d1529b527832304b6127f,221
b4268ba263c7f6ec149743bab724ce9dfc5cea37,21
b428507c6b7ce13eb27bccb3a17fe3b8273a4e63,552
b4286fd59377d00feb764d2a356a513916f09c9b,208
b430b012b6962d973a20e592274a65914aa7aa16,544
b433ca67dc0d14b0ad5da9f4563690735b1a7a57,677
b4361110758e290df5dace54886dace840623d2d,170
b43730180fd941cbe7c8da9e5f404450fea75dfc,79
b43aff83438bd933b4ebb331764d19b0da82aaf9,273
b43cb91137cdb794ee1296931dcdc8fdad6caa02,677
b43eba9f517ee47e06bde32114b0900284d44a27,237
b4406169e588e38bd3602bbf87646d395a6949d4,168
b446f7b611b5340040c8001046d0dcd75a62c314,202
b4492ecfe998c0855740944fd107d8288c5fbc9e,316
b44a6daedeb1d01b071e5e4563f9323a57e5dc47,482
b44d4deb1f11e784936a558fbe59f7ea24517163,21
b451da330aef630f0b40643817e7072fba0859be,779
b4526c1676a05494be2ea549e792b08b13551698,47
b4588fe31f16124de93ad33e333b413dc0744b22,202
b45dfd7428905f0ec15a742d20ef3acbc4f5febf,441
b45fb92c5aa383545e364d40759c5af59b700f00,146
b464d9bc258009c6f3892e9e9400e62ba3a56e36,677
b465d2f80e26b1364273ca09ac18c0390630a1fd,479
b465e13f3dc7a12f11e5bbd142b86bddcf2cf233,78
b4689c8c77ba97a81b87865c564ebeb2e378c6ca,119
b46bf00e300de1ac072bd8921a6145f0fb88a6a1,544
b470fe98364b1db8bfe7c6b05f7af883808681d2,711
b47bc3f198018ffe380338ddf522a5024b93c90d,389
b47e8b289a535477563fc3f3adeda9d33e7c735b,330
b48039f27a4aad0a77a2319e15d57d20cae8dcba,560
b481ad4e69f199a4fdbda0cb40959d328c2b5f08,634
b48b7a236b608ac5300b2e0a6f350e2738010d22,498
b490f19cf304fd2740680afd0316b194ac840b16,332
b495c3ebb0e0aa54b83c6185a81420a77c7e570e,60
b499a72f49cd9a5e4814260b7198ee6218c66149,21
b49cea9a30d07955349ff03f5cb34eb3efa89bea,638
b49f637fa78963fcb4c1b8c37c9f4a33ee1e9191,758
b49fe08d735be052571c248f7f2666f93d2e5963,677
b4a068f66922812785c5fbb1196833b0ec76735e,623
b4a2b1761892aefc2101bbee00c643de5cc873ef,168
b4a6b3a21549e5848dfe3a283be1d832bdabf156,21
b4ab8293c8d05db3cf3d28295c3bf4aa831c37aa,45
b4ae704fb3c6fdd86c59552ee51fd019e9baaa4f,544
b4af58e264201d5f34792a9e144c23ec08cf0f55,498
b4afefed8dd8abf196006aeecbed414eb599c42f,443
b4b0bc1d1f09c6b97ef7f3d8cedd30ecb586149a,4
b4bf9d3e4ed80e1955b7b1f3aa6a5e01f1f0182c,54
b4bfb144a222ba5a1093c29fb4ce567c56f8bef4,539
b4c0b132d81443e6799fd384c69b6411dcfd1daf,552
b4c8db0ec649f111eca8b8b788de8e4498722e22,202
b4ca8eeed89a8d5da2158553b15551406c08530f,743
b4cbbd7d7c2f272222be1d0d50a7d51bf93eda7d,482
b4d03b517ffc186f3859be6669061140bee29557,202
b4d28e8845977d4dd7863f021f4ae047a7e91ca0,677
b4d297c8c89da9a7c12feaaf346f93793e7a1c1b,688
b4d378675e34a017e85d7b816d7713630defb232,217
b4da2bb3cd423d86ae6219e7ef996baa8438ff3e,657
b4e762dd941194528477f8c9f418727a44733c2d,436
b4ea123fae2024519dded6496259fb6fc77456fd,485
b4f36de228a2a15b662bd287da60e39be1268ffd,491
b4f766c95782686f67d9ebad6e324012267d26f4,202
b4f7f5df987481ffbde6720fd7054622c40094d0,364
b4fab0a289e4f776675663f648729b2d8965a321,260
b50423545bddc146715ae820a7595fc72f2a3a20,235
b5076872d1a2f1843cac3f90bf63f5876350b71c,688
b515370404e127c9c8aa87962cd23799400a8e12,119
b5153ab96683a65d79104538f74943ce754d8ea2,441
b51ed8bf4916d4c5a637857a6ac1e207b9dd11a4,479
b52140ec72bf38783960756edaa1cd8302905001,688
b522e2dc7faf7165fcbe6d5ab37e55d363ab63d3,761
b52488b807a89242ca93eeea45d448a0296a9e55,441
b52ca60d9257a25ecc14bc80b85322aa037b3b41,565
b5336d6a846615e9e5f21da6b1c79ee9c65ce4e0,78
b534f360322403497fb1a20b408fca702b530578,179
b53515f56b76082c837843fd4aeffb9e58475c20,416
b53672dc39c91039f60d98d193b95fb9cbc4e045,273
b53b1a331dcb7d8f6559fe777b55fbc043d4d6c8,396
b53e264e5d641d809772e6284e655e5efd48ee52,379
b53f884792da74195b208ca7e5e2a9b040f96dc0,688
b544ee4ec87c7646ed188f65f64339dcdb61c645,379
b54fe0490de5831e7aa9464af062dec1170dca08,46
b552ad6fb1faf427d6cacabb1488ef00de066e2b,344
b5531f4a0bbf1f38a9246b99059769df47dbd376,552
b553769ad8bedb8a968af18952a592b8101f3ca0,613
b560c9670268ef31457673dda43cef8949572030,91
b560c99c47311a1595566f8a722bb37a27325785,202
b56366e8c3959891b1116418e89739a9ce42ca92,90
b56bb7feaaf3c0235b29cfe319de67eb114dcce3,243
b573f6ca22dd90fd8697788b597796da77165638,202
b57ea8ecc187575afbbe3bba0adcbc34e4510ede,688
b58a4ea51af899532523ae01dc268a5b19512904,657
b58c122a88956692c55ed402a4c51c048647df3e,692
b58c4f2182e423b0d3179f33b9c3915500a22957,662
b590f709c2d399db40f2048ca21d348cb8e95b41,202
b5933df9b82e691203dc1ccac5306f40984c1cbf,696
b5975273099832bb39e977af76d2d73f4c7af5c2,50
b59dd0825e6bd3d4c2fccaea5b154e1b8b779177,698
b5a2af7aecf9a44f9ec7db9666cc412922e8675a,139
b5a7f05ac1bfc4bfa33b3b9ee3b6a200f9fcca43,550
b5aaf356ee303ea8e4937e1d23fe55e8eaf0597d,141
b5abc632f653fabc960d7c7dac7bbba1f57ef2a9,118
b5adeee349fd8e0b7aa865e9abf6abc7e28ddaec,552
b5ae6d4c3229356918007068fbfad86454b7c4ed,202
b5b1b826ef11989b3ee0ddb67abcb5f736ff2f34,602
b5b2d9c2650c73e4b59ea450a457ad2e5cb811a2,524
b5b3006b2dda09b00ff179a9fe17d906b2d34f3c,21
b5b808e2fe4393d3ade9b8947638c6b7d323c19f,332
b5b8dce811d32a68158ff3718d354cba299ca732,559
b5bacfa41dedf7b7d3bd2c57ef89152d66e77fbf,100
b5bbb8eb71eabd9c7295549c3876911f0c9496c0,273
b5c41c33107399ee2293bfd059968bd760530cd3,544
b5c8fa0975f20f31f1d50075a97e08c8f6ae160e,735
b5cb9e36ccbb242625cc96a4f319c6cd458e441a,482
b5cd25f7834314883fa23b29b9a8bdbae1b85bef,132
b5cd9371b60dfe6a6a4f18fb565de1847508b332,552
b5d873348e7a3373096cb6f2044fed63e894f6d9,377
b5d93569fc0d373151d5d47ae38e5dc5a8092577,550
b5dd03a56db24158858d39aa5c666104bd59ce1a,443
b5def4b93dcf106429d4db61ba19562674a007c3,133
b5df1102885f29e2d06f2f1efd098ffe391b485b,655
b5df9122277ce023e22ef66c33eca83f06d82a84,251
b5e624e8192a8a03f91e23d8c95c25c3a117b54c,282
b5e7c817dbaa320368f8e326ceebc0bf9aea790c,45
b5eb4ad5f6aabded9b7372169e36f99f3d18ad9f,600
b5ee2017bfc89aaea341c84c1d5adf0004801ee4,637
b5eec413c80699197447c65f48e9cf103acdf41a,216
b5efd38696c647873eb3e27d318e97fe8bf4bbc8,154
b5efe86bb1775b53097549156d09ba96474a7429,260
b6000514f66392b752c73e8e0316827741cf2f00,485
b60050e85ccb9a086f8521a91863810a812975f8,677
b604f54f744e10c6e3d510b7c24ca4fa97576a3c,518
b60a959ff4e692a07b5d8bd194ab0e9ce9c7dbb5,145
b60e6158240dfd67587bce54e9d9d9722643b7a5,756
b613e5c85942459bd92adb77bb5c37cf63cdd556,704
b620a044e8f50602bbe7f93c52285bee5a7b91c6,21
b62161adfacb115d42960896d22fa534fae0913b,602
b62489595ecaab6662a7b4cdadb96f741e5e2442,202
b62980c3d903c9a76f6397161a2fcfc8091dea1a,120
b62b69d588443aaffef5ba5e34e7f1ba28844620,563
b63d54db4542dcc5d63b4c4647e7b55f705b42c5,202
b63faab3aa39aa724b6ce2143217b375a30015c6,576
b63fff373364ac5a35c976bb290fe590cbd8f019,47
b643b811c5625f6bb5573fc8efb383930eb07d3a,482
b646e41636d3aa2fb42b4b3f0181cd8942760415,634
b649eaf7c7a6a941cfc9670d69c358366c235898,122
b649faa1d1e33f98174cf114ff2328cc505502ad,230
b655fc7258c51aaba8e37bbcd3b10e57ef4a11be,202
b658712051c39c42f5a7ba60d09a9ba2688d8de3,709
b65c4330c54b682a638fc502aac03ac522bf1dc9,202
b65cc843db6841edf82e08767db4426d7a2cd817,79
b661e3bc9729c59f71e669c45729603117e2eafc,179
b6624b7b6a960096d5864ba7159912665d9d906d,33
b671ccb834222154cae659e9e781743962699cab,482
b675d7697489acc3fc070fd9fbeb5dcfba82e242,709
b677f2e54ce6ea1043f4acb38f57cdb4ada93669,559
b6784868b2fd1a07c82b2698c8aee70a6e91efcc,554
b67a8c8875e873876064291cbe7f47f9820c7f27,749
b67eac158ee607a4b4e857876fe9be54f0fdb8a0,139
b6812a383241412a6aea71e4f58d5f92aca80d09,21
b681f365d79857f3da26835fe50824533369903a,473
b685fe6147b670a4c3cf4da28f05945aceec2356,344
b6881e71d746c3af83312e528b3f20ec1b215d84,202
b68bafb093a627fc7f31f69eef4b9757c2735ea3,104
b68ffe39c686f7cc9cdfc966f43443c231da86b0,21
b6939b27987fd416201bfceb96c57c5485684f38,90
b6958cade09baf5e1702cdd69339527ed9647d1e,545
b695ef191573364c84c536c300f26ae3877bf93f,223
b69b4751e616ea39ffae68343d8805b87d743d43,506
b69d93ab2ae7011e51f9cb74f90aa9f5d5984f48,131
b69db647c4e44b8d0acdb93023a57776576109b6,21
b69f00c1c6227fad7c0d78df183baaf318c6f2ed,691
b6a0ff7b44d07685f5b25e7f00d414084d485b82,122
b6a7d3e79775426274e0d5741b045fa920594630,379
b6a80e475b638489d7b4d62c8bdf209958975ba7,482
b6ad2f444aa69e2a46b650e46ff5a284b56d5b28,512
b6ae1f3bcb774fc19dc9be575a1e2daf5938bade,429
b6aeab883c484bfab36379c743e7c0f8b00d3d3a,59
b6b80179e6405483ced70b1f667e29e9e82f0d47,202
b6ba82f9777293da64ebc14aa873f1a2a0273d76,76
b6bdbec0b8eaa238bf46c4ada3079d3aff178f79,713
b6c2e449c7db3cf58ecd7fe10df56300711a7623,498
b6cd28024b67ab4664860c84672b52c7b4f562ea,148
b6d6ee84c7812849206c788cb355921c79c5d32b,628
b6dda69ed4bf9cd95489a350fac695b37ba08c55,441
b6e027d21c54852d9fea998c42f765672d998c1c,79
b6e4aff16b9326009cba9f5d41747796a81f5507,119
b6e9b7064f1ef8ba71826c0d3025788ff6db05d9,749
b6ee90df9e6cd2f797abe43cc3426964283e48fb,766
b6ef35e3b89a2345d35fdba1ef6e2e133c2b64bd,182
b6f1c7041760085493913ae014be88aa8f5eb4eb,560
b6f3e6b326bfdf63562121641bb93f97d342f2b1,482
b6fe33f262ef1621bad6170467ed137c5b78e61a,148
b6ff1cf6c652ce682917186b29628b560a2397a8,688
b70781dafa039594ef607b4154c40518a05111a5,379
b709ad8547d32f6a25fc0553c6567fbe10af8c93,168
b72263947291a70c5beaa36b3c36721f8d754977,21
b728b01ce994d7cc0018d02a8a1a09292fe82607,631
b729035ce154aa8eb5e6efcdf3c8b430a5b772b6,21
b7369cb90543b460036374376ab153e15b9e2f09,345
b7369cf9a2cddb1ee1fac137663b7015ee9fe3ff,713
b73e146aba5033ed4054680f5b7d2084bf411d1c,687
b7410b410a9298073c76f7a8748ad6bee3696615,482
b7483c6a04a21e487e50e0ed40443f12543dc7b4,382
b74bfa00c375982284f61e43a9503f50ceb33afc,330
b74e968e9bed56c2c3519d99f1f13cfb498cbe44,717
b7522cab8f5f975b600143db386c908339302a04,638
b752709dcd64d5be9dad272cfab1ef643756abfe,202
b75600e38a57672e2d9d507a70ded981bc7a6d2c,254
b757324067d18347ff7478c0c7acd28cfd6060ac,482
b75a1f3aa0e31be94af9f7e50f69e4f51c0d65bf,59
b75da71152e7e5c167de19f1ca5ab6662acfa8bc,228
b75f570eb8cdb1a95ccfad9f9ae252b9f1f3f6aa,681
b760fb5c85ddaae05244a0a399ef91291ec640b8,202
b7647373006a001fe8fdfd8ec71673bb4b6fe701,552
b7677ed7ce4c34b4edd4e252faafc432ebf5644d,21
b77012c0c943882b90f9884444cd6378d30b4011,512
b7718edeac3e8a7e57dc6ed61ca2e6569843a3b3,698
b77439cd75580c5552ae94247ecf65e7b990361f,432
b7764354036dc3482b11f7b6c7fb91127e2aac61,676
b77a86fbd47fdc15c8c1c5bfc1181d5dab93a068,119
b77c3fea0a02081c94cdef2757bbf7d180ed4467,60
b783844c12b6b58cf65d89522c281438eb9be44e,657
b78626bc644d17cc1ca97fcac078f7cb6d0004bc,503
b7882e56f4f7afee4ba32aa0807d08dae6bdb567,17
b789ad53920e597dc4f9e787ee0835d48e3145b2,79
b789b65fd514cdc7b5a09ca7a81efebc62948e34,482
b793fd3a8f9b3bae282299fb1b5534368eae1982,180
b798a9b5bc4c59404694a3e2f3358b9e8545c419,335
b79d6ff6db680261ff82d71e74824600a8bc3e04,526
b79e982405bad2024fe12fead914fcc87f05c01a,331
b79fbd0564f1425eaadc04f0de4e229beb13ac14,565
b7a2b1402d85a2a827e78cdd114cc5c19153537f,482
b7a57bddd0a50cfeec8d71a39a91ec183ccdf063,82
b7ac2c2544161191c2f0b0660cefba0f4b6214d2,80
b7b08ebf26806cf1c04166ae7e1a16ee84cdf876,677
b7b34a619056cb245657b9876a494280c9464498,659
b7b8bf4ce3674d2f3b84bc810727fa52f5e32890,491
b7c25d113d4074c0d72b43a1d32d6fe8403b433f,314
b7c7b2895d20c6b915e4a07ed7d52257559935e7,82
b7d431fd38466a395631809dcd526171e1d7728d,546
b7d4dda6db11e563ad99ef241215e6fdbb5f5071,41
b7ddb8be0d457e42d0774b6551a14cc0099fe418,46
b7e9567e0134b918efbf5f63054f51bff5d46784,202
b7e99994a867c9b49fe2b584f5ad73db600d43e7,21
b7e9ca69b5d0a523bc7cef105c0f25c5db0ef02a,228
b7f25774f34255947001ace9e38d6e06ef053a78,290
b7fb21bfddd6ceeea70e44185b5e4fa6d7a47311,562
b7fd882ee44b581a01a7a6c6c5a727bef950d6a9,379
b8006bd1c421ac8a89e87a5e1cf133e232a4db07,273
b8026f132e1716be264b26b452dd051b41184a0c,21
b80348cc8e96c8724ed36e6f6c6d67a93d13411c,655
b809188e36d47d261635ccc8c7686a52911873af,128
b80afdc698bd1e13d81bb81c7147459d9b990889,482
b8160249e5f8b8d3af3375b7a3e0b373ae618355,535
b8178ab7a3186db3ca32240cb9d8a5433b9a0ec8,567
b8193f9737b5df6b77225896165f3e7f044b5c8d,21
b81d06afbc038313f8f9341dba977a9efb3c16dc,679
b81efc9b8412a83903bc4a1acd28ca5c01e5c858,234
b8212f6b5f0cd534672dc966c9423ce7d3e30b5b,21
b8253714de95ea6cfa4a5c936a53c90da5e6dac2,692
b82b71e39a8a106f86c3e57ee8c5ded18f7bcf5f,692
b82bb52be7b8c74de7ebbd6b47456ea41b401eb0,157
b82d2b390381e98252a8705a3fbb0508a1313971,409
b82db847e7e1fbc1c708f69948709a2131a985ac,234
b833565662472c2db794a35ec94b64b6ae65bbe6,202
b834602ccc6058cc1c19660ed4e35cd9006127be,775
b83541d76224164a320833c0ddf74aa5b0b4e0b4,421
b8358bbb27d5b3f74d9718deaa8033e385e44c90,21
b83b7554312a982147fed1a28b189372fdcf4247,21
b83d37d217db7dc1afa9f6b84c1c1099c2674bf0,512
b83fa47eccc014483dfefd298a9ff644a10ddc9d,584
b8492ed5926fe354a2f6c80ebb83b94374f5e04b,21
b84c4be0971fff3b8ccd1e6be418053ec61abe8e,775
b85259acd1a78b613250018ede79307e4da19436,611
b8564fabb4405e9a4f91ac8120552269d6419f68,27
b856cecdb0d3a96a46dbafdf765afb3d1c7d283e,596
b8674572259a3aba4e8c93eeb1069bdecdbe4bdf,677
b869ce7384a801f9515ded4c220e63dc3467ab3f,379
b870ccbd8bf58225f6e317b069b22bc427b1d5f6,677
b87823366d30cc4f3c6e84415ebb59f9123b7266,264
b887269026f0907bf18c9ebe7a931f07546be4a6,82
b88a436d4e90f0b065310b709970ce4c202aa996,82
b88ab815a8710e8e3574ad8c16e31980c05f23f3,47
b88f6b32ca7022c39669d92e2d8019c825f0ea9e,257
b89dfba9e2e4abdd2a49cf8402cd8b2c28999866,124
b89f3191b7c04aaf6db145eca2d8e9bfd289d4d2,379
b8a533a55d46ea6555b38174834013e08d1f4d62,482
b8ac1fa1c2b525450909001774ffafaf3eb99bac,255
b8afe9ca6be3c9790c8420f744cd4ee65ada6674,550
b8b0b66092362af02811ff91e6472101d7718e8c,498
b8bad445b1b887394740919da8a39286eeca59d2,21
b8bc7971fb146c03e95942b063e3810ea94be860,128
b8c4644bddedecbe8146f591c5443f472005ab8c,257
b8cd66bbc5485331ec11c26429c060ccf9fce2bb,617
b8d0dee2725b35da1849ec250848a921ec37dfa4,553
b8d61585a7b9a31e5a7dbe425e0d79cbb070f518,168
b8db02e60ad5a6505491f79469181ecec8d531cd,241
b8e2fef1417e9f808795178484d99e68d44f7bfa,515
b8e51e5d212c967912ec62443ba6c17b5da74eee,237
b8e6389c927cb4c04e1d4b74c4b615085e7dbb60,552
b8e77160ad0117b42bd7b03264ed3b5911afd421,535
b8e7e4361720f0d10204140a813b30e4fb1ab2ab,498
b8eb7d71126698d3bccddd0191913b415b72d156,631
b8ed122773bcf991a3dc16bef3dcfa4c6595bf83,453
b8ee5f976b21b455e972a8a89918818fe55bc69d,409
b8f1cb28636e5bdcf25d7289a024aff4b127a97a,237
b8f47491b9ad166f2ffaec0442921c1829580404,17
b8f4941042f406daa864fa81685176c468a36230,21
b8faac8101ab6636dae849cd959b49fa91cd2d7a,202
b900c6862d910a991d5d94a8f408bf3c6aaeff76,141
b902dbb24038c9854626af75409bf896c2faf5db,87
b904333a49af29c32be6b18de634e0f178f9ffcf,585
b905b60982222068db4a9b09d9b1c4c1d76fcebc,717
b90a4acadc2c8895996c847ff7b5bae398cc9066,82
b90a624efedc785a3dc2eebde2e58d3eb08714fb,21
b90f9802f660077501fe8dd33144e12070492baa,655
b914a5e38318be7b5702dd56eec630fd47ecd80c,282
b9203381a211101ba93c5a4c4b669d481efa2717,3
b920acaddbef1cc0a477ab5ddd15a5e896f38930,223
b922141e5db14223bb9771b99eddabdb0dc1fed9,720
b9224ca17ffa2ecd2b2669608ff9581cf9ccb0cf,21
b92612732b6cf06cabe44c64638116b8345cf689,418
b9267697eded3ecb156b14358f1bbefbc01e57b5,769
b92b5af36160a3c8d3b12a9c83b42903f5b51ed9,623
b92dc32af804e5e512dc46938de861d554084adb,482
b92e4f8b764731f41a3e7b7946c82f09a7de8865,237
b93130606940cfe418e77c947ac39ec7351eba6a,677
b9356bea16c77f5266fa1a84ef73c78688a8ef0d,482
b936efa1f9ca5602f926f3be40d167f21c55e45b,219
b93aea9d93f4755807b6b9db52a372a94e21760c,101
b93bcf0b66928b908676a923c435f7f5c63a9d55,139
b940c4d5765f6547cf6324ecec65891f4dd7f120,226
b94a0aca8de7ba6f2c2ab0639402e48348e4705e,672
b9519202af568e63a0596cc68d5ddd1421c31516,332
b96233e9120048e7cdfe17357d99db1060ba366e,631
b969c3effa5719e4054e12e97b8bdb6ba5d604ee,202
b96fa7356963d08e402d529c1dea12495f918f66,514
b971a0d838405e7b592f631185563441e928dd36,91
b9790b940a911085b3ed5b0bf3ab43d4aed4d91b,341
b97ccbffeec2f4a5b78ce85397165e8cfbc3bf9b,162
b97d759ea11a7bdcbe374f84ea9698b27c580fef,550
b97df724e2be4d44f0e87f7e8f41a793ec3c528a,217
b9825cbf2a64e3bad67e7a7ef354f9e763f4e84d,646
b984079a832a492a5d6aacd390665f33a93de716,441
b9873bbf00cbe6fb5b410206d9ac15f27908a999,692
b98f5358b0af190b5cd7847156d78a41131f2854,755
b99176969cc0329c05149e48298e5b595736a654,21
b9921828228be1e5ee73a82d93e2482d955369f5,21
b997c84f7d894c57bbae9ec8bdda52a1c0c96128,260
b99cd383e1a8e864c14213d2704eb2bb1bdec0e2,25
b99f67a721941217d7cc5d469fd7991bc4a6be60,700
b9a19aa9b5e02a1a11bee755f2584760276b27cd,202
b9a22e43b038cf06a725c567c33b0462dd45c645,202
b9a29319d1fd3e85f5403ab8f4dc17fae57bef38,602
b9a60bc544f5d50c8805b4738041973d4bc159c3,120
b9adc8a195404297a33548e4680817e4d6d09c01,140
b9ade8ec9ce40aef8b7bfef53482b35451101fa8,129
b9af11be22892180f69861a9b31bc857a6fa8376,56
b9b982fe0a42def85c7befc14c676f7324143fa2,576
b9bafccb5e11dca2e8cc0ca541c22a6822a4226b,87
b9bd9e275aa10656b5f1621fadac7c357f7359ae,503
b9bfaf6f5e1c019b6986ba9ba2e7bd10d48be224,603
b9c05fea0179f48d4ddb82ce1c9b09380c92e9ee,41
b9c23d62dea17e6cd626c3c3acafc7de773ef79c,482
b9d0b07d7f44b6c449688746c0f04cf8ddf41592,35
b9d5fe0d6c7de86e24db2fc1f817d9fa45a82335,202
b9d7eadec5ea9a9bc00bcaff05f3ede58ffd1360,226
b9d85b69db620fff5cc471a6ae51c94dbf667d19,49
b9ddb66bf6bb0f23fff9dfe686b24134fcbf808b,503
b9e15f7f7525dfeb2f1f1b5a354bf8fe32fb2cee,204
b9e613461d85f004381e944ca4234c9c15f5d177,237
b9ebb01ca30ce20472aafe82c2fb2971955fd37e,202
b9ec96fa1fec2aa4a23fa5808f6f08607c42e2fb,512
b9ecc68b5d353315ba829a4c8965bd8232dfb375,482
b9ecdaf2224722db66a7daa37d429472e6256f82,404
b9f28d855168ddce80fe772c0392b67bef5448b2,768
b9f4a6fd483b1697b866ac6cd982de4ff9ec8162,99
b9fb88b66293e0ebf8ae37751dadb08d9a060ffb,235
b9fb944f2fe1700b5c93dfdc7756a4a69a839ece,295
b9fbf514ac5e7415f83423ad853c3e6927182913,257
b9ffaa6dc7595a582d0aa926d2146f7e2969c80f,545
ba074f0d39fb8863b013101eea1406d0af70011a,226
ba07c3a0fbeec529866ec99c533ba44a7df66489,505
ba0a8c7a9b24a680a1ecf4f5d8058519fb735994,101
ba0b3a6f9f21b74a8bc465d5c609d101ae430179,491
ba0d6c7d9e288c55062739d7b409c4978d86a7c1,141
ba1845ec8d44115780531ec51ac892c58ded567c,585
ba19dae5a095df99ee71f8cf552c9185b00f22b3,441
ba19f7b4d175e16055cbd29759c08e790998ed06,460
ba1a87625382dd11b33b607e38e55ddb617a52c6,202
ba1fe0b5f6d4591465ebd6f7b4220ae2e1a74934,332
ba21aad51885883bc5e57ebec01b7c5aafe29e41,21
ba244e9e1f27f73509e02c8709d588acb71bd5a5,202
ba2b41db56179ab8c413db828d4d19b1858ea044,739
ba2e2e2dea26315691c10cb4cbbd7e467ac9cc07,49
ba33fbc92cc57d55b0d5f23c07cc0aaead5d948f,21
ba33fc93c4f2c3643ee832bb795b43cc3f369734,679
ba34f8eae46ce39714bafe16e5f719c48c709410,709
ba3b17a56bf367efc6523785e206a939e411be39,512
ba43487c3a3a85732ea89dcb4f13715b330db868,60
ba4475d12fcdd6ef4ed9e8cd5fa5e8edd949c2a6,70
ba4777037e1215ccdd5b0b8e01b01d5e1d034ccf,572
ba502a8809a0e7f2f22ec45c98fc12532fbf819f,717
ba528a37ab1657e172ba18ed28d147bb7791945c,413
ba581dc89842397eae245d46bf5e85b4d4327cd6,36
ba58e925a12ba74c569777a4a97b39a5e9dd8b0a,314
ba5d45d559d64f74330bed67c3cd4c9fd922e79d,4
ba5ecb453e507955635367ec8ab6ea42fafdf2a8,119
ba605774798a6d435294e127f26dda03d1480ae7,709
ba62c9aefc736e3524d2789f23d8d37d8ac2ec14,754
ba675abb1cd5a277e7ab3589adbdcba7319d2a8d,61
ba68bf36721e386b0b49dc5fcaf3c3a930b55d3c,637
ba705eb30af55c3c620ccdc0be234269ad995590,252
ba72658b1927bdb88a50f49b49ae266f009464e7,576
ba7bc26caacd43c5f77344069c128e935645d18f,482
ba7d515883d17c2aab8497fbdfc01cecb4db5e3e,139
ba7e6a59051d87b9ef439f53c0135a16f80bf58d,698
ba7e94cb0639beeed6ba16df28994d6a88287b0f,147
ba8096ad7bbf5d6d122e75d6f2b68b69058fd054,544
ba8bb2d0345ae0405b9023651deb0df9e3159a53,21
ba8e4f0a05b75ff222e538694959b50e97ca75a5,202
ba93e7ebd3884413f62af79908ccb9e91215f7d0,677
ba976413a2c0048332821869f1a0780dcbd661fc,554
baa02aacc21f9ef9f6cb1aec13561a897956bc66,21
baa34aa2516bfbaf7d1cf4e2c9c296c1e70327d7,690
baaef532f86524246567b289b575e4b12f31c1e0,178
bab609bd3e8f6bd734adf5133ca7029cb09a9fcf,49
bac07c35eaa1cc1afee9fc64f4572afa995ebf09,168
bac3f5670d89b0f05e54cb4997a125dc0a3816fe,709
bacb21b63f11e3d469be370edc07a51cfdfe57c3,441
bae8898e4a5a3636dc373fe2242e8ee516b738e3,158
bae8c86a6afb7f101a6c176f4e037a554aced140,506
bae946fabfd2aa2d23b7c9facbba41f983866b10,229
baeff026e9bfb6bac185dfbf140349062d36e96e,488
bafd130ac358f5ac877ecee49b42fa07eeb339f8,675
bafd34606ecc1ae5dabed3eb09ed886c4e743540,679
bb0a747b7233e451d3b22d0717a6b8414c1dafc8,100
bb0bd3d711c71125150da6935b42b3b68d3f2876,21
bb0db214f974fc6db3ba51b93da26de1826db43d,500
bb0f18c9f5e43843fa41e3a44dfab93ef22f9204,214
bb11d0aa99ae98050d815c425a4f5556be46659f,21
bb134f8c9b5e915dab4d47da2e98fb34cf779983,655
bb16407fe757c8deeebd41dafa26adb4c9c06ecf,227
bb1840965ecddbd9a0c391bb8a4e343d1cce1e70,655
bb197e319f079d148e5c48766d8a07808bfee345,168
bb1b08494f404cbf5da29311386beb79741a8f72,101
bb20e2d1c172d03a1379a2d8a27d18bf468655e7,677
bb26d022d2c3f02752ba2dfd12e3d426dddc6ea0,485
bb29adc9481ba8f1676815632378af45780506cc,566
bb2b331cc78e53fefcece344763b62476481f141,622
bb2d986ec97931e3469b8661a2bf9427a92aa37d,535
bb2f3e0ec9f9d78954c4320a1a16159327eb306c,46
bb32a11c8b1933db5f335d727e48531200001c88,517
bb38b4ca295bfb85072c1ae75b1b0a830fe1f90c,202
bb3bf696e6e180ab2b30b4bdc57bbe6fd331f0e7,504
bb45d752dbbc48fc3ba76e8538ecc0c7aaae6a1e,42
bb4fef702f7c14bebcb1a359e979a516aa62747b,677
bb536c39cbbfaab56d14ec4bfad518e5b409cf45,655
bb53a8256036d9e07d62945eed12f9770ccd5316,213
bb5469da6b0e7ad5b30fd09fe81a669220d54e05,566
bb588c5d156382071edd3cd8d0532aff647df113,631
bb59010b478c7bf6a214bda0587b74b4c5fe61fe,297
bb5b7e751e35ac08134890b9a1300ff99cf2cde7,441
bb6c230d9a156e75f46ed8d7ec0c0c219a1f3a4e,690
bb7769f4860aa5b57f5322c83842de6bb646fe61,202
bb77e5293d1d8ffd0921307e3b79156b582816de,202
bb7d616ee311adc7bf9d19e749caa2663344d872,4
bb849c54c437ebb5ffe516098fee3f1cae7294f3,21
bb86b70cc77ed88f794b27a118b5344ccb449ed2,202
bb881005cbb66b1a6c735c5bb34d34cb4157d3b1,482
bb887fcaeaf65ad1962711d17b82dda863bd88db,603
bb8ca0b08d99e003fa3cd7890856d102b9cf1b03,539
bb93a36a496b4dcf83d4810d7bb771290f712da5,503
bb94128782f906969207051236c5056a013ee4ed,330
bb94fe22483d200357fac77cdf16f9d512b832f9,49
bb9599747fbbced039842577cd7dd991c25c37cd,552
bb97cc8cb6463601c368160e17e36fe5a5255f4a,120
bb99a82fcc060dce653c016fc7d402f0afa1dc86,785
bb9cb08788e53d892bf56c1aaf9c6dda9a18ffc6,482
bba7926f6e6b3a89d72ef68a4badf596a15afd5a,479
bba8674f0c515fcf4e8f230261c20edf10597bf0,148
bbaf0ef899efbb23347e603328838c290fbb8fd5,503
bbbbd2df5dd5c6ae0fc3dc7e438f0dbfa1ea3a80,47
bbbec80118a79c1bca241e0774c856f1ee3e5252,610
bbc11bd66ed7e310240ecdde2c40cd96137542aa,677
bbc1bff412c60cde31ba6f7d2705d5a54f98430f,565
bbcba4859ca280f0cce873da3f6fc4aeaecfcd5d,544
bbd781012517d2928882903686fb9d510d293193,141
bbd8d3f412ec14d5146bcccaf0042ebd374ed9f5,552
bbdbc06f96a85bf9ded9877cdcc7044657c761f4,21
bbe1c542f7c1a56320de3b7d9420e27b56fc22cd,700
bbe669497dd193e90d9e679fbc83a31c72634155,100
bbeefede51cec83cd7f3d1445615f176c3a7388f,86
bbf18bb4090f0d666cbfd73799fc7a46feb0e030,463
bbfcc54cd597e7219b6d800039958089dd9f8e72,677
bbfd037832582ca91955aa665d544b65e97be214,692
bbffca8e3599f769f9c5b2b6c2dc3251a45eb34f,524
bc01228ad9ee6151c828ef56a96fd27959cf9218,679
bc031c38d7bd8b0a64e4b2f293c953e80afb8373,585
bc03471c2a4443f8eab206a9d25ab0b362c758f7,525
bc053ebde0341323c97ba39be08865242987152d,618
bc12db146b0db54f0547090921964de7f25b0c21,482
bc141fe6d3da7df820a02e996c1706af36609101,252
bc1aa86a90bdb351ad2ba02a185107933c5dbac6,21
bc1e9d9edf54c01ca7217c99678bc677aa623f9d,197
bc246182033f9a49f07a12f0025b9a9b44036be6,503
bc24a01792993270c16d6b09a011207060f26d95,643
bc255048c845eddbe1a5dd1e08b65092cb025997,591
bc2ae3dedac3350ca41d87aa364a1e6fd83b5a4d,97
bc2f0914d6ea555384cb7cc53b0e9ac62fed0b8d,90
bc2fb7c81aae68ca7b1683d232462c5f3b78c347,677
bc37e865c31dff3f52d5a01121ed6ab341f94440,643
bc38087435c164327c3f3a93d9d3b607252fb155,136
bc4154e04920c165964ea84f301efa9d25a500c5,308
bc4499ad08a2de1bc9976c3d94db077b964ededa,119
bc4501fbf14a39c8f43fd35c9eda6362aedf53c2,552
bc4647877f4da7478ea78d4953775232960167e9,441
bc4a828b7a3571722e53f21794fc822d81eec6c6,82
bc503b47e9063c4d8c4d0c861e53a2e9e6588464,276
bc5481839d5a1afe5eec21e5ee6ba4075201e130,441
bc5b47057041e35845242a2a8d1aa5ab23aba979,279
bc622a09a879ad967c75ed2fdd69dd9a36ff201e,202
bc67cd05bd552ce6fec93f83d4f42a3b3cce14f7,162
bc681eeea22cc61101e16bf9643d07964ca6a469,21
bc6aef297b541c604646bb9f54e8b87709110213,453
bc6ddc7665cfd1c949a79fb364243943eff7437a,482
bc72ba4ab63db35985f7b39a2c60148310a0163a,523
bc7437e27684a2457d9745c9f0d1f4139677e3d5,35
bc790e99ab2eb3ce6a6131316d6107a7b5a9bf00,643
bc7af7af20f3ef002d27b48e87d0c474c21d06ea,675
bc7dc523c8052c1be56efe85df6489c530389418,96
bc7f15436589df30aabd6cac0cc86178aa189597,689
bc81d02213e00246257dea28cffb526e4b89d541,572
bc82deee5dc4258f58fb584dc6be62da5922821f,78
bc83e5b8275402190425e7b3447f4f45ae9799a5,379
bc846390af3f7211ceb3b5c654931e10e327147a,270
bc85e94eb12156f746be859d58b5bc1a2e07a016,225
bc8f286d330485156c62079fa0e172261933007f,128
bc920720ee2d748855208a2c8e1d2addbdec96d6,45
bc956925dce4b80e8e3b5654a68c049404884c63,709
bc97b1cffcaea3969afae336ed89399f700b245f,381
bca2f3caf213265a108c593334f39d0cc5448797,621
bca7f4e748aaf958d278dd74e3c504875c1a5c90,733
bcacdef1e642173bedf37ca2ae50d15d7f165d78,40
bcbbdad15db06b1bc729e632826c2a5fd9f3eee8,639
bcc18ab2360f3c1cea362d91c0199927616f7bd9,571
bcc5ebb297e09b761f63fcd6e739c3f8593aad9a,236
bcc757fa044ae1cc363a3b75cf32370ba4b7fc92,443
bcc9d265f7820c38d6d58e5d6e77e639453ff1ce,544
bccca8674a78b90598e15b33bfc4f5275e60b351,21
bccd2820e0aa67f98e62339705c1ccab50a5a27b,709
bcd0e37027a2d88632d29ae2dcb7940b3f45d880,621
bcd6a96f5b729729dde7e452b087ab47b9cb1a15,512
bcd9c6ac17e0f506d75bc665792108d23712bfe8,179
bcdbafcd241d28b2a9cc0af2c051434c8bd395b6,13
bcdc88bb7150e38ed673ff59d7a266587869028b,93
bcdf7f554b8ea96c2d96f62238eb1b917a83403e,217
bce7b0003d4affa25aba5257fe75d0d257f171b5,375
bcebf08fbe19f16624b792087f29315f1257dc5f,452
bcec9920a1fdbfe5cc3fec72279d1b85f0908418,552
bcedf172f745008d3e07e40c55ebcd2b69b330d6,73
bcf02476b31b0353e636f61e1279229300b1dbc5,524
bcf164e7a860b45ed424557bc7b330f484c39db6,482
bcf257026673ccce8429820a66e4d22f9d8765ed,146
bcf4e06b413d9c8fcfff1599b4b0cf8e3bd4c55b,21
bcf56cd18d2c35ef342fd2658e4caa3eccfbf310,21
bcfab58e52bd2c4e17859ec37e9e480ce7d3bbe8,355
bcff698af3b2b87d89ad26f0c8a6f1b9a6b9a360,100
bd05261ad209f6e8ac7bbbe3b84d56cad19a87ec,720
bd0927c96f7f589a71213c547ea6092740e5b0bf,560
bd099b8b8634e5f0f4f53ddde133e5d77ce2db00,379
bd0a1b3345a0d6f9644ab3c21a37432cce3af20f,101
bd0ea7560d33cdd924a8fadae110af8ed7b61e6a,482
bd0f8d963b2380d33f25bf4a88d02a8c8e6da208,452
bd1113f649a4248dff9a715c7b8e649c717b364e,713
bd127f989871de310f3a27949ac420d676439ab3,202
bd1367774d66a4216a6ed1561c68894cac9119b4,202
bd15fc5e560be0fe10eca55aaa6052c76515e51f,523
bd18644931c729c6194dbf624c3c9cf3e32f6344,503
bd1b60634ea2dfd124dc76a0b1b61d55bd9e3c9a,557
bd1eb70c5cfd28ec43bb6de8115856997b8988f7,251
bd212fb71794c8d2bc1031359fbc1c1c2c5b0d4e,608
bd220ea01bc80d96e13d401f2e0c8ca946c16d1f,470
bd2512ba87db50cbe173c0138eb23c12411d361e,677
bd2a8715043e4c81e63106b8a61aa58a9467e67e,553
bd2d92f4306a886f3a523ccae72c586831c0da0e,202
bd307ef6f44ec0fb0412e3c53fff52f32b3ed52c,48
bd322f89eba7266f3ba731d1e64219b0669baf04,552
bd35556fa394d3764e355311efe40de345fefb03,688
bd3663919571a2858af37a528635b3dda31a3e0c,21
bd3a024b796789e467614230be03fef4e1c9f65d,591
bd3a703ad0fadd0b1b84abb11d1d95afeaac8938,545
bd3bc3b685d53d8c161b526676cc609219bbd2d3,742
bd4691af6766674f95fbcf9fd7f182b50199a6e8,580
bd4930a1a298c5a47eccaa2e2af2f0f13a5db510,21
bd4ba9a7b45715dd628f52610a4fd51154ce02d4,470
bd4ef4378d33a362b3b7bee6bff99ff3214585d5,610
bd5150525d92f127085be383272809b9052147d2,623
bd540428f12a07715ed254b6dc6bc532111eaaf6,202
bd54f0c1533949c3d70c189d5782955cb4c04a19,482
bd554ef78762bfaf2d3a4c9ecb458c3a17cfed03,729
bd5f890d50f03e2585c573e36666890e96330c17,327
bd60af2d4e3d19370813f737d325b38ffcd46085,606
bd689f8d02770777edc0c6f86745bdb2532cbbca,226
bd6cb056353eb57af3dced56db9e8d296e1e06c0,550
bd6d48046d7ffc112e484a97641f58a3ed52489b,634
bd77f1fc85dc0ef1d2799f9d1705a27500e93006,228
bd7865c960b66a5b50a7f1320dbd68eb3e3d7658,677
bd7b2fe3c4796afd34d4fb69bc89c292ba47f6d5,477
bd7f480ca60db995f743e3c65b24a24f1871a5a1,719
bd810d0468cdc4fd52d3167046a095d8efcb05a7,717
bd88475e73281a80d01984c689fe3903d5316955,197
bd8870650803b11f5b735077004b7408386f195a,202
bd8a086143e1fb335dbb4cbc7c58dcd2871b6280,243
bd94b887193874850355fb2ead91b5f643a685b9,281
bd990b12ff6016c80fb9c7a156710f9525838d33,452
bda1204ae5f28d65764978808daa45393aa0d032,623
bda303badb2db93821076bfa7640a4a17489a8e2,574
bda60aa162ad0e92b6d11d36feb13c2ba3254571,202
bda6b0622c9929846bd4c3bd20b4fd4b7ed892fa,643
bdacb4e22cb7b9b88220f38ce18a951b1211a10c,692
bdb2cdaf00898313f745158b578d1f2ad7c7e38d,620
bdb68e7f717f3c6aa27a15f48a67621497b4ac23,513
bdb7e628852eb7dd1e3e49e713325140d3a36182,47
bdba13583cc6e99f8ede700fb3b7f8022ebf781d,555
bdd323e340b942e09f11dfecf1d36567a340346e,202
bdd896e626032d99e39d7271a628dbc389902e06,96
bdd9fa1fe0edde90255b8b8dedea869dad47ab56,332
bddea1b557f4f7b54300c9c14373c4bedfad2c4a,21
bddee572f8fc95b8470e6cb784b123f5442b810d,482
bde5d34e61d4aa502710ab3e94c16cfa2206e165,728
bdea453e8daa320af942c4a69432e30c7cd08d33,344
bdeb965acc9508c79a81cf360728aaa8ce15c350,168
bdf34b85eb7e3b74befa5e84c0922824db6d08b6,87
bdfbb04ea1218980a67b7a58d5891179bb63047b,101
be054e47f3a2fc6d24d20264765fea59115aaf06,116
be0d2f1241d4c520054eeaa82caf70479d09b2c0,482
be104b1fdc9cb09b3fdde22ec35ddcc3c4c2dc62,21
be14d222adbe54b57a1744e7ede4a42363fce4c9,23
be1b9c49b2d60b25d147df30291fc21d77fd0d49,692
be1c47a6113edd2af4386fb5f9ca94d1ba931d32,202
be1c7527892f04eaf2b3a2fce1c996497b00b03c,501
be1d8a813c422bb8bec5acb95ce70bac8d9b1918,68
be1d9dea04bf6a920bd688a299dc59c890a4176e,709
be1ea0ead71b02c0dc1c55c273d02611f1d2f4cb,544
be287709ebafe8051ae129af605023cd7b55d2a2,97
be2b1c3151a34cdf6145ef07b0e7c232172bea72,282
be2f96d381cfdb4a86a9e34e5419cb3e0ed21677,73
be35bdce837d5936c130da14d0ab139513df3d8a,21
be41b818ef00f65bf9b3565a51c9062ee41c2eee,251
be43170c544cec2cb7b2829fbda735224c16ce55,770
be4b4dd4c3b88f6caa94467db7377a1d5e811c87,77
be500eba7baa0d1aadf54bbd77ce3cfe5b804cd1,202
be5312b3aad628997380bcc7308b81fde6c3e7b9,496
be531de09a3fb9cb4ff7bbd4268a7d39bb06fe0f,615
be5d0feabebc6e1ea41ab913cad38be4f6a6e5e6,677
be5eb2c7ae6b56af5aceec9f5f6a9c07b8f2f20a,602
be61fb6fcf1cec509222893105b12e86af42c9ef,170
be66d0c524acb11e342db8e39962d9c1880531e9,17
be67fb280c5ede8b39f119d1867f287ae0c431fe,280
be6985bcc69fa93e70076501582cccb1eec2842a,688
be70100b7d131151f7ade99520c7ca8d92b16ace,17
be727acbf92e259ac2d3db0fadbd86e960edb3f3,552
be7415a43d5496885e37107a1eda2f9b176552d2,21
be757426684d4f95116ba84587917bb5d7f56512,90
be758fe2ad5120545d833f10566801a06577354f,553
be75f8ff8ced46df889bab0ec0a1742c101c6fee,21
be7a368e5b135d5f681431bdf974c6b70fb21f29,482
be7cec6ff0315f5200047f78717a87bc49c01b36,47
be8252a9d793da0d9857852537d05f92de6cfcf3,224
be83f78cca1da31d96c0d9b42aeaf25a25d941cb,739
be85c813a92af0e0d57f64e3df714b2b5e2eb372,65
be94c1bb49b129db2db10b66aa8d23a4b6151ad3,378
be99cee41c557441f84b485b86071b918e262ea3,539
be9b7917a58633925414ddd8cffe1e702a47fd50,600
bea764819536bd7aa1f541a445ef61e229ee76e8,560
beae093e0805aca6d4ec6c74a1ccde873b2dec5d,102
beb1377bf01345f23b7634ee5066b5df76f73352,692
beb601918273dd0803787cb09c8917f4352d564d,404
beb8d781845ed1d5861585476021f6403643e7cc,583
bebaee59d268bb3df565f209309e99420a3dbedf,627
bebddb1ad8ecf5cb20d8a97a2e209797a1e3d6b0,560
becc998fcf4c0182f3fa6dcc0836f89270833036,585
bed0747810a59fb392164e589ed4585d8a87d23f,75
bed2f1098f125c4c2689cf3325bce6f73de5f422,278
bed6e069ced3e10ed9c26d3e3b7340cc521461b0,282
bed905dddf95999ef501eae016decf0ec5d64e50,409
bede65e9f7adf15892800e7d77530d42203ef7fb,688
bedf5eb8452fa112aa029df49ea681e477921706,686
bef2786e479e5b3b4a42b12d60dbb3f37291b3cc,21
bef5a1d96389d1ee38b403684ef7cad72238e905,588
befc7538f76dbd5829fe0d325daafdc2061228aa,21
bf00ae32518627c3408142fcb5c487810c3df959,270
bf00d044ab253a75bc62ad1c93785158ed9aabd3,491
bf1750d42162017e32860c24c59493ef0a2a8002,271
bf17a240814507389c2eb74674c8d05745d54e3c,713
bf2307e38d622667ba184536844fdb2dc7480e94,139
bf289bf6c7f407336e818afce73d173b59841f3a,482
bf2a5975e3c7e145c1e541a63ff4a91daae7c43f,567
bf2eab1189db9114b41c76290e04393b9a038136,73
bf31292a1ea1d6f02e1924decf211f9124bf0fc7,528
bf32174ba957dbe9f06fd95043dce7c8afb8df93,655
bf32a72437f887220bd1413cea21cdcfa60ff710,21
bf3919f9593685327f0ce7d6fd79f0beb29d252f,261
bf42c4464ec4aa42028cae84fe09775d6551e0a1,482
bf432b8ee58cd1064997fbaee9767f7eb0de23cc,332
bf472a745d3499bad6d2de26ca4120ab88263cd1,33
bf48f8e165df59fd4a30f3afd5d5ce6e9e8d6908,441
bf4e8f68cc6ef4ed314eb10de0305a401fceab7c,235
bf514bb6d78b7120c8d91006c97daa2aa08c498f,308
bf51d721d651d40a71cdbba5a775d73883ed31cd,546
bf5214959ac32afea14f6b100b9fd5d28ad1e467,580
bf5fa64c53abd79e2f18a51223a9aec7450b60bf,655
bf67d7b2decc5dcc37d55e4453c1fe7d575f02ab,690
bf6e7cd6ec37cab90ca84a82322b2ded3c99ba27,202
bf72bd437e1d106fc417a486ef65ecb58e7c25bb,237
bf7b89c1fac7524657aad72d2fd92dc695816eb9,225
bf7c34c8e7e5a4d8a8a7a428ded779289de6d138,688
bf84f45f8db24ac58ee94980ac9631fb21fb8776,202
bf8c8773de0b7f6ebdf5461480523c70932b672a,421
bf9197969ca61e520780265b224ce0e9b050bb9f,485
bf963e3eb8ea03094f561e334e9ccdd0d9a9b48c,692
bf99b7556b131b17b31d629c56b9c67cb319ffb3,332
bfa3d21e7d93ca906a85957b0056532a52905dec,441
bfa46806b2d6c1e9281be6537de7f2fdf7c7ac09,484
bfa5e46a1651dfab8415335a606b146067a83331,202
bfa68aa42ae46e18919dba02c685579567db7f66,409
bfb177ac1f15652e3dcdbb7eb97c0f1abcf39fa4,49
bfb1af09ec5ddc8f99153ce8e20bfb9586911da0,510
bfc213b73b82a525bfd10ac0400edc5c24b4fb1f,202
bfc45871027c8e6b4dc208945d965123e91bbf17,774
bfc4ea48510b6dd0107d262ef72dae49671b330c,134
bfc648684378dc8fe8e6b36e0d16c460f884c085,64
bfc79cf06262c66ea0133cabb1306e3582805bc1,13
bfcab5846d624729dc9356f396bbbc3692b0f3c8,594
bfcf6cc9ef7bfa3a7c9fe65b4d7c430cdfb9e1fd,27
bfd22777cae52f903d599e44976a2fc69d6f4b3b,720
bfd7eccd100e8141b419ce291a2f742cf8be4164,473
bfdd4f4cd4fa994f1ac1ff6548b2da07857d4666,202
bfde111105c8d594673b46b3f1d54963bccff647,111
bfe0b5a2a7bdd428b56650a25fddcdbe10566836,253
bfe1fb92de10faa991bde9ed9f6d00af2bc1dccf,465
bfe734c1dc9e4efe9d46777ca23c84a183165356,656
bfec72cff80e8f79b09c0c2dd67846d053f535cd,754
bfed371e33344a7f83016816c23c0e607d42eadf,687
bff546ff9aaa176b5829e39c806c9a7762838102,677
bff665691690cdf0ea788952296f1b11c1d711db,679
bff78b46eb638918f958305a5d7c6ccbafa3218d,202
c001dc17090d2a3bfdcdf8d7591fcd745a0c7b61,202
c00a060ce0a5a02a21e9926d440c4569e2784df6,21
c00d8896ec74084b558d99c15dcf79b5197af90b,714
c00dbb2f11da80bc957e1c005ed9d929914120b7,47
c00ec4b49ff4ed33c38d6f76f72c75f872d8cfae,161
c0177129240b656c814165264d2a684ab90cf95a,742
c021d09619b68e00878685f0667896683622407c,342
c021ea04abab54f5d6a8988dd8a88804a139a1dd,544
c02a92ce6c1f6cc7e55418ba48339ec0cf5439f4,552
c02c2c7cfdf974878bfc5e4afae49034a5e36136,482
c02f240e3cccc5d844a7c28a804745281bde3929,202
c02f93339e6ca2bf7e14aa06ab876acc612eef20,140
c0323685d4e52c8222808c873bcf35077e917ec2,675
c03e670c0c1f824a1c8fbcfe2dc389b219a20007,21
c046c43b47ec8cecc7fe20411051a93d6adf5257,462
c049d08ffc367eeb7a843c9d81f58351afe5b11e,552
c050b320ee099d62393ec87b83aa0e57e69f7fcf,101
c0528afd74de49bc7c6aa86871c97e48caca788c,45
c053200b2f0bf7276612c65af6456369703a41cf,512
c055b329f2811098c7db522c632ff72d7a2e1687,168
c058ffb5b04d2eabfca8ca1067963a8fee52a611,560
c05a2dcb48ce1974cc2b3211891edd26cde7eb73,491
c0688043a7a5b1d53415b9128c7845b27cc70c74,722
c06abc318e78392468658b50d7d97a847b2fdbdb,421
c06b409bdebffc5720fb00632ca00a67db7e1c94,217
c06fa532372d5e42ff411f273f70d0bc4f46102f,487
c06fde5a0d6374030ab30c118289f2ddf48b4bd0,45
c0716d7f4287ad92b12705f0ddbce3ec2c1b5489,585
c076365e287f13d6acb4012b0e099fa3ff4bf334,524
c0789e5b4fde75e57462b71637f8ccb606a85890,576
c0791345c4089309a5581022be034281e33aa143,252
c07a83f8f1e1efe5b341ca2c70ae948fb0f10955,241
c07bd3d76d4276e0f32c34aca8cac69780495d53,21
c07ce7fba1c7c4ad6d4f10d181c6f22761ac7185,611
c0818ab5e4a48c39e2b30027d2a9dea29a7fa97f,580
c083d28ff1afb90e4cbb18f8ef12f3af9f20d29b,223
c0840d0679e410786ca7a75dec5fb2bdce144738,482
c0860a3a491acb86b0dce731d278db4e29c09e6e,443
c09014123b3a87d86a096ce4c787932a0491c80a,202
c0904ebcbd64c12de194224415f8f19d45bf2715,677
c097b0132c99ce45ac0b946a2d8eb4b64da635aa,49
c09bbb6b1a580740ff8850d34febe301f12bb5a5,70
c09f75685430615c834e06e237f0517d41ddcfc0,688
c09fb224c9cd44d0aaad71d4f6b2ce5be0249749,513
c0a068d2e865ebe03425f8c8db22c5a8c8d38b93,479
c0a1e6dfc4fe2a7e96f7c4df281f9fca3bffb1cb,498
c0a855497a0598190dc38241b88e0a51521c8ee1,482
c0b08e08a3adfa31d7eec5fe91bad8434093ca32,21
c0b4324895916d4607343a12ff2e4a1e6c07a20e,525
c0b7c077d4ee5f35fc16a0a997e3103fb3b71fc6,147
c0bd245c3219389c630acbcc8f5991e6d699d81a,284
c0c1f024769ffc16e87deba7c3eaf935ea327534,141
c0cc85e62ea6ded04bdb9c873b6decb4f96c803b,56
c0d169cc651dccb129bbc7dc69e5258f9fced3f5,21
c0d49cf43beca197dd4bf342f9e969a67327a2ae,63
c0d4d9579fc73e4c4c1c3b0eb41825969f68b6af,441
c0d68695556f211f5054e73125e06c7adac276c8,482
c0d8a28e25243e15d6b62929bda6f5fee1913807,688
c0ec44c62e2496bb233b3c66316782e1acc5d3af,713
c0f0037dd86ef89ed3054179a0a105c5d9e38ecd,230
c0f7d10d2b92e3c00057b7ec82ec6aa9611b8e16,546
c0f9549816efe995d7a7ff29a63a2ac4e11ee0bf,45
c0fa1047438abe1d49b4a4d0deb25c31e1e9063d,59
c0fb1121405b99c91439d212483e0a0244df247b,712
c10056c5252d496cb8cca2cab1bb4c4e39bc34d6,503
c101fa2f99ce830724d574f73a13ba42dde1636e,351
c102038a85660bdbd9d2debd058c8bc1eb52b800,1
c104ab32616e467602eaa398d84cb1a076721fb1,223
c104f8207cf7f609f46acfe608ab7ccbe9665bf2,443
c10752b5f2a69641529a20f37c607ea6bea477c7,677
c10799bfff44305ce01765be2ae316fd9f23e764,441
c1098196991949d239801129304c8ee78da59a0e,441
c109fb957b8fbc14da337870bb9721f03afe670d,76
c114b71c5e03afb147d576732fcf955e3927bf37,250
c116f1e5a12c876c5459e8c398e839303e7d38a3,379
c12174d06d5ab7999c44d4cc3330e6a298fd293e,655
c12ba649e5140a639c30ec6129077904123cbd7e,175
c12cbc7b21c295ff1c9cbabcd24d74846ad4db55,677
c134b65e54f6c024e2af95e30f97485ced1944ff,97
c137674f0b2b3268c5e642bd7fe82ffbe538535d,585
c13893c58fb166f6fba16aa7f50e460e0b12e71e,567
c1401e27ac352b7ef7547e70c491126e04db52d6,21
c142e750dc34c0e00cd35ca9c9f330d74684b217,4
c14baff2de8c861492063fab160316155bf4fd30,560
c15228e0f8b786b6cac816badd77c0b20156c9d2,682
c15954e83cadbd69b4e82eb443562201d564f9e7,489
c15a32b2103310cc405425f642ba80dafd82c150,460
c15d637316cb9a58679455dc296deb820b42727b,45
c161e56b9a3c9dde76c5ed66dd77e4f560190f31,537
c16a8ade2d0df7f8f77f24ed8a3d79adc7477723,713
c1726386c5207777f0f2569b2ebffae94f651f77,682
c174d0770472f5fe21ba55a3277c3b9fecac4f4c,595
c17553cb0306e6a453590439e77416c567c5184d,535
c17a92394e0118291d83e143904b2656215bf60d,46
c181694fc29aadf8dd8a055cc2efbf8bdbfdacc3,239
c1831eb99c06db22063ddb880c0958af371c9b63,84
c18801ef828d744f73c44ace66215449269baebc,550
c18a35ba346131abaf4e4abd3a05222d757f2ebf,196
c18ba9b9a8deb8096f9aebf557d25be19ec8828e,139
c18f03cd97cd32c88c38de4316ae2ef2b73271ed,654
c18f4da41ad60050b973fbeefa1d2f2a6de86576,93
c195467dfefdf9c38549d6b8f092b338c493d3d7,454
c19952ee7bc3c9fa31e3ae439d3e37f91ba16b8c,21
c19af0d1c41c76bd271b538e5e3d875731357b97,63
c1a1fd9ae23bd14e1aba15e6924768e1be0f63e3,82
c1a3e69b6a42db6b52d6461b82cf07097506587f,634
c1a5ffc6b15f9016884605939cad7339ade471fd,136
c1a7b0ad64533ca53ccdd8671ba0cd3ed4f40eb3,441
c1b01b0a1feb55e8cddf460c57c6c3e8b75062c8,496
c1b6acf34dfbac975986f566008c31f6570348bb,177
c1b819bf3a029d31f72f92d3626197c45cfb3453,341
c1bd9b9d9a9235e64d04366f9076bb4581c16a8b,59
c1c01208ef68a73f1de83bef806df9b133abf3c9,313
c1c239feeca112d2259f8337bc266b5452f4348c,202
c1c2bd6a080b1ff327c5f23024667926caa1f16d,379
c1c429211f51ede697148fa30b81a06e7cd04200,79
c1c85dc078444fac1be938fbad985ea0cf524631,359
c1cb9d510481e3b42d9609757f5760079e956b1a,97
c1cc5c1dadcf65d86b9537d759cbe89df0d9bc83,545
c1cf373c215c4d2b3548094fbcf5c56663105ea6,333
c1d05d7cfcc2cab70646b934c748e5491d6a426d,243
c1d3791099f3cb824998d18d6622cc0d17fe44b4,506
c1daab74a9f68c863949d721a88a2e33ef10e263,266
c1f008e9039780a774de33112423c5ce28cf5c28,83
c1f121bb91153fb14913eecc2bd856d34143f2c1,665
c1f2d73c156fee0801f16c1bb2dbebaeda7c3814,441
c1f43f0e784c57ba3bb5a00ed076d4c0cdbc0040,479
c1f474b58f3411faa3f5b1120906545dd07ab872,209
c2071e24c19c18276e59e44e2dc918470cdce47e,320
c20b5a664558efdc6bf3c2a4280a9b8291d53f11,202
c20f0036b81c6042be00cf687e28ae242a6c6889,237
c20f07705594591e7e44d5f703a1d132e0ee8a11,82
c210b5b2240e05594da7275089aa9fd4014284f2,658
c22c5a3432dcca39ba8f6dd1110e06eeab154e9a,355
c22c8c8ad9078a229663a5526bf903d4cf39e8e1,581
c237aef79dd4fb791e229fe7538897d176738d1d,601
c23e5b3070d8a948744edad6766c49b4cac0a699,172
c23e6f87df94ed842840f9569ce7df0e03ddc000,265
c2407a672731b3f9cdcbe24e4a4d06da4d526bc8,688
c240da7de6a5017c296c00a157dc8d4a395703a5,696
c2430a9002377113e34e1952eeeb4dc852c15a21,199
c244b1697944bf879c6247e3a8df4bddaf662442,332
c246750245dd97f42681e05aa8af75e52e15f289,77
c24938a1cc16df05e3aaef2d92e6f39d683886ed,59
c24a8bf2952bdb86d46e11d68f2acce03c99cd4a,766
c2545826d0ce19e5664952cfcf3f6450757a4e51,202
c2548f7e106f746c645a508f3d7c3438647abb9f,616
c258dee0072ab799d07f08c7ab5eb2a51867ebc7,79
c25bbdfd14fa0487d5016b1912494c92431447c9,208
c26149b4494cd96c4ad95bc8d7e190a7f12f8c1e,553
c26642ed7d44472f5148c36d6828d14a299301e0,409
c26931a2cf05e67f44f02883a59b2603ed38c76f,351
c26cc94d98fee1c15b8b643214a5c0de67bc2328,692
c26e08d956c88bfe6555c510638f9c43fedac09c,311
c26f4a065b747fa532bd5ec35bf7f07c52caced4,202
c26fa4c63ea0226c91e9c1e8301e91f8b98bbafd,202
c276ac22e5d79e01c0c25316f5a53bef235e8bea,512
c283bfeb1c59c2f3a11f691073a47f891d6b60e9,97
c283d565b2c7336d42ccf59c1e1bfa8ad1387a9d,553
c284668bc931adcdb2ef4b8de48b74f2391f46ff,327
c2879248b22ba7a52683ca537284fb624d48d12d,500
c289cea9247f4634e23090b103dc0dc7fa1eb802,284
c28c7899fe7052e44a5636409d06553869773a7f,409
c28fb240efbae6aa292d062197a49b8a452c844b,655
c29183adcfb0771afda532b7652ee355560e830a,74
c293960fcad7e299d6e1301823effe91740df299,318
c29bc0c19689601ce18ebd7c31671d2bf4284af7,13
c2a66306a2caf8cec0cd96ee1a077dbd15d8b48c,676
c2a7096b0325db71c1517b589f293a18d604d831,503
c2a892cbeac8ef9409d340603e5982250e7a82c2,95
c2b518478f87e57452d7829275c4d0e8db3448dc,258
c2b76fcdbe1ce7563901ae8d73878daaed8e9132,47
c2b95adfae0a6fe5ede0d877f74c549d54a0b601,345
c2bcb4ecc575b641cc2c7b42b2e816e99827655d,21
c2c55ad337681819f51dcb839786ac754c9eab8b,333
c2c8576b4b0f3e18cdc16c8f68cc1c0684c0198e,68
c2c90b73571ad87fe01498c5dc365871c9e2ff68,602
c2cb365562d5cae5e18a5712b0b8a1faca47550f,295
c2cd1bdf55eeba649584fe3668f320ea37fdb3e9,389
c2d30b2a57af2b39e86f0d7a456e1a9806cd293b,567
c2d64a0ecdcc913a76b9c59f3541ccdd668bf7c2,576
c2d72c26200abe628c54a8c433f6b0a1370075d0,73
c2dd90750c6e0b9cc75c813c21b214b077d3e14a,676
c2e512548e6be0bb024eb34c82d0195cbf4f91bf,202
c2e8130b6c22094bf38c72d87e4beb7a4b4d2b49,324
c2e89aa0a98c4297b9d05ebd5b1b301e7e10f958,42
c2ee881ae97d6138663b8eb23813008ade272462,21
c2f1d1caec8ddb0a44a24d74bbc3ed8b80e814a4,500
c2f3e7f83b3e61c14ccb28ca4ee37153646d08cc,202
c2f80e8c384ba2521e559b7193c20fcd9b5b6893,21
c2fcae491398b0e947591d79a21a8a2841c14edb,332
c3026a835829aaedbc668f709d752e8f962b3a65,559
c3067c85457720b3ad6d224a40ac5aa4a0a2d23f,602
c3068ce09307e60b5d7728fcac01ab0086c1e421,116
c30d32c0327c87f8768dc10dd3e3c74f9505118b,17
c30efd5264a83794327993475060a8a07dbc06f5,646
c31305dc4e248f9361749baa14adfb510ad1a987,503
c3133d456042122e56f716ab4419aedf6d5995d9,202
c31569aedb76fb692a658dfb29a19879aa683069,399
c315f2f3a78f3220876c582d8d4277ccdbedf1ce,202
c31797adb7bda0cf6f098eace7c92cf1b6b4b7d0,657
c319f1192b60e35e00e35f6959c5202449b0debf,194
c31b77cd3f273e87f8ab3e372a6702598d24f882,379
c322ea360c977f73d52961251761587e148675f8,743
c325732e6596035a22f85ee76d5d65be7ba8d273,560
c32912f8903df5efa6aaa7f6e8730c749a04c2d0,21
c32afb51fb749c702125af18b8774b1bd01b2c2d,482
c32f7e0650dc5be5e7d8d5a2c5ad1b2c73dbe50c,326
c33497b4334b53f5e44860f6e9afa5bf1e9641e8,202
c33548a42558396df786bdb0d02b822a4b071c84,152
c335669ef321b9f2ebdf9ad50b70e297545d0734,46
c33a96ca4aa5b97cae632f5237903b1c0c6b82d4,482
c34b88aeaabc4914003099b280e1ce314ec81387,567
c34ecaaa28dc444e53bf05c2c4dd90f8a3429f1c,522
c3538b3ae79c4f149a0133250feee4521bea13d7,676
c353e69cb8cad4cedbef44d1dd0bbde6c5371b71,482
c3545efdacde8a35e8290f76f5bbbeb81f33ce21,232
c35a224d25662e3130b5778f0b762970926c6d9a,90
c35b10c8a0bbd2fbe3789dd9af5ebe8f9a7bb0c4,63
c35f622f5e99bae7616cf64338906c360a50935a,202
c36388b6c2b850cc5bc851938610f35cdb87d373,491
c3645154949d44103369f0daebce99a65a900e2c,603
c3665b2fd67e84ed1974c7e25495aa281a3ec339,303
c3693c6ce53209fc9ef368fcce46848becdea18e,677
c369f00db36ffe08e71cfa0e62476a261d5f6fd9,109
c3742188d2fec1b45b50121378ddbc6cac0a8efd,496
c37a4d5c827a5ab6707c9ce6c813716b1a1efda8,452
c37b3b61028e9a502b37f17a677d319800218fc9,75
c386b808bcef8bd1bb112ce5326d2da8c0271968,634
c38e9afd4bd503d7c009c8e258bccf23cf2788b0,610
c395698f6ecc5478752878eb7335da91d924dc5a,500
c396f5a491acf7f3f194f7dfd8750ff855ba0b7e,657
c39a8c6d3bab942fa3549cdb67db5636c945c8eb,202
c3a241bbb12a59ad2c01aad898a4ea87366b8248,441
c3a2dcf97475b249e6bf728c46bc35991f399b94,677
c3a46d921e3713f7a1b1620e8d603f44e27bc113,46
c3a6be72e6528f62dac9e4dc503467e2fa0e3edc,202
c3a8157e080bc5872c331eac6257295663b731e5,403
c3aa811ff6b6b78d877732218a31b3079aa2f3cc,160
c3adfad9e98a23e39fbfa7ab8c8945df89883d41,176
c3b29262299a2e4b6335c49501be1842add76e73,49
c3b56ba6c1d3ec6184b52dd28a2918edd80b2754,342
c3b726c23f3d5f8cc548867f48853cd984efbfc4,141
c3babc27deaad456c165c69dffd0a39d9fbeee2d,116
c3bcdb83a9d81c5ae9139390209b6170b02d3d8c,677
c3bf0887eeae26acba66f858fd967781f7a8d43b,82
c3c3850cce3be4ad6a4f186557d505f6f1289787,59
c3c5103da6380c816943a62d68d90feedc623e91,482
c3c641d70cf63c94209128a7dad321d61d6406ef,717
c3c892adad7d276a94f1a35cd59606ef00e93a5f,547
c3ccb185e24e29576ea5777a8524e0e173b0995f,202
c3d00fefbf21148ba022220f6c84d30bb4a0ee08,68
c3d03ce78f0e861874b6780ecbe8b0a3e5ec7418,437
c3d636cc3593787e06e3e29980ad8af6df403590,552
c3d6d318e4e9dbe53d3b02d62ce07affa90a8dbb,677
c3df425e20ed7f6915dd9b2017277860545cee35,101
c3e035b5f81429fdb7eaa9fbe41fb6c4d3ac5a58,438
c3e3d468a39f31a8c93a989482ca4ea7bfed0f85,21
c3e7d7be2638e26fb68eebd725d2635d45f40dd1,333
c3e8b247ef7622f94e8fc88ac90a5b72022a4968,484
c3e9f1d6a6a949c47d258701fe341a44066cfe0f,379
c3ef64160af4668369c2a3cecd881db75fe3ed3c,326
c3f88eb740ed12bf428be9b52ffcbfa3ad81fddf,67
c3f9dfb5717b2d62aec7fbd8daa2732c3c1637b5,81
c3fcf835a862aab04b38ff77409256eaf83fb29a,366
c403a7a4f9c0bc0903963346b995b11679b87cde,273
c404ef4a0fdac0f3b33b3fd182de2fd300e9c87c,73
c4065805d03b7752ed87d85c52466302fcf02e4d,498
c40990437e626ecf4860639b48b07b0d04464b9c,545
c40c27531f04d0fb1176056fe053fb5afbc3734d,273
c4139453efe0e3b026137726cdc1938beee8ed8c,42
c4139af35765e8c953dc76b0b224ddc876ba7e4e,388
c41aec74535f85b02912fda1449b535dbe8c12dd,134
c41c3ff669925dd822f56cb1304d5e56773ca39a,523
c41c934f3909a6daf2b8126f66cc75d7574bb4d6,341
c4209880155d664f0391724a2450509b1b64b780,202
c423cf3ff169f6447d2fa6c9c9c6dac5b1944b32,407
c42427d6680fa84861a37bc2b94dae8687cc3c96,688
c424709054cb41e961e160c86abe169465388d00,379
c4286b7fba39a7308f99fd1e06bb0c1cd93c85a3,35
c4287d706a6c66c96011f2bb07aeb11ed514fd61,314
c42a65fdf4d57c449a282129a4a0ae76cb46277b,535
c42ac66f02c2e17d00a95c6b4d501a15964fc2c8,170
c42cfe1806bebf4cda507ea1fb5079f887aadef3,631
c431f4bf39e268360f520dd59f1b99ddb4e60113,514
c43e6bf54861d1ebc41c03c61fbf58093fc34641,441
c44bb8b3890c9d25de1e7a5de4adf89044569017,677
c45184632d6977004c1a1c3a93cff8dbaae8b35d,163
c4543980f0c2a537e383040c9c044bd97f22877b,585
c4593a2ca6f8cd480205c567d19d2d7aae194cf7,60
c45d3f2903c0cfc9c610bc6377605572c8af8865,477
c46547485105ca2bb3e3f4aba44179f6c53e4060,76
c46591b5315972d19f380277eae925ad25fbad4a,677
c4752fca4d46112843b1ad23e71b3e6f4f50d42f,36
c475341d1c6742e0cc7b46f857eb8058b881e4e2,717
c478c76584e65f9a6f86c39b97a5807fe16874cc,584
c47cfd76fa00aab37c1c6e536f1e4a83d9faefa5,47
c48261e4aa37da4a36a58016743119efe47c85fa,45
c48aff02f0ac4a9a074f3efc9598d2fb31c88503,202
c48f9bc2abe2df2e87db8ac91bc5e26cf2b06cba,657
c49069483a11786565a7de0841311b3bf1639732,676
c495f0727de1e6dc437925ce9a72db7069211a17,482
c4a09cf5eb3a3fb0c99e45e4fedf8899226d0cba,511
c4a55ea79d2a4021076ade7174afef6d7d3116e5,560
c4a915f8f739ff275971cbac8f6553e618f3d760,21
c4ad92afa12f91182c7630e22b1e8b979b3129d6,677
c4b05eb50a44c1e1992d14ca1dbee51ce86c1ae5,525
c4b1a17a704455800ac38d886787cea47bc19183,482
c4b5a2c600b99b9c467843bc9e6e94df4f5c162a,239
c4b63faeeea8c5279e1dec60e038f0ec80cb4628,202
c4bb78e9857d097db1280b4910270a0306c39d17,282
c4bcfe71ecdb2288c25379488cd1ad61ad7b497d,87
c4be5de70fa75bf889c0f3c34339ebf94af91598,265
c4c01f423e4f3b5c81e8750a8ebf2e7c1bb42048,498
c4cbbf32561167e9333f9ef48733014abf79f481,694
c4cc70a5fb4b1894046ff648d8cfe99bb5a45526,692
c4d7949d4f772f8802a4c30122b61149d124652d,559
c4e0177f99eafb8c9cb10774ffb5785140219397,143
c4ebc93c437bd809d2088040a4622743a2229f4f,54
c4edad59a73c19058ee4277e7c0cb17e5317568b,366
c4f6c486e006aa32003e4a58ee67e6973637027b,156
c4fde8a998c505009988e48adeda00b01526f72a,144
c50078d6da73b8c83c10342c4177f0487709d213,202
c5042d5b5bed461ab4a8dbda72dfd0ea61062883,657
c50486191c25100ecb4268a75f5ec5f2c71e41b2,196
c50d15171d5492adf536b010e199cef886126f87,21
c525eb1c0b655884e7e9fc459f2e292e16d79949,770
c528ba9cb8fa8eda26af1365419dd3033a6333a0,21
c52c11270a030e052f067d7b9296c899d638f205,671
c52e288e5777f272b5d42f4cd6dc14d553026505,42
c536195e3c077cde2d027039b365a20a8b460db0,63
c53687f98ba32c9e1607db470f012f6b4dadaaac,603
c537ba18247ec489bbd33e5ca750ffa2a5cca483,202
c5399f7d1d74e35f0bba80a913972278657f4f6b,77
c53d8474259897186c3bf5cab1a22651a8523562,21
c54692f7ed10281e12c9d64370df1d3d9c0ddb66,552
c54995e18387a0fb29c3c973153bf4b2f80a6e2c,602
c549bbefb9ede75364ea5be6ede8955a8f8241dd,638
c551ce8d7081e4b442466c4d6b4b98dfa9b9b7b5,576
c5586a803464ab1adefc013d282a1348bdd58b28,677
c55987435097287a3cdf09a9fdc246644113ff95,646
c55ceae0339d26df2b9e79878a2f5e73d1cb056a,99
c561db0bc3f8ad4252d53fd259af362f6ad804cd,603
c563be2d802204bc3180d13ce01977c5fc069be3,237
c57240e14849d827028016770493e701a92fe607,78
c573ce9a7fe51f1cb90a72e859efdf92a3cf45e6,504
c575d06e4d7f858c672d228c546e78e1e6b5eab1,202
c57f23e4f2ba20ef9b1f09d26bd5969f00bdb553,482
c57f77e0729f4c7d8c6fd54162f68e3135275409,13
c58bb988f4d1734f7770d74868494733a83611d3,237
c58c0ef788e2f2ffb8ed505ac3853733c0486f95,21
c58dced1d3eccf0a405c738a108167ff0594f4cd,515
c58ff3fde8b89155b70759292fd286b1cf5d9a11,202
c5906e57cc0da8ed55e2d54e566c9f56cf36a4f7,47
c5927d276384a7ff6e5957532c7f7edbe634a70f,766
c59698c642b7f2beacc194cd61aa394551ce66bb,141
c59c1594a2601b9caf6ea5c85209c254fc826602,677
c59cec6a42b2780bf7d7f6af6962393fe6efc670,283
c59edb567e2773465a89af06619d80a033ad4d16,21
c59f20cb927b418ca7a82cb88479b40e78af2fbf,82
c5a0193e66adb16d3a866df057d8a9533ab1b760,21
c5a067826d5bdd8fa1e16b1ceb43b69f036b0080,378
c5a06daa502361d9458201a45fe57ce85510621d,161
c5a2232223d35f16ef527101c78fe6d770a9fcb5,246
c5a33d0080ac133d39c89095ba32e008fd825868,282
c5b48155b8f9936fe44864ee41782546075e9fac,87
c5bb00534125b0ad3b3076ae51fbbf43d5951a28,519
c5c29b26904391afb425b326aff614de3a3c8e50,261
c5d8065839ee87941d33cde7c2e17a033ef51d77,137
c5d82a3cb72e2d0eab3b29896229ce2c4d75c1bc,110
c5dc48d1fa74c9aec71ae11fdae61cd611d0743d,21
c5e14eaf73e66cfda5a07fb69b56c7ab837e2c70,677
c5e33a677183981d3de01eb09e2716b858de02b2,45
c5ea674d5323e7ba7240aec086b8a964877cc03a,647
c5ea96c48e34047060d6c44780ecbc38f25a482a,688
c5edc17fbbb13811ad7180501e3c2dadd38ab3e0,662
c5f0b3f5216fa15acf5501fce1b528d03614d296,81
c5f18b967693b3151470fc200e46e0214033cc43,369
c5f701ea67d8180df7e43cd13e92da57c6ac203a,655
c601e513b3eac828949c46e6f663b2100fea609f,261
c60815ac5f87da9854862b53972e15b380286ec6,408
c608c5b18d7626c398bb38d0ea5b770b7eb7f3f7,603
c609e0b3843570f727e2da3b8c0e7df597ffbb31,775
c616b046e95a40b7f92d1b1d1bf1e37e25b3fe71,220
c61d0851b79a4888cce68adc8a908c26046adca9,608
c61d98bc41a0cb37afbd84a647a30138eaf9174b,128
c6250164423f36d5f4df0c9cb19e944eb261edfe,530
c62bdbd7768538b3a5298a82cb6080e9fcf0ef92,761
c62fd704ca5e2bf01dd72f3ddfa1034f05c778a2,409
c6302aa3d512b5c132647fe82b91c3b9c336d33e,219
c637294b259a34630c84519ad4ea9c709bf65614,676
c638d0aa481d477a8b4dff3b8da138c1fb998e9f,21
c63a9d07c577f2563446e3e52ffaf2af3344f81e,35
c63bb0428a37bc5b06fd3b341e49b1d3ca8810d0,298
c64e09e37f840b7a4867a48a67a3c66bbf8e310b,47
c64eb1bde5ebaf4c02a837bca96d2f8f3f46571b,688
c653b3d74ac18c320336ae5856c020c3bbd7a3f5,109
c65ba944bec325cf81601746fb2170be89d31aa2,688
c6635cb6f4d0d27e53572996ed1c7431cad57849,713
c663b8dfa37bee14f25bc40298afbb095c7cdfb0,587
c6670e84b03170c93352467b13feb851c858216a,202
c66b93f48aeed489162aca9bd00c925e6dd87079,622
c66f2e477bb12e5ef682a4e1e7c56648073607fa,709
c66fe5e3d5f823223f33263e4e1638368ce21ad5,655
c6707cd338122a4a3e77329f164f1697ce55ee30,375
c680611daa34a422aa7323883e9238b1fe415f9b,638
c6825aab11cdb5ee5230e72998a5387c9e02bb1f,67
c682cd3d769910d7352188cd0d71235d70b9cbf0,432
c6856e8cfbd6361b8106e7bc5e13fa8045ddb9f2,54
c689c4736e9984f5c45c5eb24acb380067604264,482
c69406ccb5f5ad6a7a3d6c7bdc20d4ee89cfb0bd,202
c69742e0b1f9d896a515dbebd926134026e079ce,482
c697830f9ed00578445d4f39c35db4663e2c9074,128
c6978ec451eef2ee5db7f49debc89b14a38c0f7d,59
c6bf51c2bbc8b62bee2a67c85151b964d304a95f,335
c6c339166bd72727ef158c2f8b7d54bebd63c27a,443
c6c423ccd5b1a66eeb109eae75e888f72e1ecc15,539
c6c480f54e9d164c068c5789946fc6139599620e,148
c6c80da5668ea17142324fcfe9f69e946c8c57c3,599
c6cbf9489652facead8377eb2d0013cbddaa5698,21
c6cc5e7d491d5666d3944989b8348cd19297f13f,550
c6d1e2a76ca328d1caf94808e891583987adfd1b,313
c6d7e171fec16cc138de54a7f681b6bffbb1e655,552
c6da4d36298d594ee2363f29fe34f699a952b751,179
c6df459641d514b6b7e60969e715b5263ff7e031,73
c6e1d8b1f89f169474e7d77845a683c719e1b915,202
c6e22387742d7cd504ff62a58714d0ed8eab5115,46
c6e23778ce29879d78a6bf40cf3c08f6fdc74ffe,148
c6e9b4b5914be0f3ca853d64645b14ea807f4696,544
c6ea466d2173f7c199fa31bdac0a801325bf7435,6
c6f4fa8a13c0a7d7a761fb59fe859e729db5bab5,250
c6ff2e0d4dcf1f3a7aa6be6da212e7c3b7197a77,518
c701c4b27fa64ad59e4626ce287970f1c63498ea,202
c7094f855e330a33a592bbbc00a8c3cfd2d67636,202
c70c7908936c00b8de3cbb5e6ab6cdb42a6274cf,47
c70dcba4e3cb54f128e4f89ac1f65edbda4ca50d,657
c70e0ba270feee9b40bfcf751bf5ade242e13242,503
c711e78b810a735688dcdb5a505c6a4d82440464,258
c714ff5d59ebf464687d52a5aca4c1389c8ff418,45
c7157671d777860b76050df4c0933204b2d34260,539
c71700c1cf5b44f3a13d36c4927152282a552730,585
c71e995027791c4b87a04bb3ca0669e4ba61ce51,202
c722ec2bc0234110a1ec12fbf2408676cfa81bec,578
c72469e99ef13601b340c48e858dd1b57ffda265,452
c728d065275c86e46bbcbb74ba66a16fa9fdd7e3,85
c729bbd1f55046177f57361f790144b39d17ddaa,552
c72a717dc6041b54496407161b9be8e9ea172da0,709
c72d3b1ba32a88ddd950e8ab7d55015392d0c5c5,21
c73119ba71b072441e65b221e0565df962eb5b33,47
c7313a36557e06d1d23bebe26ba4033179fd5fdd,21
c749631572def38741ca24892693eaa184877396,479
c74c2cff7830ae143d92641ebd1d04ef1a65be1c,500
c74d294935d0dcd17697438db748303b9146f193,13
c74dd9c4a142ca1773cd018a6ba9530c24cc87f4,101
c75075f682ed6c85e68de25d1a430e7201c8be64,49
c753a3a690cd0bd5d15e3702b6ca0eaaff9e814c,118
c75706b279efecfc9b1a879747c2c4f563f39bb4,688
c75ad2dbb2c7bc319f217b5dc0b6f57d90a7cde5,443
c76ab7f9d809e09bf23b64792077f1878c322fb1,60
c76c69286f11b85d6dffcef2e6a138b94aca4c1d,709
c76e9586652cae289dab212abba8703579959112,585
c773a0c550714de6b7ecc3ec62d083ee56120fa7,157
c7762fa93be0b47ffd941d6f08321b97069d32ab,546
c77c788d21bc2a91b8750968c17903f92c045670,309
c7823382df17405897524335d67586364c5eee56,741
c7834dd1eb9b6aa29f9b408a85a7e690b5fda812,552
c7873d7c8732b7b578315687cadd5947bf929218,250
c789157fcc5280eebec8e02c0f36700953c6e3ac,67
c79226093be1bd3aea8f8fd0433c56a390850536,709
c796adb39a556dcb686a512878c067659e7d75a1,443
c7a0cc6d06995563a663d9be567dafd5517627cd,559
c7a3a6871df93c88bbe6670b66c6645f5f4ce617,168
c7a804cafacacb1aaa663ed9cf9a6ae65b34723f,351
c7aa2c5ff5342ac8400f65f57681d39151ccf02d,133
c7b07cb9ffac276236622e32a21492bf7f7ed13d,503
c7b2eab89d94f11788be39a6de1065541f846dc7,418
c7b53cb9b587c694647242d4fdfed5b3759af6be,758
c7b8117b159ff285acae7955aa811cc8fbcfb8ff,560
c7bcca9da218a62d02ce1d0a40c3985116a1ece4,681
c7d0b02ca3c27de9ddfb7c0fd1178f416b705e54,676
c7d51a9dd402428887d0d18de46d90561260cef1,136
c7dafef47534010402d4c595d603bb91410d3a2e,675
c7dcbeaf6febe3b8c7b82df36e66ba226e86d021,602
c7eccc792fc6f1e3500cc7290cf13bedbdf98b44,95
c7ee5839d3cdf3291c48f8e76b7d5ee2cfcf1390,677
c7f3f6ae5b65aea9a55d8d529bb2d881a3681bc5,294
c7f8c1f26fc7c51da6d1516b428388e95364a80c,679
c7faa7293f2d4ade764ecd1fea1595d7372d78b8,21
c7ff7d325bd1a6bf7511eab478ed3b970f22d5a2,576
c8028b8dc94a1295fdc551a54da13ddac946441d,408
c80d73a10dfbf5f82d2c93ea577261d3b52c46bc,59
c80eb654ea64608e6de40c8ad0d75664eedc678c,35
c817f0b764814305ec9f0cfcea2553aed0b672ce,517
c81ab5cb225d0df73cfd0a5d2bc3259a6abd6afc,638
c81c2e52b793f6bdf26bbc00a08d1060f16a8738,148
c822ab417f53501bd35cf90c77f862a3fc9a2e1e,128
c82b07eeff30b44c3f6385d985e94f86b69894d7,560
c82e9452a2e02822348e815d5e5ec5e47789f32a,553
c8332c6931f2cdb140d4a8986aed596afbe6e9d4,707
c836856e72f1572779a2b37331c1fce14e0485b9,600
c83bc1b4085d8d802bb0645c8a273cd3cf5a5816,59
c83be5277a915538489e5bd5541e45c5b01015b3,677
c83c28bf9dfb1669a9b1407dfc4cdf9ac8b88984,655
c842c86222e05beecd664fef46aa3d1126d9eb1c,461
c851c1b646436f4fa688e0ff8242c618ff4410fc,482
c8538dcf77641ce3af7c9ba8d64dac8351800136,47
c85c992cfebfe13e2f11f986ecdad006eebbc050,379
c86322c3ded176cc60a2c2ded1a63604b742b20c,78
c865aeb98bac35cfb85aa117d07ab5ee6dd2f63b,597
c8662c6332143ec1eedf1bd295faa1729a672406,559
c8689cb7b60ea6f39fc37c8cf8e795a100043855,533
c86a276554bae7d2ffbf3794d80c9d7ad5a887ac,692
c877c8717e3dbfa885cd24cc7d5ca5912db0ab60,141
c87f57aa502923c162f4d2754c0e77d1b81f14dd,139
c880898842d9f12d7f51da4c88bbb9b05457e2e7,45
c880f18cb71e54fa2bee5c7c09aa5d715bbaea5d,335
c881b4a6e75d41b307d3a73c94240e17227ba3b7,399
c88230f602e3135223c16a12157ed64d91880f07,646
c884dfc239f3330158d55fbcfa96b57e29932e5a,552
c88a292ce8507cf5ed0aafc477df9fae62af7bfc,17
c88dd0403447b0a630ee25753dd19b50a6ec9579,441
c88f8e8e52fb2d8bac7322fdfbb011fdb282c2dc,76
c88fa45eaa1571f11201a68c36d171c8d273e55c,607
c8905675fde7b6931de9a10387154c226539cf39,378
c89495e312026d474057b4c6b5199c7808f12ca0,517
c8998210e9d0df3760ace8330de86d41a6c2a197,21
c8a11fbdac2e2240fed6585b73e2ca534b1c86df,280
c8a4e977380ef65210b8515aad8683fec3af48e3,552
c8a77d94bb01f6285e9119aae3e905e8de410089,441
c8a9e6c4611fce42b2dffc6be856d69996e7545d,676
c8afa97692f1383f6a49f67bf59e1fab3c950626,82
c8b0f10d970340c3ec0e1b6e4af829956213d01a,82
c8b3b2971f064fc56f4a9d5353126c7241047bc6,613
c8b93a023013a4fc46086914e9a7593b7e4344be,4
c8c03ed130ecf8a5f8abe53868ba77b54fe1b55e,133
c8c102e4a682b66fafe020539a97c004eb64acc8,202
c8c63db8a00be8ed988fe1d731715371ae6a4223,523
c8d32ac53c8d6be374e27e7dca9f88148c5939e6,73
c8d56660dbb297304deec4c4e5c7adce108c48f8,655
c8e642c2590400ed96518ce5d861fb671492f1fa,622
c8e99627aea314b048a08b52e33f453a961c25cb,202
c8edec2db1ba2b4c5f95b0fd4a02c5fa0c321798,220
c8efa1fa01ebb98c0acc756e9c75784fbb07c71b,45
c8f8808d610e0c88c72437542607ce4f82e4c553,603
c8fd214f4002cdba8063a0786767a92aa59fe380,469
c8ff747cf0ad8a27241681cb44b09544fcd5c04e,211
c9016944ca862997e05181ab296709bb0416ec52,640
c902e37ed07bb756bc86d61eaeafbca5ebe2b9e6,160
c9034308a33104650310d88459dcd6ae7f709039,422
c90567cb6c4335876a2ed90f4012c73b8bc3a833,482
c906e7e23b5f4245503d9d9f910b2b0d6c6dded8,525
c90c12da09ec4e6be3194228efedcdc1d5dc81a4,681
c90d9f901b3ade2788e87c171354d66dd1081cff,443
c9101789bec5569322667cfcd9cd70aa9815fc46,26
c9127f2dba004031ecd978f7b988128aab007758,332
c9129eebf0e22b85ba6504e8277de2d8638ca27a,119
c9141a02cc58ad335ca4e9ee3362b0445db13026,202
c9143734558a689fb606e0ef4326612b7953854b,202
c915f4ed16ed8c6906d8056df5303e126cf45f74,202
c91c11d94b00afb57e31ee2c8ded0fdadf0c1707,102
c91c2ebc0c7c7efdf7ccb6244d91065d3f76b9ea,399
c91d130c2c4d4054f5b405650494dc37a897213e,100
c91fc7302dd76d05471cdeee4c171269ae6b6114,120
c92034f5d9951f3233c7737a392e5b159cb63726,720
c92075f360731d73b9dd9bbae76901931dec8240,168
c92c173f84c3a2c08c4f0ae14a1f198620ae61ab,273
c92d0a3264e91ef330545b93f41330244562d16a,634
c9302cd866517e5d47041b826d49aaf6bc68cdf2,102
c93a2e1d17081c672cc55b0c6ab3a83fbe0412b2,228
c93ff5af61bc4ef3ce68fe9193b2d259109550c2,265
c946b7e11d7de769052c9485caea10509f60218e,585
c94b79e65d444ae51d730c244c09ef2082f9bf29,67
c94fe9af73723b63c53277ab3747d2bb756e74ab,535
c958f70ff77132c1d05e9364a10a8a1bd2a68290,202
c959f6b2d7ba450193225c09cb4d91e6f1d42c5b,470
c95f47e2454426ddd8d425fbd274d3bfe4a830d6,160
c9637f7604b7921e7f69128f38ec4619cfc04e64,299
c964b0f672586a5319c33213dd7c57253a1c9cf4,552
c96793515911349d4728329c2abc924e792daa3f,623
c968fbfcad5c6c0b38a5dd0749a86c76bb8f9340,677
c96a5722198e39e833c032f1373ed6d2b67052ce,41
c96a8f47110eb4571b39b759851ce43db84ded6e,510
c96ba7ab9e4e9a16a63e4fce8d86048c77a3f574,560
c96dd65d5a3e5330174d772a3713ac6a7d6b7087,202
c9799b840a43c047ecfaa55bdec275a3f1239d48,709
c97d94fefa2ba7f6ceae04354d03caf45f327f9a,21
c97dbfede9541ce217995cfedd981932c2fbfcbe,482
c97f39f092d9383a6fff45113ad549aa8b265176,202
c97f8f0894786be8c1ec31bd7e2786f03c76addf,576
c97ff4132ed70f9a7461e8ee9977bd6a1093e4f8,217
c982ff3bed20d3e14310777f659e4be07fb40b3a,591
c9856cfde1bc912d30c302e9716a08cb2915949e,634
c988a00efea8dd86116920b46b0d413fcee0cf23,378
c989cde51070365ab41cfb65c42e9e63dfec0caa,280
c98fadd74c636b907f7e58f38a5c81ca4f2d61c2,332
c991fc184341e93a488e70ed1b4ad4d8738173da,12
c9960513fbb58d54f4616b095a731dd89d6d4c9c,21
c9977c2a7d8affd8043f27da19329b86b4565eac,67
c99bd6a979b86abd46e7addded38a0177241cbb9,260
c99d0c9b9ee7370478d8ef8456ef820530950d56,523
c9a52054304770615c4231280cb923084f0e152c,82
c9a67e1e791ef3daa38588c2c28fd8df020b4e76,21
c9a93fb2c1aa0e2607070eab0736367d996fd0a8,80
c9ab83e6d06b61f4b15f02c38f1ea50a837ca444,102
c9adc2ce32c76140f2db9cfd0b0fae2abfbbb397,552
c9b092f503d07c3afcc0c7c503710514b62a6f34,539
c9b2487ba7a9a6a33b237ca77574446b131f8760,560
c9b8fd8b7274a934a7b409d449074e5c120c23d1,202
c9c1844a85a17c0a5aa11c285f12ed901bad3e60,21
c9c2644b0666e6639b95edf87c7c9827e66d2047,21
c9c5fa6947d9590baf485706118d8cb99c3f6272,208
c9d686500a4f238428fd8a34a55a3b9e3bdb815a,470
c9d7e768d915f81c18c1d3fa768527db21b12e5c,550
c9db8c6ebddf67f488e0c74bdd89f99fb67d8564,97
c9e48fa2e1e0dadf54ecc0cd49498f21b801ee84,567
c9e70dfec6fef2b59c53afdcc093708863f58432,243
c9e7f8cb766d9b327ae11550b086d402815b5c72,161
c9f05aee5ead307a8c3ceab7ab51c3419f70979c,379
c9f139c68685c5b427d44a067bde644183447efc,468
c9f863c53325d555e99fd32f306d9ae6a4448439,76
ca050e8ed34aad28792014e4e7b822602bf8a17f,199
ca08ac3eadac8c94f64228b4fa4c6fd7a1a1701b,565
ca0a99f87b0fab761ff941385295605fdbb29eb0,675
ca0aca5657bd2515bfcb613e05de30d5e0d74d24,59
ca11f957fb70342f9c5a4942d2cdd9ef41cee682,82
ca135a2504c20417ad2622f0fd9bc8287b5c6124,482
ca1906a90b38feccbba8189ffbb1c80f924d70a0,242
ca1b621fe892a5538e032a1a6df76cf1515f8741,552
ca1f5a4adab1bc211925a69b9277e3eb73d9f180,202
ca2074eaeaab895b2f0cd011143edabf0085d47a,137
ca2ed67adbe4cdc6b96e1d6a7ee2b10d7b7ebc49,685
ca320ef8a09b36ae98e16bd38d2f030e2ddb3cc4,503
ca33a82e0a24cc71e218f119063670bdbaac13fe,202
ca33bd2ea4e2c61c37f80ae52a445aecf0aaa999,136
ca3a184f13b68874d8908ad38ae7949f21a1b229,160
ca437f806111d6ea91c994b905ae4e2ad1e605fb,436
ca4b708d1d08bf654de2fdc26d140708285d5662,202
ca4bdc4ff7b9f29249ba3c03725d685c3c0e96e5,202
ca4f8fe66543367348a945380170468093055b29,82
ca521bba90c4ae411c9b3915ab1b247a6ca8e732,119
ca55cf678fc019a998e19f6e9dcbae0dfd058668,677
ca57ab7b7ffd4c65a0860c8d41bb353c9c775e6a,81
ca5c2573b1157e852078ecca1b5e31d0ca95af50,67
ca5d5a501e86e7b3079c095444f020fc8b568768,21
ca663cafdeeda08eae341b8e9ad5b8869a100972,565
ca68c3b4514a4e7d9717c36905dc4eb8734fdd5e,611
ca6b0b983b7a246f127b7a16db49dcb9e6b92f5c,677
ca6b3b4ea4a12c7e7a77bf117fd1f4153bf62f24,611
ca6c75cc72c022d68a73deacb210b88ce8119d95,344
ca6f3c66a4ac8036a5f19102d5ec975e3b08cbfd,124
ca7810e26db94d18a8488477b582c291953a3f92,21
ca783a010a80e5c5cb90ff6a013a1d060bbc3ba9,448
ca7d17d43e7812b65270a7bef121d64259391c98,473
ca824a520319fa00c1bd74bd6ca5ce478cdf19bc,202
ca83658e77cd88683e00d4732d49726d55bd2295,82
ca86e993292d2e6676bb907666ef2f7824d54f7d,583
ca8f1ebe108fc221e6d5073a60d0a827a8a75659,552
ca9058b38e5464d1af8cd641f804795767b3a759,586
ca94d4720659cbd853b4da5a7bb21ffb8eb0b82e,539
ca97cbc25d3e869ec0828be135c6613e62910c87,21
ca9c8a8d38439c26163b9c1026bf8e224867bc35,510
ca9eb69f3257578c597062317ba77613a5717154,533
ca9ee661cf0d0c6a5739ba4ad4db77794045b4d2,82
ca9f421cf689904d76da1ecf9c4e0c6656269fdb,602
caa016baa5528b1dcf1bf2bbc154b87f900866b9,97
caa609e1391805c5d69e341b78de131b812cde87,332
caa9f5991366ebe15b3684cc1a6f9d247348dbaa,441
cab42b6235acfedda8ef326d13100f8a9d85ceaf,49
cac61c67823f91946310c534ecee2d36721f4868,46
cac773df78f42841dc715b340b6615b0d2a7c036,82
caca64026001e4d87524718a1a13d5fd64c53338,235
cad229ad4b4b8feff7898b20b31775b2bc9c69ca,739
cad4526feebd8b4dd69d5dcc09f00dfbb844529c,677
cad6049d41d3d7b31194a5f8324b3942ee42f974,120
cad9e8935c4770fd9e2020065adf910ebb7a007d,197
cadf86593a516d2b1a3d0fd8428eb4a3f41052c1,443
cae476d373443c0b0e89139b7a7ca6e00f9b4116,677
caebd9ed95a90651bac502ce2e2c2bf70d3c281a,709
caebea5c76947cf94bc364d36644664a7b0c792e,202
caf0291bd8171d30dd32bceba16f264042eea9e8,552
caf25bde68606ed092a8fc5497fff4ef4cfd4bd5,282
caf56474486437a958e012cfccbd5558de47f89e,109
caf597da383d8c22d6347348376b1237c636fdd9,441
caf7172748e656acc7e61c7b64ae2ee70f427ad2,174
cafa03f3f2c30922da3c8b5eee077c972c975de5,281
cafee32f17dd377e2faaf05baaa6a3d9a4aca17e,202
cb053367ea4e44dce2ae01a97617c24680d588ae,441
cb0a4eb36d99431284048c736f8faddfdccb1d58,677
cb0c1315c0de44798c2bad134638b4c4df850db3,576
cb0ca07008fd807a1f2fef8d3641d317cbde1cfa,170
cb0d4718599c1bc8e18220ba061a781e873dbc59,102
cb0d597def7bec01e60d8f3150f7b07df69985d8,638
cb11160a4445b5b4bca79582f63445a217ea0503,471
cb14bdf675566fa8c4e82290f0e1c30cff913aaf,553
cb1529976ded1fe7309ae6bbac0c8917088276a0,229
cb187f6fff8b489c2bae48ac61e2b4646a698e79,219
cb1b9292fbf02e2bb5fa14ad45e87b2fd90c9e12,473
cb1c6bdb81827f125073a545a23a822254dd7bba,552
cb1d252c108e735508fc1bdd0b094b34cd8b21c7,93
cb1dfda341ba290f1373664feec5029e2fbcebec,119
cb2703c19f08f0e2243c48ce0faf1b6b233a3e76,202
cb297419bedc9cce1f73fd2c9ca888c395046561,241
cb2a5122cf12d5a5989a42fb16fd002c1e391186,202
cb2baf985a8e3dbcd5a3de2a7c389cae965a97f2,216
cb2be3f6d6a233cbcea8727dbadb80aee0297d06,362
cb32aee88c0c0cff0d7b67cd249dcc9dbb58a08a,137
cb382237a6267330e6e9df7742a06d710c7f9d28,482
cb3c8e3671a3cca9697888406cc4af7632dd6809,4
cb3de7db3d271a6d69e81fa35b7e80addbe3ff07,515
cb3df0af18238acc3baedeeaf30fd8df01a96e4c,585
cb3fc068698ade33bff4470b710c15f671de20d3,237
cb47d931dfb453692f9ee1ddb0ee185aedc9446a,120
cb49ba839aa8775a7356992c828076b6aa9c744c,202
cb55172aff395d0221b86f9f727385b6e6744057,460
cb576af3d5b05b8f2731319c8f26e8c0ed451b97,218
cb58ecf8191829cd4354e78a27152ae2ec09ac66,512
cb5bf786cd4d546f031efad9808382bfad0d3e91,766
cb60e17f950e1cc84ef7f2d7863bffce748ccf86,583
cb6348f394f149b9c62a1b2bd5a83c3795e84a8f,21
cb66ce38a821c5cb7bf5c1a600b40eb396ae7ef1,550
cb673e2f4e159a67f77b6bf47eec57ebf9ac1cfb,602
cb6bb696d53cbf72e20e3f5115ca5c73d7f42864,482
cb6ed00e2996455081c613cf045fb22ec9656072,677
cb79683631d5981ae1145061f9df6c0236b61da4,482
cb7fef07d64dfaf4553bfc39c9f24a4496207974,591
cb87583bf4af4f671f85a80803b56c01b88f4c64,128
cb88bdc9b19b71dce6ae2bfa47f62ab0eaa3241b,179
cb8aabf35585992a4344a05203f46e496bb18ccd,119
cb8b5f2c8e4ca421175e01740f5e78376a614134,709
cb95894f1a6ba2f93398bf76e9584d8bb34e235a,45
cb960715bafea050cf1d2a4c0b128c388ff3dfb4,433
cb975eccaf006d7991ac1af83e0813592b748f2d,775
cb9b130f58ba44199a7afcd24336f568af0a23a2,281
cb9c594404b5df00a9fe52ac87377f52625637b4,21
cb9c88c2479bc2c9d825f50f848247c55b8f07de,713
cb9d00a24db6c3cda3af121dca5823c765f1afe3,45
cba166f0faeb78fc1d0bd3269aa71449858f685d,574
cba4d4f6e1d4f942cd39b6a24bef261680b1fca6,713
cbad74b96a404f1fd16bbfebab45d97b367295f9,397
cbadc3c0a37d52a5bd78c08ec6173c0f896e23a2,283
cbb0714d155696123e2a595348ba594c23a8835b,21
cbb4071974fdcb0396ea78828da2c2131a0c4712,27
cbbe6b500cdb62801baa73f4470ff40c3cb12799,21
cbc39985cc357726bff75cc03224f416ee3fdfb6,45
cbd0ec094bb4d427f910ed562e14d8626576fb15,154
cbd4460223c4c89d254aabc3e5f73bb2c3047088,441
cbd4d0e87eff3628e6f83bdb920b3270aa3bc8c1,453
cbd61e97836294d07ec08b395aa66bbd74cf64fb,550
cbd958f2a0fdaaf99144c6cad96e7092db381655,614
cbd982bc921aebe6702f3ec1b0319207c8589304,113
cbda9a078aaa60bdab8abc6d0b728a6188345215,78
cbe811abad628c249cc378c2dcf19ff7db82012a,512
cbea70651521ed523e5bddcbe799eca9cf6cbc92,688
cbeb1086639c470433bfa85ae2c07cbe941ce4cc,45
cbee3590b7c258afda096882f72640a5058a02d0,124
cbefb2b23147aa00bc6b182f053cc36fae5676e9,36
cbf32bbd9121306cb38e4f96be94e66940906b9d,359
cbf854b947b892aa10ae951c0fe41b7792506a6d,428
cbfc3ac41f975adf281d443ab270a836f48c2ec3,552
cbfd9f933bf4333c81101bfc3432d933f1498818,424
cbff6727ce8587fed6a94d115fee8a2f52dd03f1,657
cc035aa0a679276f96dc2c5ac47fdc7fcded0883,361
cc0ed71a27a0339b2d338b4fc5c201f3fd0dc94f,49
cc120b61e2f8013f7fe9bd1ff89b951c1cdf8e4a,139
cc15e97ab6cc2085138841a1fc31b742b60cefa8,480
cc174bbc9e819d58f9e87834d60c27926ab7a8fb,4
cc1ed64cb34eec79e898f41ee4217738799cc1d3,475
cc2f575514381b54f1ce05befe1b8f8d782f0da0,67
cc358d2d1106617e9bf82968c2a355f77b798931,676
cc3b9bd7cc47fa4e6ced97073c7027c5fbbcf8b2,478
cc4609b02c0f216c50b2be6caf3ecf9016e44f98,95
cc55dc3a407e82b5dad5d7c5c838be1f7723ef98,199
cc5746370c996728d0cbaf052c480a2789930c0d,550
cc57c6cd69ca3ed76443ac9a7520829284e85eaa,266
cc588f2725bad0bf41d1cca377f743e894c827da,677
cc59569fc36d264f00175204f882fbfe27229343,54
cc5968e44751c92002e96b768c60001e53d15885,139
cc5bd4b12d282e211e334583398002a183e38550,597
cc60ad6d977d01acc25b55fa2acd1684e3346e86,600
cc670b03f7793848dca375709c08fed75a186b11,735
cc6838e308852e2c85d2b98c5a55af068ff4ac64,27
cc7243df6c8f5020a4d0b5fdea93e876848bf402,21
cc72edb34db6d1805aa184eeca3f5fef33b9d011,332
cc768dcb0ef6517d6cbd401c0c650c19497cd8b4,41
cc786593a8ddef4e12c25f03ee6736d88e1a7b84,320
cc7fdaf755ff75af29e970f13fc1455ad9c3d055,95
cc8001dc3b411370524f75a086a3e3b216d62541,246
cc91d4a701696a90d8d3e6abf7fd6f8dfa0a0ec8,539
cc9e5f5612c976947d8cfcf05cd6b6b0d8eea59e,593
cca57c0eaeb04589a9a983e6478224811c0dc9e1,252
cca61d4c83b132d04970b528e1b408c693024ef3,482
cca93ecc2cd079e1ec6dfffb4b74659a970ad81e,168
cca96457d7a75a738736fbcfc5350204b440a1eb,202
ccad852c5851605d3547578a900b24deb123667e,351
ccb257be10e8d95827f05b7329a341ae755c14ee,482
ccb43cc9ca59199c22843362eab88a9cdf9b7269,204
ccb46a79d1f9c208937b29aa4ef1d6470446b3f4,688
ccc28004c7e95ac90bc937db31b1e645133ea112,73
ccc2894e6e671d565e9fd39acd7c3c2a3e87f3f6,735
ccc8f5e3cfde4be9224a225e0814303c2c199bbb,552
cccf6b72816b2cc055095c2889f6eff71c2ca94f,21
ccd96a486d4d0431069ce624a257a5c7f08c2e14,85
cce199e325802d5e6bc6a836063c71360bae80aa,567
ccef39d151d36432c97c18955d77e8abc1acbb85,82
ccf11f927fff06ebe0613cad2786a83fdb637e1e,128
ccf9065600f69a4ac563d0c02f876bb1022ec602,100
ccfb456c2c38cb8cba2dda94f72ca56f3c1d6e46,458
ccfd9a1030b7d11c1ea39f1896fd002e47537096,552
ccfdd6facc64aabbb7b442ed406255747f9638b8,184
ccff5c0f54236a3d1f59fc54564dbf730255c204,498
cd01ca7082a3c43fe40069132d2e2f03f67b47cb,482
cd0366cc75437d219ed1e11531ce577d5241d7ef,21
cd03d077c2536fa95154d5c59f81e5792471b528,748
cd0634f25e7f0f6ba028a96f10a6da79540abd99,46
cd08a6bfcf3f52222377c52333d4032019fe2006,49
cd0948f733e5766a956cc61976c64434bcdff5db,504
cd0ab1d7a107628aad7e35b5789aafef75a9218d,202
cd0ca0279500b15d82924cdf5072ffa809b0b5ab,139
cd11e126cad251feb5a459fa14fc2c9b6e7858e0,550
cd1f4418d3723470ea56a1df2496e96e8e6a0104,585
cd27e3fa69e35663c6298d8f5ccf4fa6829c73e3,280
cd2b4e5254897b0b947c5b76d782fc7926c4215a,332
cd3053e5a4e701d7d433a70ede422d2951673841,692
cd332c9f00f7fd226918e135755eea1225175453,677
cd39e5e8d0d5bcd0daa904d9576c0aa2c036a310,552
cd3adbbf70e972e8a3190ab974f073762832a539,202
cd44d03adfc0866e4f3276d024e2eedd5974f044,676
cd4610af73582f2514456485d618b9a3794df4cf,21
cd4752dc973ac276b1bf689c1d10b1d737252416,59
cd4a63999188c38b0caf88d434b6b90c515b91b9,583
cd4b1205a9c17bf81813457f16ddd6f8c7d287ee,377
cd4cb32efdc7a792c7bd18066433cf6a89c4cca3,473
cd51f30579cc953fd157ce234412f0531557e5e9,677
cd574bb825e1346c4df83a162d037090afd4e85a,482
cd5aab6641400eac3f60e516b24e7ca8b093dc49,73
cd5fda855a568fe24bb0e19f4113b6604ba990e4,217
cd63bbc1c8f2a5303f8253b2e35c358e862770c0,65
cd674c60fcf14d184f4ea284f11950a0f50ee214,427
cd69a9937aad13323164a2335c670062ab1703d2,119
cd69ce883f72972f3330d12091e3b3e36e9e340c,137
cd758e914491b2ea6be80ca07c895741d44b968e,685
cd786e593f6aff668545fff43cfa808841fe424c,512
cd7e1707bd7dc661b71cd5087bd22052fe3527c7,677
cd87ea7306973e65c82725907e9caba9383a7383,583
cd8f4b713a59085652f672da844c22c93928fbf0,119
cd90aa6dc4c5cadb2898dc164e0dccfe5f11e390,512
cd90d0513fa12191fca3bc54bc60d29cf427039d,68
cd9445b97802fd5b88bf2cd1eca67b03c1a7cf84,21
cd96a21d5370e38bf71fb55ccce9b624e5dd973c,87
cd9e0efc3025e201af9939387e4b6dfcff262f90,48
cda87d6231e2ae56810e9050526c78d9ab5a7b97,482
cda96268c892444f551d9b71053d50f4e91628f0,512
cdae7f988a050ca902dfc22989fba8b4572f23cf,41
cdb91d03ceebdd70a4fc9f264cc6e26cd42f9d17,273
cdbf2cef7af173ee00e5cc5afd00cdea2817d5f3,409
cdc232ef3a4ce28efc89b140c9686de2f55270b2,122
cdc2cb66d31cd6c8d3c6c1977dd1c443e7e1cbd3,49
cdc30249c6b99b4f05c0ed1211568092d2657abd,685
cdc54ed7847cda0ceeecb83120ddf994fdd1fb6c,237
cdc7becb9fd6628fdb9c040f5f93140e084329dd,514
cdc86c4b324df6bc9768a2db73f017b52c7c0c96,503
cdc8cf1d4aaa4782736c0bb37c1471983accfbdc,68
cdc91a0fce5ad941772043f86bc1ba82c29bf256,544
cdcc6ff06e2bf4423b2fb0532d9dffab6218e820,547
cdde7e08f217c31ddcf0d6735996cb870626cc01,677
cde88b7f8a8faeba84664cb5be361bc4602ffeec,139
cdefe59c4392258c304942f022b7f0db7e39893c,281
cdf1dc9ac2c347193b9164c24369b26509731723,265
cdf9fb0811c8af6fd2c3fa50a4775aec9a907be0,546
cdfbf2be0c56d368af5209f5d0d4b7b7777188ce,643
ce04330f93ca00331796ff82f297722836a57c2f,743
ce04d6e7e8f73d8059bc52de5b853efdb965ef50,119
ce054a03451444fcfd249c10618c6b64a9b0f05f,547
ce0961aaac86cb34af30aeb8dd9abf26b14bb50e,4
ce0ba1b3899b46eae2697e18294efbc9206313c2,634
ce0c692d60a2e63de26cdb5b2d5b3d661749a444,580
ce1b3d98c404c5e2f42cdaad4c8057fc7f97238c,168
ce287977b65c5c0e9a434a7e3403e598ab9a936e,482
ce2c68b692b5463cbf61300c4181dd4be07bd42e,700
ce2da39cec83f3e891ad74fd738b700326b4b51a,646
ce2eef173bca404beebdedaa8d2ea3f2a88704e4,551
ce328f0f02a0bc37b6aeed33ae8e9fb73ebfcf38,17
ce39500d69001ee6da5c06d1605733501ba4bf33,765
ce3e397c2759f6a72bcbf6229aab542537bc775d,202
ce3e870bca7522afa0af0f7156f51b64f7ff7b18,702
ce3e942bc7c05fabaaeb6951468fa2475adbea9f,643
ce40cfb93832510ebcd80fde10b3554bb7465d18,202
ce505a1bb39cf32e16afc41f9a82f85fe69ca87b,523
ce5243b769c9dc107fdf9febfc09552482fbdcb5,68
ce552b0bbfba161b04c536b3a92ba4a6acb5be1e,367
ce57961f044fc3c87326d0fb1cd5ed736696621a,21
ce6108e215ff4f816c4e88a1fde06d8335390895,141
ce61cea12fc8743fa8535a8a7c563b02a2dbd5e2,560
ce655b396213c74311cee4f47ae9bfd7bac7d63d,559
ce667e6b464297c7ad1bf63838487893b00fa2de,73
ce67961c60e22e43985b4146d11e30b763e95946,170
ce6878b98b9cd739d39ae460edc4ef20d8274035,46
ce6fa807257d2b8a48dfc6918ffe1a8559ee086f,86
ce76d77637ab1554658be5ac747d708db0c80944,600
ce86521efd769dbc89a4b2a0a1cd018a721b253d,47
ce87e7eb500dbe1f20d046a080e96e88459c126c,655
ce881be8128f125d8ecc109aebb4d7dac97c8168,453
ce8a8e34eabf149fad085a5ebe8a2fd410b19575,458
ce94ac4d838bd79a9c5a609edb465e44126bd91f,46
ce95e2a66eb4964d8a7319b92f01ac5f9669d012,686
cea710d2475a9e2e97e995674cef51233eb5d386,518
ceaf1014a1b5072b42be043a5b2c7dcd231336b8,27
ceb0aed42e513fdb91c6fa7d3da91dc0b0e02896,21
ceb618f10bcc2a824ddc174c64c63d9239c7492f,202
ceb8e1400f526596c965e58bc6c3f50454f430d7,603
ceb8f5c24898c0eccb802bc51198f004cd07f272,688
cebb807f75e7150ede6261b043e4cda1d070ec8f,513
cebf2814615cd8ee3a0265b517766cf34b3975d5,491
cebf9df55410c0a9433ca78b8b8a13cbf7270130,202
cec01692a11a2753450c42d303366d7a9ea09d14,459
cecbb8166354cd18ea836bbd7a3969179442c7c8,482
ced39f2d26745e72db793832c7dca1ff0c41c0be,441
ceda24f51098159bc076179ca9f5de119faae17f,726
cedd618bd6d4ae10f77723a64112a0fdce1d0ded,766
ceddea2026d2478c36206492850dd1e9cb71da08,396
cee12b41e9955a9069998c389c834a82386a87b4,676
cee4511b27d66ff9734a35730fc5a9f62f1603cd,717
cee508a8548b8c2079dc50a77978186a29a21b7e,512
ceea68cf9cc9d50667d55c90bbcbbe18ec3f7a80,139
ceed134574ac3bbd6089c266cbdf1f7e00e0d664,235
cef32685bc5887e99d38bb01c29d80f416d9d34c,21
cef7d4b01c3a3722203cd13a22ff21c6135c015a,282
cef95155f7b17fd19120e5281d2115c72864ee38,591
cefbb4cb03d7d6c2d1f815015a1a5ae3e3d11474,700
ceff9fe4194cf38a29a28535ff2b1dcec4222892,332
cf08b1348b19317040ea12dba13dc40c924f8883,482
cf0c4b41c9899e20935c11ce5f4dbad1d11f643e,202
cf0d5cee087daf4635d1627cd30d170c1361add5,56
cf0edce22bcfc80a698f38fac78da09eda02de0f,607
cf0f258c8c754a9b6b7955b22e87db14345b6a43,192
cf120111928fb12a99a8f49aec48d6ab3b3ed804,197
cf127e36ab5d76446aa69ab50c8d952a001ef60d,638
cf15c1fa06cbf5723739cb737c09a35169c13af4,505
cf1b05850a37470e0e5c45c366e274c5394a063f,491
cf1ceab969cdda8c4e9ecbb46d48efe398fa2d68,264
cf1dd7f4f9fcdce373117b3ca6e0a8a0c63ad581,384
cf1f3397fa63a5d849a06b1925343facd0ce7d72,195
cf254bdfb2ec88afea9162aba1a99f947c58e8f7,482
cf266b1101e2b088787cf225deab257fa42dea94,144
cf29564b2e3454fcefe4b0629300000247e9e156,146
cf2a7f9b03c8fc79180719a87236b9a21cd914ac,341
cf433581cd2bc3e4bfff1c1e9a0642fea8b84cec,535
cf4398bda0f0fe6ca05e87ebd716a026d41737c6,128
cf445d0c29dd0ae265874b95ffb13988fed13b91,333
cf44668a0184d7ab16b65a91a1589a1cad1fc7f5,637
cf479c55e2cb482293b841853c88796366fe382f,649
cf47b38568d5cd108fc9ac5b61644dc24670fb00,742
cf4b10c0c224109e6ebd70ee5a3f51e0f96eee10,585
cf4c7d8b8e9cf76ff6c1a6ac079b9d30fd2338ef,600
cf4f776ecba1c3910173526554f1cc289124cb94,17
cf4fcfbf1ef54b73a3412f8edc597128f6db8c2d,73
cf52cd986ce1e6ade0880bada458cd33da29569c,709
cf52f6d66b54afc1c71d400bbf100b01bf544301,35
cf57358c767919687607f8d79eba781b4bd60eee,237
cf5ca3563bb4de08490442ee54327c9e36f9098e,430
cf5f14209d70a6becc48fdb7a23d76e1113bdd8b,482
cf63580b1afba051f6ee31e8b12208644dd8992b,42
cf6cf6fdfeb08ddf45720cea8321c6b8adc0cc2a,553
cf6ea517c401677e22abd2b07ed0989bc9c01e7c,21
cf71717f631105f5ed25620415dedd746e9d718d,696
cf74460351f209d22feaebc15901ac8e6346ce54,168
cf76eb6e63a4990f84ea743d77ad766c59f6db60,241
cf80d2a8f25783f388e243da61348f308360ea10,68
cf81462d1ffbac38c7673fe4acf99b0525513420,677
cf8df50e40258f160e350c61e55e6247f368e1e6,61
cf8ea82b4613978a2af16f6827226a302ef9293b,559
cf90e31930c1e217ab5f299b2d5614e7ebff85cf,607
cf948197ca5bdcb57aea19eeb5c187d608cf3b51,735
cf94b118d1b0b86d296b5711c8d7bacfd2f5699a,379
cf986a32e41dbed3d46e096b04db584fd6b1f6a3,77
cf99b97548a87a9d9b6422288cde7b131fba7a1f,330
cf9d740c5236c85b312eb906b11bd2059ea27c56,677
cf9e6f8681f455d333ece5f9989c28e5c58b38f6,36
cf9eca8699890a15d83cc6ad970001fd85d27d62,81
cfa0908768ba5f80a59c46dd227722fdad70015f,279
cfa592754af3ee9e4a573085af30957633804758,78
cfa59f968d54f67748b38f3b5c82415d7cff5b57,45
cfa7af4b37cf2ea701f357c319ee46cc8eafd529,585
cfb78629e1f7e39db61e1dea48ce75f84d472701,341
cfbdca12f60793ebd400531f103b8997e02461c5,754
cfc3a87e06cf7446dbbc784576e122ab856a239a,552
cfcaf5d57744e0e5461dbbb487cb4047aaf5db8d,231
cfcb55ceea5a8aafa49be2af2600e1035d918994,17
cfd2191986617f2529429ff6de0494770f0e2d78,677
cfd64730c8a6b56707d9e67e586950d096d1d50c,677
cfd74f029d9d4db2bfc7a36300270b7ad982ee8f,568
cfd9c8ce1a4bb2dbb6cba88390f9ce88be2f9d37,82
cfde67352b0f0aaaa76082cb02d972b2e4d06e56,739
cfde7f815b29b28a1b034f26b75ba97d1066691a,603
cfe3932b1f531ec4266d1f9b156f5fe28906d16d,544
cfe398c7af6d53fb9e2f4a66716714a38c81865d,550
cfe549410f9e820f16e6672b9167a918e4af4c0c,523
cfeeb78ddea0f8b3cd0392a59b5ac71008e6e361,369
cff1064029b9a78aaf1888f446dcc3e7ee14aacc,560
cff3eeb297f9aa18855dd663709ec8807e3e4145,21
cff4fdc812c1e310727285fbb24ef1fa3773250d,49
cff6c988de403bff7bc66d893c4d038b003ffa92,709
d0001ff97d4ebe59f335b91a55b46f5054c05ddf,136
d005502e284f9e70e62d05463f2caacf74b9b778,399
d008041fda49aa9ffd15300dc7881c76601a30a2,78
d011c96f311961b9b149ed31f8366f4ebbdc5ec5,677
d01c1782c8706561ead8d45ba5f0aeb7b4fea7db,202
d01c1c6a25b0aa6ac459d1639eeed0b12cbed575,482
d01c30db4e060f1a450982ccafa24ef1dccb0d59,677
d01cf7606a347ba7e07cb64471395f33b7df6f06,479
d021b212043f1be833ca2fdc7ddf13951072c931,501
d02235d70762e76d55c8b550541463200722d7d2,514
d022c5fb9dcdd5fc81732fa335644eabd14b7cbc,454
d02b42afe415636dcb7905f15327e637e7b0b100,56
d02b84a97a146d1b701e3ca741b973fa9c2931ed,284
d036066a6588ebe8eb740349cc8c932cf62bb818,591
d036bafbb8162f64ceed70a6adeff975ae8d8151,21
d036d60738ab83952605d4f9356b62ffebc54fc8,512
d03f6f2a755efda0d124f29ef527eac240c8b700,202
d043752442f59a1f8e264605475cccd3cdbc9336,533
d043aae9cb3ef73e3d644296e86f9f934340d585,496
d04936bd40476e341c8dd65ba7e12d54ad393fe5,202
d04a42093cf024aa826db781401afd60dd5ebfe1,79
d04c31915e3c6355130ea67f2701470ed7edb3c4,96
d04c558928cf3ee20450985da3929902e93d6f48,706
d0526482dc84baa1622aefbc5e9f23335914f91e,500
d0531f2aa53d5e9640d5dd683e97b6a9f02a492a,17
d05484ba40435ebfdefd3ab196475ce616277364,17
d055b67c457879fc0e07cc35edf95b93fe018589,202
d05a3ffcc1933bbd1ce4d05e61be90d62db1208f,75
d05bc00cea190a72fbcd56498fa1efa92e255335,162
d06251de54f8601af5c1c2d16bb701f91b81929b,128
d06f18d39c6ef0349234fdeb2b3799717dee715a,482
d0715a710f2ecf6ea6e8dd667662883353fc52fe,610
d0785d0521736b7f61a4688e775883f14e083745,539
d07ad1bc2038ab86abf5e29dda0c89c4f0e6f681,139
d07db70480ccde085cb7106f20fedfb0353ea28e,623
d08371c7885b910cbfac997d434a0e37d6195a96,482
d088a02de1f7bfb9f45ce59c09c8b906e9ecb411,149
d08ae9e2082a8c8049f37c524f56d4eaef3519c9,176
d08ca41fdbcc5010901a243fc6096541d8b306ac,21
d08cb725e65c44d766dd09c21e1a66d58a307bbc,428
d0957aef71ceb9c4dd6996ffa877d46d64015882,21
d09a82c9a81dd35f950df01976ae0fc651004a58,766
d09b1da1a057bc00f8273ae2fb7090e8f2040faa,681
d0a019ae03fe154fe4a7bed2a8885ad1efb1e5e4,314
d0a01fd7cbf1682f8955dccc39528cd306862e2c,202
d0a043200d38c6ad4ac31e0dd35651ffd5625a8a,619
d0a704ae3fd664010c832226cc6e2a603de061c1,148
d0abf851135243f53d4c864b850ea52a2504ea4c,202
d0ad426b2f7a745b6292ff6bb20b2e66f43b8f19,17
d0b08305c2996fbcd710c5be8b5f2def91d47a1a,346
d0b32b385b9803d975ddaaed81ca47a3f6a4502a,16
d0b87045780bafa6c5675a02b08b7a1603a4a6f8,441
d0b99cf3a27bad92bafc74fab0bc9a53f7abdb01,482
d0bb8bbed14b055418ee0ebfb08905e9fef19f93,428
d0be2aa990758edbd85fb9dccb9b82b9b79633a7,525
d0c5e6da53be872e61d7e702d3844e2230cb8835,726
d0c7ecefce6146d2871a0623b23445d078ce8e9c,77
d0d26358d264255140882043aba233e1651ecd1d,655
d0d36a38efade9186c37d02142d4421d10833577,130
d0d693d862cf2de32d2b484585ed7943621253fd,565
d0e4929cf9d72422a901c65d842b88d7aaf2de44,713
d0e7b187ac67fa3e028ef72de2762a99946f5306,68
d0e9cff5a9cb8f9c24bd2e5a0eeae0ba45d7fce8,713
d0f3d2e6ec962e73fd4e5a8ebd47a995de439d39,408
d0f41f68d7d5a22d3e16b0782138423c68d032d4,97
d0f870659b392b0332f76ef013b4f9c09c66a510,706
d0fb79a9b7bae5294fe41d74f1e126f27a7e1b63,21
d0fd0fe9397673cfcbdb26cbb65d533cfc883eee,235
d0fda3b642bada81a473295683affa38771d3ccd,87
d101293da88ae8806f440ea14b073877733b0c38,749
d109c5c5292108a1104218be85f3cf4d85c0a75e,90
d10d6f6e329390114076a8bb2d6a20968e7106f0,202
d10ec62bdb2d2f9d0b60a19f3a18656ea9c47a76,623
d1167f02d6eb7bcc8b57fa6bddceb8abd580b0a4,709
d11ad236c48ee354c71420352e8e81100d217cdf,45
d122cb19b7a87e89d7cdc1a9358f2ed902e4c637,735
d123e7c75b6ef3802e33660c727d94829659f2e2,258
d12f20f5d95f5f9ba7cf6bc7fa82ff66dba234a0,202
d131292783aa15e5a249cfddc1c02fc054b7fbe4,85
d13abc23c5eff5391900a21d90ed82375b39c590,21
d13b780d683046929c9b361c03e1fb7ec284812b,60
d13fdc380a60103fa5455a7654488def7a2ac7a1,417
d1497072e0e29670b2589e77c285836cc78a63bf,128
d14b8f8b1d5380466f2896377749e4993ccc9c03,49
d1508063749c212e4b3309cf95fe64c9bcf8255d,141
d156b29a5b91d4066438154f07d5294e82588aee,82
d15dd00483ea4cd537a4a5c46227df120d35efe0,553
d16023ce2e73d277a530ad4290c44aaf87a5ec6c,202
d16084005e610fc5571f4e267da2053bce46f1cc,482
d1670155348175236bf532321f63f74ac5618202,56
d17058cce87ce73a9aef1d55c27e9f6e199f8776,128
d1758118ee54d274e154f9b3065ea8386ae0da0f,679
d17beed52cad394fdc4ea9a076f71978e0ae2eff,379
d17fa3b463838716e337f9cb818bd8775e649a6b,265
d17fecbe036e08ac8717d69efaec528a891e2ccc,202
d1821bedcaf53f138bcc63e56d460530d48cedb1,202
d190ea6752102fc1253c2299388ba18852190358,21
d192ecf23cebef83d845a3831c1a7d9dc4125421,460
d194277236cdd7900e7835e1754b888630381104,532
d19a0f704529c9e16d6e7f47bf82759a4b22d215,330
d19d3fe7fe0e3f7a37509d5d4ec3e1f6003c2d15,60
d1a06fa85eb2c29a5ec3e9146cd89db00b052a5a,170
d1a853e55f3c2a08751d12283d6629f40b0b77fd,21
d1b7fd2eb3c8818113110a9b510bb460d280c463,482
d1bc92a9ead3610dd15932186b0bd343d42db5ed,273
d1be288984d529e45ca2b740939000f791224130,332
d1c7e8ffb7571fef367757dd6cb0acd557248ed9,580
d1d375e21b0fc62654fbda571db379c613bc817f,139
d1d750515983eb3d4074590123559824019b8afd,161
d1da518390692131ba3516184392dc7682c7da92,491
d1deb51cfc7094ad08413a6bbf42a796a16cebd5,21
d1e35c4cd802a9603d0e00ae827ee5109fecd398,565
d1e7c04276c4230948e0aac05197b66a918b19f2,482
d1eb953414462481470fcea4dc60bdab235698d3,230
d1ec5514474b84dee68fe829b7b10d565607ef99,707
d1ec68c419462beaa227b8156bd2ed06d33fc6d7,179
d1eeebe336f5bd3af8b422a4050e149eebbd178c,500
d1f589ebbe3847cce365563e4d50df094ecc2ea0,21
d1fbebe488d933e775bab325824882fff3f615d8,21
d20120a07655057db97d66d25a0a5b07b2cedc51,677
d202e6fbc9eb4b6013a5cd9007c2b413df6399a1,202
d20539b1a5ff9cbfb7988cb79df0d997dd67362b,236
d206d2ba6045a28e03ada36f951affb7742c8520,657
d20e8a644447f193d44d0951820c8dd3a648d68a,73
d21699de0d342569563fd62134744a7e03342697,128
d21809d02748127adb563373d0fbf160aa2fb6b0,523
d21867cb8389d09816b9dba0abc31a20bddae4ba,13
d2195072f0a69ab5b9d84b47efa1af4d3f869ae1,82
d21af8974a3b6dcf6d100b3efeaca62ff708d174,539
d21be0b75aaaf9e4d49b99146cc9cf752768128f,104
d22cb3e36d855c67b7181768d39d08139fabcf21,498
d22db61e61c5c4cc47ae1ec46431cdb784d935e8,208
d239a6f9904fc58168c736efcefef80bf5e8cfdf,709
d23f8e9e37bf04cfbfee7f902356975034188fa7,567
d245106d999aa229951493c26c9970b52cb1c78a,46
d248799497bd3df5ed9c11ed762008885398d6a9,208
d2488a7cf558ccf6b3b632aa9a56098b99b35dd7,513
d24ad672057f59700147b91921324dc90bfd04df,82
d24ec8e7526be7f46a34f8fdd4ec0824b2c467a0,500
d253b818fdcfab79d1aef2f85b25daf5ab914166,162
d254f764a1862e4d0d649d49bfb2f2633df3093f,441
d256ebf85a5e111b58311938342def286431c2b2,231
d258fee5d495a36fb3dc4d407b74ab0decaaefea,758
d263977d0e6894fd67971b43123aa04b1060f92a,90
d264dd96b6aabf5c842ee8498c52a3c66f1e3f3d,735
d26a0666f2c042b691dc453047949e2d522ddeda,487
d26b0101fa3c836a1be9e3ceb971f9d8d50ed256,202
d26b8041a4fed8edadd2d3870a5d76255715995f,21
d27e9eb03f9ec1f18d66b6eda3d618eed9ec92ae,79
d27f65a5d4ba30fa53ad3b046147fa60d6711069,251
d27fc2cc3267f86a74f9d88823ef97ba7ace1625,139
d2861c908b7da3048a1aa0397b39e598ef35dd29,136
d28b6df3c8cd69e5dd71108984a0aae84a456b10,168
d2907d60498b5aa048436278fc52b473cf80177c,560
d2953809549c1231631d542df818aa4558bc08f4,610
d295a16e5e445f7de28a373ce32b9726269b0e01,637
d29608c932c604078c6aac053aba38aac8df234d,603
d297a75d84249a2b826c7bc7b7eba506ba2c7ff4,746
d298d98feac5f9e791d8b2954fe2859adca4eb38,482
d29d3ec0eb128207587aa7661c8e9ccb021657de,165
d29d5a3a8f8a7301fe35e2cc7d2a6b88daa6f815,408
d2b18eea970183df27b114e272d3189333aca918,73
d2b339879a6d7c3b0bc5d5d51a9d0d0b94726a54,518
d2b6dcd5e916d996659da94801ffe3e4aeac28a4,482
d2b7c973494332c9b4bf7eea5d43b33324d8042b,535
d2bcef670c5449f135f7b1461fb290137d517851,202
d2be60153dcb5b7de22003436edbbbcb6c02d315,617
d2d47b46f641312ee560012a13b7b22be53050b9,552
d2d5c471f080475781a0813ae01aff332b18e5ff,550
d2e285b424d40eea332cfa5294b48487e055ba7b,582
d2e98fd83b6f0ff22cc77aecc94ed8bd57e1866a,547
d2eacde076182f9806c06decc20e59bc84b6c666,448
d2ebd1f0bb84817d01bc98b39d8ef16e895d38ab,47
d2ee0db221bfedf099bb19b6664f03ba54674810,535
d2ee15d7409acb33c7607fa288b78c8df96b622c,655
d2f182b7c61396289898064fc1b4286984744c63,21
d2f3e22f9c73d63e1d9a605bc6fef0525516122b,202
d2f449007ded81952ac3c5ece4c7d638506aadec,82
d2f55a59f5f55fe119e32fdbbae69429d572f7e3,4
d2ff8e510e153b7914659c70f03aa182bd89a43c,82
d303c85113ca78593c3bea88ad7a3cf8d38fb4b9,343
d30dc54b11539aeb6f2e523c1c832bd0467959c3,90
d315ac4babf969aa45e2c9dc5358b26d45804980,646
d316e534c8d84c751c1667897621062717b6f6dd,148
d31cd2c8500842641a5a888bdd113b945ba4a5f8,688
d32188e343795d84576c433f960c68d7c6475555,343
d3254a3b1463ccf928cf969a619da2ec0b2c1681,552
d32daf0cdf0d1d60daa655ed23ff1106bbfb41d9,14
d331773d319f4163dcb10f608db330efda6929ff,743
d3319e24de4c5de3f8c1f2c0e9df0a6899d632fa,562
d331f0b5db392725508c05c58d177e4d78f04d68,482
d33236f5905e1cebf3ba7d7cb9380065f175730e,237
d33508f1a19f27db67eab128a8aa1658acb7a524,4
d33c56c2d878be82450fb580240c36db245bab0d,655
d3420c105cf598cf412b5bd2c325759afeb7fe71,67
d3481c7d87e1fd0a290d9f95e4232d794e828c8b,452
d35081b0aaafe6037eca8817ea0bc8d6c1073b68,59
d35318c1ff437fe705ca4ffafca2a459906e3bd3,676
d358a7d889bbde29daecfef87d6bf9bd5f388484,634
d362444092a9e3ed1c10755ec46d4e7729a1f358,332
d362e3c65722a0f34ecc8c4b0ad00b63f91728b6,128
d369906855b2ccdde6e47a50c1e0b84603d2ebe4,235
d370f1ae949b2fa731ea6a94953c943aa655ca52,41
d37158b98d9dff5448a8b977e6be3e48154dc463,676
d372e05fec54e6faa8a3746263fe23a3fdd818e4,458
d37568dab764cc6b0e037757a552f4965f2cc246,522
d37a11a27a2cdcad1734be440c1e3cf9ec497100,159
d37f6759975d934444ef6bc6985acd46c1c88dad,503
d3815db0e6de13a270267979ce848ff1f7cad768,482
d384d6ece541694d2a2646210965a02042a444e1,257
d38553cf7b64655c053fd2e6cbbf78d2c8eedb1e,113
d38685d816d5a6bd5a890b92f7681307873b889a,746
d38777be64a2b99faf4968da23e2a9041dc6d6e1,87
d387af10ccaa1353da955a2eea8aa6fba65c3efa,21
d38a72a97eb37a783d3768d724ed783960bf6d06,17
d38b6f2457df19570e2c7a038ea1292722f72839,131
d3916df277a34a85d13ab1335c959a8bc5ec5abb,95
d396525b1ac134563c2b4748f39f7f00f8aca449,606
d39659b36d4e0f61de68badcc65a13e04b23b7f8,539
d39b686219ce4bdd22ed08456e859012102b17ec,501
d39cef7d371cfc026d7ffe4a7da3834d55aff82c,158
d3aacca6577d16458d8270a78790463010fd5769,331
d3ab4f2d0a4c56688ae339e2ac86d91066990619,46
d3b92f23ff5aa22053c8e6742c58f8a60194b87f,735
d3ba61bf5f4e79c3ea9c6b663706af31579d29ed,70
d3bc33183f06e90def2a57d4f785fd8ea272613c,713
d3c02adbe3114a1077c891c1a539eafbaf3b258b,623
d3c326b575b6e6ea1eb25cdc5e170cf9b6f0b629,584
d3c4adb75624c507e7bbc3542d5034895db6b267,4
d3c6241cb5138cf3d4d9b3ca715fc3eb55dfa295,332
d3c89603e719dc3ecc81f53cc4af6be2961e6e36,342
d3ce8ac9b5b97bb97933700c2ddadc907698d111,4
d3d50ab3a6a10a26f8ff9c4dee06ef5e1c80bd55,567
d3d9ae1b98cae06f7bd4999046650147c6dc0fc5,351
d3e7fc588140ed600e52bbcdc8029a4cb9b7bb85,272
d3eb81b70b9e3c75572582a270fd44f504f095c0,379
d3ee071e398a7b9295f6f94c45afc5c12800b1f2,638
d3f4f5205e26f56f2ff20ed02538e4995c5aa6a2,128
d3f9f2da6c70701ff592a5036e49f4164e49ee33,409
d3fb99d49e242ddff8fa80ce0769e348f921ed62,603
d3fc2c14d5fca88f764d2098549463c90c82b7e9,202
d4022b5e4c18aa7c0933b3201759545bb808ac33,677
d4066b49723091c63c24ccd6b899cfca759f422e,312
d40bdc452986c49392f25d582605a2110e4e7066,21
d40df4f6e4ce791e9d81ecc0fb6caf2987ff7588,525
d412073a186a346b37337ea25aea0ffd28381566,735
d41313aeab25deb29a85794e6037174bc2ac7d23,49
d413e0ed87b40b307b54c14963a51f2931d39cb9,47
d4162c5399393d9d3cea8f2491bccf401cde4d5f,332
d41b662fb5320997d35c2bf816b5a21b778b127a,476
d41d25e297ab90c83f5a3f1479a0e23ff09b5095,671
d41dba51d2b3139beb5fffc897f570701c892bb4,49
d41f947ae940ba53e680275c0a136d8a5e30b282,41
d42ab4b68f23a562947a90def7dcc90ba24306f5,237
d42b11b56c5a520ea6eed52143c31e1f87aea55d,193
d42d402d8e0d306863358e2b2e0bd33852f74e60,295
d42e7cebcecce89634222944ad82b0d2e7927e1d,21
d42fc4fe9d3b0c5e3d8ef958e3cf927ab650fc22,241
d435316b066484c36609ea7ec4c0f1cc58d87342,509
d436c951432dd2d41c1f1615f0e839baed7bc8af,634
d43a62f652affccf95fb938339a9bd35bcdfdd4e,67
d43c7d319c938c482c7d88f9cdfefcd132356728,47
d43cc55fffd1fc7dd07b918cd8b903ba8b6708d5,600
d43d9a83e2cff8386eb6cb185dfd27bbdb9c5b4b,585
d4469122fb33452e8376c7ebb6a316a27fca1c86,638
d44bbdacd15736675844d491e21978ac85936ba1,330
d457b2354f103f81cc79a3cf09ddad6a777cf78f,685
d4598811eb06230a39db679e97d18a049ad12fbf,657
d468625aeec2d2920bf81436db87c0d39771bb92,152
d469432425a515ce70b5f3d0560fff58dbbceb72,48
d46d1b13f99e7beeb1443160181a5f064594c173,237
d46e75cf29f5de741ed911de4e378528c6bbd0ea,80
d46f4b5432cad044d8a03a1856e46653fd8fc2ef,273
d4712c2122f6df1f39614295a2824796d405a355,585
d47546ac98a189cf8b18273a0dea11576ef18f79,600
d478d276fe62de5b0dbe09b0c309c946c5779cf8,609
d47909022b84e47aeda5261aef842ae79b2a0eff,445
d47a7a57f9753421ab4f3f131f1ae46121362f23,330
d47d9597bcb5808f4580198b6a741d1972bc9d2b,21
d483b9493a946d0dc866ebb5d68cb78f3ca3fe01,202
d4853f94a27973de7d05633ff9b71e13eb73367c,21
d487974e7f12e375f8b279c2a8c93336051689a9,332
d48ee8cc4e8fcb4a875e70099cd995184025e98d,21
d496b5a06636e02afc85acca35148b02f79b8a19,496
d499a30af3d42e62b09f135c794357825cbbf938,322
d49b3bdec65b11f92df6a08e85f39d234209dffd,72
d49eb8009511ff6fcde3435fa945add3befdb41d,182
d4a7f8018a44660348d78063dbfc4512d3809c68,707
d4ab10b3e363239d7864519afb0e7c9627e92b80,82
d4ac25de0a519b307326e510a35a09d6b7611c27,269
d4bc8b11a1c23b7ad2c93ab04ca8f69a87c95a3e,95
d4be6ee6b9d914289a51e62ec14f8e970595c516,758
d4c18a075e0e5cbfe22e829873c1f32b364a8bbe,202
d4c1cc3833000b0f5ed906aa3d745ff1ad14148b,73
d4c1d702599abb9b9ace73636589a9ef7be70ae3,135
d4c45ae91a092345a8677c8bd5b2226feab4ff88,535
d4cd5b155a871c3ee9a62679aa79054f68537215,52
d4d66f4adb83c011c9dc81c133cea207a68bceed,27
d4dc7de5487f39be44645cea2edee82d561cbabb,35
d4dcfb357d804da362f421b91948fe8acd9848db,197
d4de488379c11e609f5048255066be2ba8c627b7,379
d4ed118406f9aa4c61025da1edec21e3f92cc547,470
d4ee6b75730a6c99dd78149347efa4a4c353bd39,372
d4ef5f2b385e8526b900b17d7c13bd21fe6ea4f8,433
d4f498793ff212bcefe7d021a4a0f26ba0b27d9d,82
d4fd3ce13ae89b9dc162534fe8e96189ba89a420,42
d5029700d43aff05192ab371c9597ee93242e667,512
d50a980e9e1dc1015f40c1136b019f6d5bdd4da2,372
d50e98dda8a2373f528e99506a8674351625e3db,265
d50fa9eeed1306951797c8602d1d8abb4d1d6704,552
d5133a94a1702d88e7bba641fb3f0614320a9877,692
d513e6cca193454a9184a45be75808cbc7cfb657,512
d5143d99696799804d99a13c827220e7518320b4,67
d5180a30406b7e70168bd03fd1ec1675bee39fe1,219
d52011c1dba85c06cdf0ebcc5cc370cc2d2bddc9,552
d52330d23295d146f452498d3f21a0fc2b2d63bc,195
d52634fbbff587af80fa636dc3ac012df1220f65,655
d526da341a38703d0d115fbc31ec473023567c64,202
d52bf80bf097d0d095bac31fc69687ba13cc5167,67
d52c732a5039ddde64fda0eaadb5c65d126dc7ad,677
d531bfabcc8cfd4ddcda20021ce643608e31a803,498
d5327715b08c2147fb2dd33ed19e5b713c78d5ab,774
d5338b11166ebf1462a3a1294f5d81229590e815,134
d534053efb34244cd13af8f5722bcdafcd150b6e,157
d53d14c8e0c43d306ed09cefe427be31f99ef51a,677
d542e892d1a056b4a95a4066ee905834fbb5f3f8,514
d5430be603234dfe933eefedf9eb282e209628b7,709
d5434e12f61e99904b85a9c1275eba0ec3ae5940,82
d54a9e627cff4bced6bc607c689c83c19bfb7031,686
d54ab7fc639bc91a6508fd3542d05377736ad6a7,505
d5537e31971e5674129e8e1b57d434a9daebe4e6,408
d55581d0a2dae51d50d4fb710eddf7dfeb3989fe,294
d5584ef18dc933dd6576cd899a56b2dde5e378b8,73
d55c77674dfcdb77b14bfc36f28e56b2976150d9,217
d55edabe2f75a57b46c9620ab78f0440ae8c32c5,79
d55f6eb0b8a441bf740de1b1ac5c5949d3969943,45
d560f521f4ef92594a66654a04f05f171acbeef1,46
d5623c6ac0fddbb5d9cf80f0ac8eee2767d77acb,675
d564a6925915552135ead2170a53112e2e53d6ca,484
d56742949cb083cb812ab384141b93ab5eecb000,441
d569e16a5c9261d5cf4f4599f680d4e1f40a7b58,379
d56ab240107635ca8cab95d53aa44c921925a47f,677
d56b6f92909840eaf541e69b455f5dbd31296057,498
d57ac3300679169c94685cbac6f26e1e0dddb237,202
d57bfc52dd144a6921e488a2c55a8c2f4a281144,377
d58505bd1202655db51833288f644f3f50ac7548,622
d586b08d9607f88dd48e03c1e530d9f6960f5203,242
d58f6aa3e798688cdf64f0340712c4a80e0dec79,479
d592f796fe5d9d791a5af07cad5ffaa3976c7aa5,608
d59d8f277fdb96925cd945cc8da2cc2a49b57065,17
d59dad278ed0c447a97b38821e5d0c8423347e7f,677
d5a31ba0fca9ecf5461a68d315a9aa447f2b412e,700
d5a35fd662f856da44999f80c3afb243dfeadce1,646
d5a4b8c40482685f729af702f0b128419c430327,45
d5a514a43f1f3831e00e44b2e6798fc7c62a00d7,92
d5a756921d3f291796ff5fd32eb19a5515a09cfb,441
d5a9001253bfe7cd68525d3dd692da49bf2ece0c,161
d5a997f70df9f64e4a4b2b8b739cdd513805e3ef,525
d5ab84adab7ae4c001ad3d6a3ea8bc32e9129889,333
d5ac08e71d0b08dd1a13cb17bc6903670177fdcc,202
d5ac313c2cd514eb48fc54d7bdbaee5bdb0fd27c,607
d5ad921a3d0d390c914676a10bf54ba4f87874f2,209
d5bf1f459f85e4dabc9b2f655abe1847a916c195,512
d5c135a6ead298d7c106469e71cc75694184a126,21
d5cb51b71e8e790f353a2f86dfa43b1b921173ac,141
d5cdaf1c46d9f8d73a554756726aa1279fc0c99f,482
d5d1b54a606f086f0a331c2930c3eed21d9e870d,237
d5d45159a5d8a8d632254f3b454f8732eb5cddd6,21
d5da73afc6de3f6f025c0ab04bef133d7ee60fb8,539
d5dae557bff30b6ced4b02fd063d726169a8cb9b,734
d5dca23b2210635d961304b91ae8cd1598253b41,602
d5e0b2f346e74b0465d2c2150b3314cfb96bacd6,378
d5edaed30c9f53fe12bbb82f6686d39dfb88d348,21
d5edb9efba8d834fd8aefe83e951ed047824cf67,98
d5fb0e340430b91e3b633caa17c56490d85e0106,482
d5fe44be7e67092d923217ccbbfedce2a030fcdf,775
d5ffb2451ea3da034eeabb4a10adb7c1ee83aeeb,482
d6015d9ee76603806019c2130af26ba0852f124d,152
d60ce73e111442619bd37691f33a307f1d7e50fd,700
d60f6953c1db1d52f82b340f5ae302e0dd1e3628,100
d610998d04bdb376c2cae4c560eb85dc8b5dde25,441
d613302a26e91a95d897badbfe4e7ef8e55d0a71,202
d624e1db4e033050f1d1a2ba742186e410eef155,47
d626d2fdcf690bfc3c79b65c53bce8c8605ae99d,482
d631c6d818d6293e2d8579c5c6d67b1db7e015e4,576
d6328744bd086240bc9c131a140b9fdde849c8fb,742
d633e91ccb434a225012ac19e3454bb8d009eb3a,526
d63699caa6e4edde78fc6f14de8dae12a0c6de7e,685
d63c73c5fd05478b9da713c19212e3a705fe4357,554
d641b0771a704508c746f733d69385fc4af21edb,677
d644d729216803550623e0ebaecabc23ca5a81e1,47
d64def610969a50a4f015f04ae6842d06775776b,332
d650228445ee05ee6dc3ec6cde587456306fd435,209
d654345a951862f416a2942d770eaf166fac5798,161
d6589858d36ed95e46724091cf8f4a5a496067a1,709
d65c905a7b35a95272457bd92f742622245eea2e,758
d65d4c5726cfff02b67eff28d74f690d87642c21,35
d65e69a3bb5a38e7fc829a6e6e7608d6f11114d0,141
d660e1be546c6484183e4499c1da7b4fb3fc2376,101
d667d0146a0d651c902b6a7f2d2c17bdb1c5f491,128
d668f3b8148554020d0bfb57c4655369dbaddcd2,634
d6695bf372b1a7ecb89e4594122120f0508feef1,195
d67587044be83bcc476f3409c15d48a222d48a89,202
d679bd644e5c21c6fa2ca71c0206403c4097850c,344
d68314142a420730e661ede80736b0ae8265ffea,182
d6835f1ea0856273912e9ca8d1f399931d85eafb,379
d68666b57e5e37559083b9993c83fd7457748b9b,292
d6873ac6f1322d7e2ef3f48f8f0b07782cf8e686,453
d687bf2ffe9aa684d4dd1d067f9d0e5a720d371d,73
d689b6376f2d82791b0d31b1109724bc2b557b36,453
d68af9e3f4d8cd305294ef3c957287c8b7d3497c,602
d68dae712a9e0872ae50e371cb8646d1876995fe,453
d692d04e52fc8aee78c63a3b80eaed7445ccfcf1,202
d69663df301821fbc0ff479df0a031c8656ec5df,140
d69ba1791f478726b9b8603e3ed3682c87ad4071,379
d6a072697124e01a8122e4afe8c10838268dd9fe,751
d6aa930216b0089e49635fd460f507efb96274e3,168
d6b23848cb9a9313c8c53308d319c71aec5bb284,568
d6b26d289fd366de0e5ac07346eed84215106c8a,441
d6b3ece2262f38f1596097d7091df5ca8f4524fe,178
d6b579213ce59e26061e89aa71b4fbadfb842711,82
d6b6a336ce188666efa8e2ec1887e9c723a365a0,47
d6b78d9313e51ade6a9828b70e07748fd0a46e40,21
d6b9363a4510288ca97d1c9221232114f45ee90f,202
d6ba7312c9f912d81a28d267dbd98ce81b83c987,332
d6bd429f27ee4354786a1ed0d742be1a9af5cd40,21
d6bf4e2d553e5a8cfc8e723544a08cebdc3d9421,34
d6bf758d697bb6d828381620f9c92ebac62d115c,665
d6c1063a6ae53f30c9fe067a5e916edba469eea2,567
d6c2a1d38aa36de9becd3f81c1c969a20badd9c5,482
d6c8e5593ae4f6bd025f2639a66579d1e6f30300,78
d6cbea23271f0f399fc4f008aa9c459ec885e582,717
d6cfe86cdf383909a1410f722454542c2cce3e41,621
d6d20b47b1671b9f7dd923120ed980c620ac672e,547
d6d27a1eb012b5b9a2f9e2588280d7cef5a6ea19,61
d6d8a0ef5f83a54ed2b026da3229bc7278f74667,209
d6dc2cf91ca26c652948d8757073666783c37cf6,675
d6e0616f8dcc602af94a41af9e890b08a32f22c3,21
d6e38cba73d0d01bd97e4f0aa6c6d2345435fda2,182
d6e44fc37f1f91089c9f842f04749e0e87b923de,562
d6ee3a4f2c9677e4681bfcf4ac00159ec4f21de2,157
d6f3bda0910465e92232014e22297390f47aa95c,583
d6f790eac4abfcd668fecd8ec7a2be62ca29ffaa,21
d6fba083d12b30e0b22f152ddedfaa871c71d4e4,606
d700fa640716bb7b9674217bfa6e15fce4c8ab24,646
d70ee45f96faad782344f5fd3aefadd07aa8939a,363
d716bbc9d4e5c65beb2b7cb908b8a6fb24bfb024,46
d7184bc4143ba2d7d38ee2559ee447db7899a1e1,179
d7188e36473314bed8915aa082a8b604d2ccbe97,331
d718befd0e20e43a5c969f1af2c49192fd081c6a,239
d727d14657bb4be415143d46dda18ef481278a4b,21
d73c01d7ebf0a394bc72305e0debf1914e828bfe,202
d7402299a6177d5a20faa985349520fd9f544d50,65
d745a994e96a96d7c692c22789ed377cd71f3ccb,263
d749135976c1e6e6ea5cefdfcb1224aace1a4e78,482
d749db5fc3c064e698aeda2ad73ab4cb61c9faa5,775
d74f80e49f58b955f5bb3d84fe52dc6f5b6262ff,313
d752939ab94eff249df77360aaf14242a987113b,308
d7597aa53571ce6b80e8c16d8454099724a92572,527
d759f22c3ddd62206d37db8f25cb8c8e069c3c63,168
d75f4622a39595f9c630cafd767d64064f48194b,21
d769dbfdcf8b9b91cc6d92aab0b4d229a84c5a72,128
d76d1cc39798b11d51a9502e5b18b4c198e403b9,552
d772b659312fe14bd279cc6415902d5816d7de9b,97
d778f2d44c243ea6b57e3ce4df898b070926d7d6,491
d77a15a432779635a62954529324d14996249871,655
d788c648f47d05a775133cb0c2a040fb5f7b118f,65
d793e45485e3fe4cbbf8273ab2b3643fd3117132,202
d794c1b890dad2ba2b86af83b4f2f80499ac54a3,60
d796e28f1356e457513eab2ba2c91a549ad08bcd,202
d79a056fc25f7428598df4b45b7e126975339259,79
d79aa94cc8edd4cb7730848fd1b58629ce6a93d2,47
d79d97f4c902931510da4e87f927e2d4d7dcb896,27
d79e69e4399eb9f0eba81952c465f24dad99d0b7,58
d79fb4825e53373da4e921a514199b4389725994,535
d7a70c6d3783b8c6f65341e9e548adb513502e65,550
d7b3af0a468e567ac0316b8b50506ad59bdcb13f,482
d7b5abaa07682357d2224e4e97040582b5410e83,552
d7c076aba885503a0be900abb5beca5c35d3acf6,21
d7c82a7b89f18d22ebfb828250661946b541bbb7,119
d7caf58b5a88ae1a276ec2979a06ca8ea4355081,168
d7cbd34e392405f74f548d23ff8a2560a73488f3,64
d7d25c1bf5ebefa2501a712388d1c49a9d617955,634
d7d27fb737e74afa69c4ab980816d017d40c9ef4,441
d7d5c5621842c6e876b7eeffc35b18eaef957b03,266
d7e4d937c228c1dae51e0f3d06d757b73dcfc1bc,446
d7e6205f3334a77672b5fb15abbb568ad2b4ba0b,545
d7e8ab8d27bb96e400a30c1cde957a376fa71a61,202
d7eaf2f2ba1ca7fb17d27d1901ff4f1ceec118e4,21
d7f070ecb347a2413e7266c6806b4164e0dca64f,332
d7f231706545581d75a81e266d8b5f65260138f7,585
d7fb2f0628ad6ed59f3441525c9443b8207b5563,697
d8010c2cf4eb27894d44655a87807fb7e657b1de,498
d805ea760447ca6e01564395fac97fe4e75e7e9a,677
d8126dcca834c1623c38ae9b6ab3b138573e8d21,512
d813dcd18d290fa915d9aa63e0276a53092d77a8,226
d815b4a2b87ea0b767dde8be31617ba7cbace5c0,217
d8178d6e761bb1b0dfa8a55f7bd3d0a99fdc2690,535
d81d996931a0abd9ae715b591051f1fb2b1b2085,581
d8208a6399efa9c6c6fbf8412b073f1ef4911b40,282
d824ab351f8cd9294cd260bd92aef0c2917d4fc4,510
d827022eed66c9937779c4efbb5450216c68e43c,692
d827c4c0ad0b59df694fc145397d1bdedc671e19,688
d82c9c6e45962d5ca6acd4af5cad4e65beecff60,161
d82d5bf67379c539392f7c33d322cee95c2d0bdb,67
d832e601b1bfbc327b4db86cf0502cb6f420a431,92
d83697e1e4b085662fde3acb91f1ba92a76dd51d,87
d8369c5b4cf6f76e40f0c90e72f9d2b5b07fc7f7,441
d83ba0f7380224c82ddbfc87780d7a9ccf5da5b5,4
d83ce260c0ff05c748120e5fd40dd935e8ec2d70,518
d8421e34a40e5ce074f6dc5b16896556fc21f42a,163
d849e2d0f0d2fc014512f240092a358392e54f82,102
d84aa3ac5184e02eb8f3b0611e4d096d3d401871,610
d854a2a2163bdbca1148a7cb911db44c58c673b4,46
d858615f1a5b223507417f83e6075711b044abde,332
d85e0bffdeb0566d7945db0a4e1b33daff34fdf8,552
d86570f403ce9f83b3967e4d77a0dbe8a326b0f8,528
d866be4bae2b9f3c7c2a2bfdafcc33328a62e934,119
d867b43cea8c867f200ab83f257999ec99ad0113,441
d8724e381f735c852d86e402b4c135fed3655ea3,75
d877353acf60ca252d8f9d8e7d581a9f1ce8147c,209
d8831e250dced0ed219286da7ca1287cadb58b57,574
d883319fae6fc7e433c5b82807f76ae701ef5862,552
d88e72b4e2176831a5a86ff2a47ae5aae2dac266,170
d88fb1d1dc269fe494ad3a0853c38171b3bb87b4,82
d89253a9a8b0efd6a25318caa03a705830828449,21
d895441578d5c3fb60f4c0936ef829267782961e,332
d89d045963f031f946a977e7e95957127d7f1d45,65
d89fdbfdb5b20972aa509de29b5808c0a3806c33,134
d8a00591bc298ea12111ac4cd6e543bc32b6e2bd,202
d8a1534d2a04567fc710e159a04714d8bd62f0f4,228
d8a3a274eea3673807d3a9d3f8901d1af4cfdc23,202
d8a5e0621b67dc3a830290bbf128520e49fd901e,202
d8b7b49e35e257d1c88caa52e8709f9db201ecbf,441
d8bd00683e5dab3a8998388594f758214101a0a0,610
d8be84c5c5aa6d7e69bc07762041f19e7d07bb13,726
d8bf163f295378f94c6d3761a7f6cc959aa85fda,458
d8bf9c7c7d1c2d3262edd65f86e054b7c064129a,202
d8c27848dd3d8992a93704a7a6457b7743804bd1,493
d8c5ae5fad45df14cbf7ff5d44d4d154e1287219,408
d8c7d26dff68696508c2d8f6d0530c682966c8c6,217
d8d85f1b90de901c33de88b8ecaacca83727500e,587
d8d91b879e841d3a593534f1a019621386c498a6,202
d8d9c2e4d49858aebedc3f3bd1496c9ac3d5afc6,214
d8e28a8f6aacc7460b761282549d92e92cbccc56,281
d8e2e73b3799d2825ae31b5e0d873b73698ba8d9,344
d8e3fc55b920ab4eb92e37ca56fec859379e46a6,375
d8e9002ea8a28ef2b68f53f87ef4cd52a28137e2,655
d8ea70784f3bbba234cc0a56ad05a2d6964dbf95,482
d8f0c6f9e6a17ed5dd025e08e7f664b7caff013d,602
d8fb72792e322f97258610f89e0a2d0b6326b34c,700
d8fcbb2faef0bd2ccde4c50a76d79ba5573f7dde,327
d8fcf8c118ff2fe923dd5ced9b5c806dd4864d10,510
d90828c18fbf57ac5583070bd38a3ba512845164,3
d9111db6b5cc5c27dbd15bcb3abb200cf49c6396,677
d91206d317b0d3bd9005f26f39cfa371e22aef4e,21
d913dead395087a2fa44580062b615623398f18f,709
d91eae942e97efcc06b3fe1f59b6f64f4ecb81ea,758
d9235401e30ce125793713dd11e00ec9e23b1b81,611
d923baea94754b15241dc1d1cdf6cd155fa59b39,677
d92512c820f23966c8c154300bf24fcb9e0adbb1,544
d927d061ec8eb84c332c058b5066756baf5bb7e3,558
d92e2020ca6c0cfaa2b0481523f58f743112fa3d,17
d9353cf3dbe214405d9603016d90b0e2af5f15e4,482
d93a2f03498fb74c481e79406ae68ffa9c614d87,202
d93ae424778cef50236cc8b9b2fd31758e58567a,379
d9406607de4d662250456621f4da47ec5fd04c18,21
d9453f2892ce80fd0c257a0e07482d7ef94a79b8,141
d945842f8b9aa56696c48fc6c944b649738b3ddb,351
d946873429f5334b4a66455dbc99e2f50a40651e,79
d94b9c1d1a4862c5f25144f41334e90eadb757aa,63
d94c9a555c502e6f22de887a37e30af31a51ed1e,580
d950c43881663cab8289b1c48a15deddd47b9636,21
d951ea22bc1266ab21baa4ae0ced45a9d73f6633,67
d9532d9ce4a13e95dd412814ac664b01712df6c3,162
d954706aed810b6b018aeb564ef2d761b97cde28,424
d9600db08b0f744a7e685aa7695167b6bd274a9c,202
d9601c32469555c54c88501410242a2527813257,783
d963fd4ae476d9c8fd8aaaef407ec51dbe44dd22,128
d9697e817537a7467d827912a7becc164ebd4686,50
d973172209c53f5d59941a98d2fc3c19aa6ec373,552
d973550ae97c9bb3a92d2d3d5d3356aba214c1bc,14
d974cd994aaef86bec9fb0b4a91b55df4e66cf25,482
d97b4567df5c507bbc56e9b937d15d078384c5f2,45
d985577a856ee40c1133a87ed6f39754f0c9bd74,655
d98a591df76bbdedd45d011dc99b0406822c4a8a,655
d98bb9750ddaaa9156518f6a53ea2a1931c93552,602
d996f800f7fdea0ac31674c92ced3cdfbc0a49c0,677
d9a0e83fe5c8bd94cb0946440bf52f838b9f1eca,552
d9a9234239d549c0cefd4eda65cc9fea06d42791,512
d9aaf9a3c72a3cb7f658bf68bd2790f789c699e1,484
d9b2b5536c7eeee442c05a78ca33d3e899a169fe,634
d9b3b923ca9017f14995d48cb179be87e953d99f,552
d9b400a2547b3ccb7ed392dcd365bd6e65389aed,76
d9b820b1f65faf4471c7e96642bd2bdf795da0cf,202
d9b9fea63a691bccf9165d5998bda4bd76e27dfd,552
d9bb27ea74cf3c0b01fc6ea809ba398e5d105418,408
d9bb332a3f3bafc883fad912e6c3fb8ce190a345,512
d9bed4bdb870d52802854aa10f0c575eac072e84,21
d9c06ca9fbc1075cd206665b4ad7ff34de992edc,202
d9c7742478c112dc8dd10e9573b5f5eec4a10860,441
d9d17d88077b9fc3b1bd1d26f94473c147c1bb43,122
d9dbad75ef0c23235142f59447af1e32c1834365,17
d9dfbd4a41e739cd6b94876f29ab7a9306a7b747,273
d9e0c34449d3ff7a6e069660866aaa33150512c1,21
d9e3b277b445fea3ae41508b99bb99488f212b45,482
d9e5b9cf63e634341052494e5ac64f7f9a88c7cf,460
d9e9e6e831fc5ef9f71281e7c7dc2387bff79bbb,482
d9f3ae38f3aae71e203fc67a8ff7fd41052ae262,554
d9f570b2d4e1043f5d982ca4793db912b786e018,54
d9f8741ad25ed175b0445c14a6f52221950ef0cd,567
d9fb9c57b6cfa2441f874f0c13ddda808e04592e,202
da005e4758ae2d72c01861ab87429ff47bade1dc,631
da0303188df11a4a93620427bf4e2e5e6ba07bf7,199
da04e2231c5908eb1fc1f29d5935cc23fb138330,21
da08e0dd8bd0ba3a3d6ecbba21f923b9d84328b4,17
da0aaf94ac0f54323d5e98f68b5a487334a20d36,536
da0f34dbd2aa56ab79026ed5f687f860b75f9732,79
da10a975ba4737ccc77d30d8932ef1ae952b5981,527
da117d128b9cee6f702c1b82a3c0efb1e40c3d95,280
da16d31523df01b4cbfae9c535a6a941b6d23e37,677
da1753ddae891386c297dae61703d27b8c59424b,82
da1e1ffaa879b7e4196c39f40e2bfde0bf355785,552
da1f26ab9c0a21d53e4b7e60d37f1c9d4f660b60,470
da20af4e6070f3d768c0a8f59b6b298f59a53e43,82
da24c2e3e79ccbf40f88a39257f7c6c76ff99071,133
da25d1f2fda8ef9214aef96801ca69f6754390e5,482
da27ae892d5b7e1299e380552b1b960da5e0e66d,559
da2b4bb215205d4a15cc6cc8a60297fd5452e756,120
da2c0c05cf8bc3839e3e9e70782d078852737cc3,327
da36197d0f8d38a4e3917f385cd251b10b4601a8,408
da3629d9caa18f19acfeec07c23af21c725535b2,424
da36a6a567d5410c787f9f3a0ea0296f59a8d8d3,610
da389bdabb5d9b6b666f3ef7f782ff9fa963837c,253
da39a8da3dac9623737816519448901d805cdcf0,525
da3e71b4cd0a54faa45163f4dded967a61b41d8c,100
da3e8911d4966b6c1140b862bf834fdc06e86dad,202
da3fb87b511c01d1e4429b24d0bf3f78a9dbb774,632
da3fc1373194044e1c66acfb6a861e814268773e,379
da40e1be7d11567487ce0333bfcf58a9123fd0f8,533
da46e3c8ff5f75301eb011280e2a59c8f21460d2,720
da4704fba9927da95ae98c6180589c1b2e695e50,47
da48b8ddd4bd3a5226297b53e11f9a55c26d93a3,21
da52c35a878130dd3aa42bcedefc497c6457a825,247
da595623e3b5cfca55f1344ba841ea0bb517a2d7,220
da5adb62c0d3aa9c55cf3e09072921a3d04df034,251
da5c63addf7ca3b09696ca51fb7786946fea7218,42
da6537d8dd4cd78d65e3c12da3488e45e832365a,559
da6c6ea8a02d24706096466a531284ff761a6693,239
da6ff42adff9746e5485273d3ce5e201b870a35b,170
da76680575843ffec141074633df4bc99b6a87de,84
da77ebd2a34ecad00250c0084f91dcc0848bd6e3,484
da78df86152c70e4ecc8eb6545ed417203d0bf53,265
da84ccad9b498cc61085ded0f5b54161d413b672,76
da866c3c5cbd0012f2d2779ba02a3fa79d8a91be,251
da86d00712ba023e4879c1e3e4e272cefa5ffc62,24
da887304ad1db7cdfa2b2b9538e59aeba0e946da,237
da8c99b238eb7028442cbc5fae0adaee35f8ae03,202
da91776bf7e066b096f5bea75a753aaaa0a3f680,202
da919aa2f53d6d3de10030760dcb822f92f6d225,638
da92acfa5fdbb7b6f97d587dfbc79a10bc822489,588
da953d026d80eb5d76ff0e34e08d46420f9834d5,100
daa24fad5cd575504f7c59ddbe9e68feb51ac7cf,688
daa72fcbf7fbf1858fc279ffc4b9b97901b5e058,579
daa7bcd7de7f7c9d11a8d1bbd4f8a0f646b5297f,650
daa97073d892e3b6232041f43489810dadc6a177,55
daadba4321a943392487629a7b036a275bc93d44,35
dabed9d78926060d03054848c4266505f751dc28,669
dac0d417df79361057ea80f723cd9e96991292db,482
dac20b7770470ed27e0b2cde7f332ce1653e7f9c,147
dac2ce6c697661ddf0e6e8c829d4955536ef2a8a,498
dac64b6ca54b6b3587286220267f0eb53ced31fc,258
dac66974e03b9cfb5781d9eed06e55665edb98b6,282
dac810c00ab473312d1b6b83e24fdb71fc532fa5,139
daccf2379e81b00365e277c53232cd92872d0ffc,152
dacf0674d2aba3b485bd8b94b5911077ca2b24e2,65
dad00310b903fa29dc491005c7cf6d739828165e,518
dad7d310de51653639e52f8f54a884f21aba95a9,600
dad849ee25a1bc777b7d98beb87988fcf8823860,42
dadf1588b4299e8a579d88764b68aba565974d90,567
daec4871a4df808979851c440bfacfa70fe2a8e6,97
daecb4428db685d1f9851a574b7104ebd3d211df,202
daf51220242ddaeed403735437696fc908177a95,54
daf95d46767170929ee3a7988901cf361607689e,48
dafac339e3e6f74431b292b114417a5b84e7da34,692
dafddfb51e308d204d1c8552197a3352fa71d52b,21
dafde066df86ee761776c5f97ea63de36064ea04,202
db031a3938f4441f30250b9d5ab92b3f33ad2ae0,638
db03ad8700eb8fe5115dd0197812948e140ab462,344
db097a0717aaf3e0bb75f6261240586bf3e7d012,657
db0beb023fb6ecadf93df83fb642f17338c80ffd,552
db0fd44ec6256d5a8b56021c07c810cdfec28d8f,688
db14e9005e8945218b25ae7acddcb3eb4606fa7d,473
db17bd26144db8f79546ad71a85051b2868a75fc,729
db1ae1f36f019e4e38dd878325ed047f752c44c6,409
db20894520acad1aa556243d1e95ae4656baec13,713
db21ce8fd37177d2dd3508e174153874c39cc7b3,679
db21d2ba663ff8e380faceecb4239ac0d2540b01,698
db2842df5bb1e9d5b412a767d2585a1d2c742e62,585
db294a3cfd1f9e76bb117c35f3293a4d75e0286a,201
db2b3a33de6846f8c90fee2ac8ba6b80279a848a,389
db2b7a40d70d2d3aaa3315cb5981ee570512eac8,168
db32d9e60a6f809a9fb19fd5b0334f19ec4635e3,49
db3f60a50fe4945c5e6b6e53adb2e79a3d6295a0,236
db445bcdf84588e3e0e17076e5920f3ef48ce712,364
db48cf6e12d5ad285c89cf9c5e283f278c3fd577,156
db52e096c0c325c6c957ed99c66379d9658e27f7,87
db546db9c7f6da602ce3ba452fd6ea6b2d207f80,709
db54d3dce78533068331f6cbe53fbe084edc6428,156
db558184ad1ce88c52b97588d603ae4d66c09cbe,513
db594c694d4037ae9387aaba1bf061a9a950d694,202
db5f24df6251697efba414c527000536a9d05c14,52
db5fa9df7c1c4caa50cf8a1f951bfd3ffc894b21,384
db6780bfed98b4e14abdf1cd17f6b10c54f984a2,251
db68f2cea4ecd87834d562a3a5a9095bcb8c1ad7,49
db6a6f69f40bbdceb7777e49f6d45ca9eff165dc,179
db6aa8384a3f116b13463e958108a759ae124221,709
db6c7e26330d35a5a2d13eb48ff6df11d70e4c0d,539
db6d7538d155595b8c7db3d06474ff25e39bab58,597
db6e4a00ba8f2dd940932d7cee4c0a34739f484f,141
db6fb959b4c3449b09af0aa66fc1339970680a9c,685
db71cdde291d0a033469f9a1e8a60185b15a0104,60
db7a39b0ba58870a7dc977b87e850af0df02e4ce,552
db7bff7283e23c881eef830436f7bde11dd594e0,709
db831a0edd01b9b61c935d4a989f6d97eaf6e38f,133
db84c15f21b76916238d9b7794f7a903a38f34fc,675
db8798e96c700d6129caef5c0810ce86ac7bc3f8,46
db8b85f39f17ac261677cb6ab078583e48b3a79d,535
db8f80abfd732f10252b5facdd4aa0d3b8834548,202
db931e1d292c7d373c05454e03836a3b46a176fc,510
db96585a5c17c3556a8a93cbfe30af0f3ecb1a11,202
db9745463bfa4263d2c8839a45f7c83d89e27b4e,314
db9aa11a2e957dd0b43314177f8ac816bb74cca4,332
dba21356468fbc44cd15776156cedd25a602c856,528
dba7503e30610323576540d6dc6aaf78bd7df342,430
dba7566ae70cf2f60ab69e70052a9ef30e856eb2,663
dba7c6443d7a0cb5c40c78fa4c556ca992df19bb,314
dbac46bb87b95deba427651fec19f7697e7cd2d1,533
dbae2556eaf16fdaa24880dc1f247d1d418d505f,136
dbb022be5a933556846fec289354b36c7122b3b6,688
dbb4607ec0baceaf9a10e840e3b84de463c8f346,482
dbbcf65430dd3c757aeed9a0929ae9e69897aea3,616
dbbd8f43e2fa4475647d8b134deef8de6a5ce07d,141
dbc1bba6d83a9f4c70d53759393f873d8af05080,202
dbc3193fb6ae07c7588cd859da9de1f8612be6ea,484
dbc65b5a66bd1721d030fe63a1a52dde14b42223,441
dbd38dc13d80bb7ee3d1a085560033d73b09ecae,379
dbd873ab7ce84b57718799a88ee744861a32aaa4,21
dbdc5fa1ac9236945d97fa411db70385c1b413bc,677
dbdd7fb5f139f96ca8ae6548fd2b37904abc724f,21
dbe176e5d32d0fd2fc385ad56a31677776965806,174
dbe4339cb9e12d354738d7cb94886750f9aa8e28,754
dbeb0a71156dbfba2060b639bae7f04439439485,485
dbeef6cfcb08d8f8dafd55673aae0e574bbf7905,676
dbf3408c0aa15111d6364a345136973da16f1c9a,45
dbf909237fabf03216acb6774a19be297d0c6bd2,703
dbfd3ef0e4441c26ba925b12ee1e80412e98659a,42
dbfe584f90440b7ff0300905fc90a85054f05764,552
dc051b5e3d126995ec2383040010960b0083c3c6,518
dc0808816565ba17e1ca657e43937a3fe4ba4cd1,482
dc0893100983c88c46a259a5f000683c04629834,17
dc0b9b78925943e006096411865413402f9cc66c,681
dc142876ae3a4d073d52c6386a9d2c54f85d6d2a,21
dc146568b2bd7805bd6e1467aac18826af4f93ab,59
dc17cc1e64cce94d4eb8086447764d917e911423,258
dc216260fa67b90930b853de5d49e55f0bbf550e,286
dc333597d3d39cf536307364b503c7a2752d4772,219
dc3610f932efaf632244f4b9ff2ae3118820e929,21
dc362e5965beaf4feb505ce03b23d83723874304,333
dc3c09c846c7698929e9e61f8a06d9bb41edaf24,591
dc3ca046c478b19af5cd5e88b2b3140188e61db7,372
dc45ad9637883b8835a36496808504a9f918c3d6,485
dc45b562bfbd041c5f7a593287d270e01559ecdc,246
dc4be1db368a21244d80b5d83f5ffc4a5a7981a8,81
dc50250d6c66fac2ec46824a1bda10060b3deced,417
dc52f6d945e0e5c4da189fbb9fff5200b68a1ec5,82
dc5680318ffffd071f3c7f508988db1b9ce509e2,78
dc57be27d2fb217fde7c6b74476932e5d316b993,100
dc5f2e6a07187797148531224e1a480269e3e174,68
dc65c81e839cf6df495f70f46f111413277d4bf4,605
dc689e2204f569c8e80703ec3899195fafff5a07,123
dc6b52940bf6a76ccf1ddb03a983a43702c3f531,202
dc6d06707cece88f78e98591052dd3e834eb0de6,523
dc72b7bc440d3ff6807fe38415b3368be322120c,17
dc7680ce73347744e4d283e083fa3fe4eb917051,482
dc7724ca6eb4d7929d687d2e047c8111a8ab6427,220
dc7a7b5537e4e7bf8a9994401ded6f192093e290,47
dc7aba9108e44c2969640218ee98e7bbf222410b,709
dc7f350f534dd9bcfe41eaaff3bdb2e6e8eeea32,503
dc89ff92ca38365eeeb7a89d402850852ea00291,379
dc8cb9c13205dcfc9a2635931723d803b46a6162,332
dc8d1cdd3e1ef3fbd016ab6a37f34b94f0cda341,241
dc96a58aa3243316138893925bdfbda827837ea1,491
dc9913907646148276b8907519f6688d3dc73f4f,580
dc9b085cf8aad335a292ab010cdfb5fedb314757,552
dc9e07cdaa8c952143e92eef779fd3d41528d7f5,210
dcaa67deeeec79a76f169e362128217c4c97c244,591
dcac34497a06d8188c6e9c71a55222325611fb5d,441
dcaebeec5f4df5b3d9dfa318d2de0533e8644622,502
dcaf72599dfb0bcc9314b41b5d606c24f6567792,552
dcb335726544d87b743e0f54259246e65b876452,161
dcb4322bd4f20e76749b76e010d22d7e040d4a86,552
dcb66d53f3dd30c62379f10ad5c8be9f1438c427,152
dcbd55bb4b8802bda3198802067c47c87385065b,326
dcbf09cb120f7e15e3e5933a6c27ab47949ba8f3,726
dcbfaa885371b6de7c3056d7ccaffbe89bd0c84e,684
dcc2d6f45afceefa9619448fca1bbbb8086ac7c4,251
dcc9b837c5c66b4c294db6cdd87b6c20588eaff0,464
dcce488c288bebff48f988b0d403591654da5c7b,128
dcd28759ebcb262eb8f4e242003c5f96962b907d,443
dcd37632592df450897f046b2376c32ad794049d,59
dcd78eea65ed36b2093da0006a9d9be2209d340c,482
dcd8882fd04005d313c0a19d0a459136a632cbd7,120
dce385b22f05c4ca818684e558a554232594253d,472
dce662e4b5dabcdb269a0ced9b11ad39f1b7b6b2,768
dced79326dc73385c3e592d0fc5d0132187eb2bb,113
dcef4d3a760e6bb7b7947abb7e18b212a03a7b3c,260
dcf5aa99aacfa297cc95f5ac87c4d526e46fdf8a,73
dcf5e4b8b5d35e0c76db059f83141dae2854c88f,128
dcfe3612ab1083835076104c3e53689a85a82c8a,268
dcfeb040a41b5a174856167155963823adf06977,758
dd02833ac8c2b98c89a8ee0019648e07b4ca1c8d,168
dd0f4c3d7c686b77045bb9fc42cb9507e54d3ff3,330
dd13cbed192e03759b78f80fe5d760308461d0d2,482
dd168afd3fd54794c2a6ea7dd90e3f10a2e1bf70,85
dd16a534eb3bc3eb22834f2c67158ba9bfd72d74,168
dd223440157c3ced8fb68268a72115079cc1b51b,21
dd24cc0a250d242de35ac3e65ab4adc7e519ae77,341
dd2a25e9e4bd90603bbfdd4e0d88b291ddcd046f,78
dd325fbeea13f57700e331e6ce12d8b7a9a900c7,252
dd346172b01ea516a4fd155d2cb240dd221770e3,60
dd38365e984547d153d35e90a3b74c877135ee82,602
dd3b5b03d850ca70ea451073e9136b74407882b0,92
dd45bd5d1d822b60ca87ba8f1ac7e9da3c3d085b,63
dd47d41e2702a0c6570899a26c7498de2218dc58,559
dd4c6c9007352f4503f5cede7fc8d86c3025249f,60
dd51b47e184e7915df5496c45eb74729b71f3931,282
dd541b027d3488dc81ab9426619c3aaa40eafc42,682
dd5524bbccb5ca15afebc5245ea0c065ba996ab6,685
dd5c4cba9c74f980693bb3200b561c423f116007,202
dd5d220167a04e0a6404fef0513ba4fe3ed2bded,585
dd5f83dd4fc25679af1a8f98a211133bbf037c54,614
dd60817bbc186bb39e780825122fd70224946a42,709
dd61dfee316b57f4668ef23611ad2dc3c53a35d6,552
dd635cb5a37551260338a49aabea2bc6d51bdd59,567
dd6cb53bb2789cb29737475b2e7e5ce7f0d3f779,709
dd6dd0d2c7940a92389e5c8b9a29b28d99d82b5c,148
dd708676a189fe39be19bfc52e2a0601b9cc658e,515
dd710aa40e7212b56e0ef7aea9ddf0f1aee17137,544
dd72186a1c7048d6421a8997bff94ff8baf8c6a5,495
dd726bf054bd10f90752142954459b4db86e6d4b,217
dd7a28086c41595bdfbd7ffacee89213827a58a0,332
dd7d1d35a26ebc0b28e6cea278cd25c1e8cc7bc4,404
dd82eeda81adc912e1c886a5954a35cd5ffa0a2e,228
dd83bb2b3c8ded56f338a0a9eb3cef24a01efdca,295
dd8fa000c051c210a2beb0fe166e335c4ab4809d,120
dd90149f58d32baa95c643b3f663a02e65319723,495
dd901b46ffc1eac74088393ac5c10f534c4bbca9,620
dd927aa2c6ca30fb851f5c1d14636475a45e3794,707
dd92fe00cfd33c90e70c895479c243c486e56fba,677
dd95ef51b9615e9f8120e7060d1b757d5602429d,565
dd9617155d22b11346240e9ba63db95947a9b0d5,656
dd9a1260c7b35f766bc5b37df6072d40e0a3bb60,709
dd9a8e5a4584b5c84fa34bbb8bdaa6dbe8956632,47
dd9b03710d5258861c2a6e4a51393afb2703cc35,67
dd9b5e61cc287f87ea353983bfee4505ff1d1b96,265
dda6b9ead8ca641c5f4a403daa73c994e8a2e848,553
dda83fd6a3f1c38a6e18339c62a3bfea90c078e6,21
ddabc264e0498405b9a304841d36c143ddc0a639,709
ddabc293364a0c24b08000c16ed18e95ce345d9e,717
ddac03636976f4968d7c7fb2020c3862a304ca51,202
ddb47b65a52468f76ed950fe9813412b8ec52cb8,611
ddb7a18067533d340c815a004ceca3cea4a451b1,227
ddbf30577d9b4aec6e65b7df91c9d41ee7dad1aa,709
ddc21845bdac01100d99dd4bfecf599e619ad202,332
ddc89a214f8fb708732451f2db282e3a73ec59d0,202
ddc8dd742332d81d75798b8110057c8f3606e685,737
ddd01805f982108d835dae8cbdfb4fbc9f37db94,4
ddd0a153eb32319ac1a9a7295ab5ecacdd9beaf0,197
ddd2540cf1e052c77202f49c24c99c955af66190,552
ddd4350ad79b3e0fc36f1365a437ecc03d1a27ba,630
ddd9006cd3632195c204e0b0da2e730396cd2990,643
ddd9cfa79f219ee21fcd8f86495cef77dcf621c5,206
ddd9fdd2d64b18df3a9880b81ba43494e537d2bd,281
dddcbc56cda7e372a5869d57e1dde1b6d0f38bdc,663
dddd5335920ef1651be3781dabd757456ca66f3c,202
dddfd55313e1f83d6b044254797203941d197a78,202
dde3a6bfa3dfa6c09073e67d4e5a11f62384c35d,4
dde42e94a6f714d73c99ee4480efde35ca95006d,677
dde5e595bfeb6836c8f747dd4c23465479ee32c7,202
dde5f9b863e1656c40838861423542b0bbcb9786,60
dde72bdc9c9178662cb761a0cadfddf6e919c6b9,576
ddee05751a06dd4696acec7b038184bbafa66c5a,64
ddf4a6a46ebb541a5987bb241cbfe596bc07a09c,326
ddf61d32a1dd8469fa780f4735d4b282fb05661f,21
ddfd0e6280a24017e6d2c4a068a236ea58ae5d4f,21
de0115b1ef73e4fea8c888cbffec1909da7da9bd,168
de02879b257d88c847f9dd4a2e2d417406853885,226
de0391b69d38bf5a2277fdefa4c70080dcec0b25,82
de067eff1acd7df92f7e488b4483b1a14b5784bb,486
de0ab6a2d44109fef352b20323693c3c04c417fd,280
de1a3782fa9291d73869e3b8d2c12a8ab909416d,196
de1d3b21d6635d3fca38c8246893f2cd46646cf2,259
de1fe8e98e55cda7364f47701fcc70558b31f8bf,470
de285e0ea947afbdbbfeb7ed282b767ea6a919a9,202
de29a839499db11f469ddba802f7778f95b1b70b,677
de2bad111a493c99e444d5ed060e76c3744e2605,622
de2f11d0c4964f9de88bea62ebe327fcf2ba1b2c,24
de3187b8cd0924761622e9277cb859eefc53d422,677
de3681b80b1f45bd7e8b67c85596b8adc294f060,273
de3833e9fcba2da9878f31144841760cd7f9d438,202
de38c40253fafc9b742663e7189a41ec8f030ef5,21
de396a3288a609e0b5328803e9d6a03816820789,156
de3b2af550605daf10c03f2cf6810d0d98480a4b,119
de3dfc89396dc5acae8c510665da8d1a24c0b8e2,707
de4128b23f505e6f78c29affe39893a3b6726f5b,50
de44ec448f711967a83e6a0994283d41795b14ef,408
de453dd906c29c03ebee6751f5f82ffb575b377f,301
de47a78c669094ad3f94ae976d88d3d57133e80a,67
de4a909d9fcba5af942e23aab551f01c8a44e03e,314
de4a93d5e7179107ab80be98528f4cf361884f97,657
de4af5b283d24798205da3bc8fe8544342c989f7,443
de4c00dab44ad9801064812f1af8dfa8475664fe,202
de5883c8306ad0609ef276c9a9426060e368e71b,202
de5bdee213b6b76a254532b4707c3d109e6f18db,217
de5eab539a64f0e4fb36fc18e711dab0b150c531,657
de5ed8eb8e1516a5eef1b91d381e6f9f7ea2b8c3,168
de61afc8963074c3bb02014b6b8d2ef58cb689c0,139
de67ebfe01ebb1251c79d9c627af2e3cc8ad3a07,533
de697100e755f5e3f3d36548dc5784a2bfb4c580,202
de6f837f67a86918baa73585bb9b8c1ebe8b28ad,21
de6fd1d6ec262564a7eaee56a36342b038a88e9a,515
de7996758bbfb0a25ef3a1c2508c617bbd7bd3f6,258
de7aca6d943bfc76846df0f276f6840d06c8eb12,282
de7ebc9f9ec717b5a72bc4b8bc721329ba450772,199
de7ffe4ade4513ce86999a3e3a4a185f240148b0,677
de8504cb316a1e705cffddae8d2948e283575bb1,525
de87a3fb928a7d1b0d2041437d75a7f0369499fe,502
de88ea605294f260d5d083b1e5f1982ef8888693,157
de89bea4defb5659321c3f6145eb54aab988c05b,209
de9336958b1c61e34027d3a30b6f19d2df95ddb5,202
de9dd58a52771eecf6c79d01ae10b308b821c7d8,576
de9f938d7ca5a9f28fd0c374ecb415d269f518f3,341
deadc3c789f3736c6b796d61702b4514fe20bbed,139
deb0454dfcb1c3827f07ae143fc6dbe7d8a3c175,141
ded2ccdfa61da3c40a589506a98d695200fb9f58,441
ded72e279ee0cdbde706e3a6c445e6b13c39f1ab,567
ded7fb05fd7204e5f79804771993a14297131877,47
dedb4fa04efa5d95bfc3ce96c70fa5daa4c65b75,559
dedffc2935813bf4f8e92ec927c5a98dda4b5ac4,518
def135bf6a9224d9028ef1f9b3963e0d0706f676,441
def2696a88b5550d671b5a894bdd48f6516a93aa,87
defb7eaefe3caf3306ad7891278b6e4acb056ccf,246
defd6feae7f2dc8127771cbf1cd6f41f644949e9,202
defdf378186f4b9fe8d6107257d3937ea7bf94b5,552
defe1ff781d37c2743960dbc03b39b967a6deec0,372
defeb26add94f13f7a246e1c2e029b7e722de9b8,242
df1852b566d9fdaf92d31bdedae40547519520fa,657
df18fec05d01b2f44fab8c7eb18f8ce0dd4536da,563
df22e11bd75053b7b3f1e5b5be14f42b50370eb6,13
df25d5f17c591262b13b5d59d36b8c85452a8fef,464
df2672e7de573e33a3385c20369709ba4ed4b278,482
df28476aa2702f960d4a02d91a9d4007ca167845,182
df2b02e7590229ef27bcf19a216130e0c50009f9,728
df32f8aaa54c40c3162746a956d37b6b85bafb27,119
df357ff3800e39fe87026dd696c0e1a33980d2c0,202
df3734edd719ccb3b73203b05123259c3e037cde,257
df38ba9b7293cbdcfef2fc4109a1d45788704e86,686
df3a1330183a0303faf2cae2367be6e13d6a78b3,600
df3f1b20b7d636dba852f09835629be7d0ed2518,484
df42141767d327c56632db8271cc72cd1556a933,709
df4313ec93d9242429e56865bbcbef5804e309b0,118
df4522f2ef88327dd7312132c128e4c790df0520,559
df5cb61b5ffff480a781c59d79baac9d86b2be00,67
df625c713a398d19c8b1114118212f2914e578f2,512
df65d5f483860b69ade42c9bcd879e0d3c86a98e,602
df686d419fc03adc8517cbbd7406cdd691691096,202
df6f4b48e90c63d1ba69459f26c9cc69cd514d72,175
df70dba908597201b745f5604e69ca4942bb2cae,489
df757ff33fcf308f85cfff9d9e4131ce4fdf0c61,679
df776af1bbb2b7e05ce77536f8ff75a05ef18a4e,128
df78a8e7d48e5fba889688deb18faf8c58103ca7,375
df809b466bce16f96b92397dadf91ded6de31d95,662
df8c2a01294078bb8478dfa4fc071d0db401346d,141
dfaa9a574893c2fd381aa4c89dd8f99d589417da,332
dfb04d2625716bc3f6e32cd93db71915dc3d7965,525
dfb84e3fc716b72a8949da768d8e11c019705dcf,21
dfbc103c04e3517a653d85b65950f1f88fd4df71,21
dfc314788dae55414e82d96dbe78f9d839a6398c,514
dfc3356d06f6776dd28596a4c1a81b0777224740,17
dfce2198346c6e97d0bbbbe5d52795a8f784a6dd,754
dfcfe06ec645a9078ec126ffa813c2e0c02f51fa,575
dfd77bc00b18ab01046d54fb785eeb8699af9d1c,201
dfe0208e3b39d3a56600fcf12007d146c81e7eba,236
dfe363b8889fbe77a68c6b523f8b714d82911934,713
dfe410cb6ff376150145d2c4d6a8714732deceb4,544
dfe968c6c9401cea19a6be3980f4f7c92d48c722,5
dfedb88eb7f283cc938e5d3bde268e0d45466fd4,482
dff21f6497a148482c16b010634ba792d76fb8f8,585
dff86cecf12bff8080c9eb467879b3110a72fa6a,409
dffb89dde03179559e9770704ba69330f231dd45,379
dffd9f2618ba22064be506c15e3736664b0964af,559
e0103cf56594e6f976c230f0339b39d2350f2dc0,21
e0139970320753dd49d6646898e686e4dfaa7509,351
e01c6dfe95a3e45d44c31a37ca86c6419cf4ba73,67
e020e8119b49c148f10fc6b234f32d931398a803,677
e02565549dfce74717a04d4f4d759da620b46c30,246
e02ed977ae98e542f4c4e9c76576438ca22099c2,677
e032a2539aec7e68d8e80c5f31e0eb5ac8afcc5b,164
e036e91589cd9d62a3bdcbdfb332665b04ce55d7,78
e03ad057f3500c998d2b3868918fc5ece3adc2a7,482
e046f8e16a85176d220e370d3055b0b18a3e2c2e,621
e04cc0d5d91ebe1a39505e3b98e4b0e9581887ed,21
e04ef643f518ae7948f51b0580769ab6192d8846,495
e04f9a2ebfe701e8de6c7d0ef577393284d804ab,691
e05ab0fded90cf696119fb94ee09943b4c516e50,41
e05c96bd89224f3bedffb9627eb7a0ccab14b397,482
e05f2d4f2d0b04338ccd9e9d8975460e0096f315,96
e063416f030885f9205ec74ca189cd82bd56ed5c,4
e06941c709ed7be0359076d8a95050325d3c320c,251
e06bbee201b2878358ab762f975647de2dbfa0c4,40
e06cf51694404b3be81109fc5fd1a496be58f2e6,119
e06f2e27063e952dd152ef36de87d0643b8bf8b6,646
e06fce3241d342c285b698df5c900995f9cff9e5,583
e070947b16d4bd88d5a90a47ebcb0f592287a762,73
e07251b66a25c161943d9927c6c4017f1484059c,585
e07a1e22ebe201bc04ae27d194d671f600b31f38,535
e07c29a2f9f670306cc356436912632b71a8dbc4,717
e0841966952512b1147199c2f67972675cbed2bb,314
e084da67531b7f2b80532e7fc61d462991717e9e,608
e086397dbf389c7a4923bb93f382953405c6b328,100
e086c4d25a6cc551f16a3a44ead2627f3059cead,73
e08972207b1d4aad5c1f0271a7bd1237afe7f1df,713
e08c011d0dd25a9ec6a3db4da3d456e61a738e99,466
e08ddd5efd2e68c4ac47b55633ac53e66882ac9d,384
e08de5e03a115375cc17db38b66b22a98774a573,775
e08df1dfe31f4359ad85b9db4361910fab3187df,356
e08eb3208fbaba44232acb7d274f1e103d14a9a7,482
e09641f3f1852b6fc4fffe1daed3487e8bbfb5c2,202
e09fb94779953fdf8c09a11ab825d0ad1850dd26,202
e0a12001b4a6f6658cbe6b3f696a3ba66e545934,513
e0ac9ce0479b51338e21686d9b9ede18851f45a8,688
e0b31de2cfd3d94c8e499238ae7bbcd52118d8db,222
e0b379009f9f4a5742b54f06158afffe908d8319,59
e0c247827c636346e271636c6e0bc6c8a498c829,389
e0c50acf0523258984b84c9994737db48e6feadd,741
e0c7cb234f6f07dca18673eb65809de7b17f9fdd,560
e0c7ed04bee36e058bd4f1d29ff83052904e7aef,251
e0ca8f26055878cfcacd683cbf36c6446ee81900,623
e0d2fadaa8fab40aa2bf275e64f66973fb5ee76f,21
e0d999ff42b495fbcdf1a5e0a3a9fc424e8c7c84,576
e0dda1052720d0f1524fb91e8a551a29593d6595,118
e0e58009ca1eda5705dc88d8a5089ff5f89264f0,82
e0e7830e17bbc04db6e90b417c7c395c81903bde,600
e0eaf71353179a1e3c6e3549bf7577f3e00b56ff,141
e0ebc9f4625341c529283538840101c03c6f101b,148
e0ec4184d31ec85cb016b9be764f60f909c515fa,179
e0ede91a8aa1ba94f956442333152f658f77e9cf,314
e0f3fd10ad3e415d3a4e514f2dd5a6a24354c18e,21
e0f7c23a645e537b416f9b36f2b9ae8f3c76f7fc,49
e0f8da4cd3747397f2279634ea8df3766bdce912,228
e0ff207ba5f90ca0a114eb5eaf0b2d8f8d9fe5c9,535
e10de850de0ae447ae55e7ad3d946ab326be06c1,202
e112244e86a52cb0b96ecfab0d464e87821ba83e,26
e1144f8a7dc777a9515640b157bfbee87f509d7c,82
e116b30266772628bae393a78d8f79b8cd60d8aa,50
e118be7cb2f3d9168054f2c3fd32284802dd6fe9,698
e11a12a5ddb7d9235ec23bc99dba11ee7914427f,512
e11eb0e5a82de2ed0b52ac91c03f5074fcef6d72,595
e11efa5f01812c857bf15d3a00142f7ed2af19c3,27
e12045c8254727a4e7149e4ba63743b4a69d6f64,21
e120613e9e68e5770c548209be81253e53fe8457,119
e120a281773810c6722eec71c19a312d2cf4a659,560
e121d0169add4d329df964b6c91e07187eaf6f9e,585
e125198779dc17b0ad9400e67a250139ff969500,677
e1274741b4928548f9c70d5b209011ab8699dc67,482
e128ca64587240372da1c56aa71778f3a6483647,470
e12bc43a03c28474bba5e0f453b2864a535337bd,489
e12c05c6602c8b1d3086140297f3a1ffd3511f05,717
e12da14cf95b4663dd4257bb78c71ed90e18e463,120
e12ea8e850297b37e80434525ecb86dc66fe3fa4,482
e130723201024e616d81d6a3f8e24eaf1097335f,553
e13b160e0937123b6ea2d1ffee689ad240d481af,344
e13e968ff80157f7b39965c2f5cdd345d9ff7a77,677
e1412a9ceab222ced1f7b904e291d595f13430ba,39
e1434822218aa9cf2a27bfc1116d5aa08df55abb,477
e143cca0692cd54d62c357180c9ab3813fbb76c0,281
e146f2749e5d3c5ba247ec0063ce1af6c04b5693,79
e14a9273f9202f2a96b9cf45128d31e433f4ec03,657
e14b5587329762ed308df1491a25781d98a15e6e,344
e152b09a12885a8bc17f534dbf6bdef033de462c,202
e15751fcfe85ca8e891944429ca159215d7e32b1,236
e15ac7e5a33b17f2086e04d0234bdbba5428c9bd,214
e164a3cee099f59733e3095e504e92246356ff06,758
e16e909c0b019a697c8cef94e1a8ca4cfbaa2f6a,345
e16ee6c3ce64eb8a1e336c4d9703e6a9986ec2a5,82
e170703acc80222bfffebf702f002dbe9ffbebf3,13
e1748337b51fdce88edc964033fd4c2878557d2d,464
e174cbccea86413f49b26a0907de9c8f73c32b9d,446
e1795340c91e46f093e4c6e382d339573f95c84a,178
e1819eb4b009b0a485e9e5bd97d16176263a5d76,208
e18232ec72a17b96ca6734f23c041a19a9c21ff7,216
e1831a5e18561b2705b69998152d011e9d3fee8c,73
e185f161b779132c3b67f2c784e2050df2a69690,546
e187e2e1ef50eabf3534d8114c6c342bab2d5d96,202
e18c1040d4676e5082d6a20cb878a08d1df50bb3,82
e18c55c07de4d490ca538508d2e63e6413687833,128
e18e47d33c22e392faf2895b4a925a1d09d722fc,220
e18e8be67ad330526aca7885f85a5b9801c52c5c,150
e1907c4f89b79fd5d8b2bb38a4f23b161690d7b6,709
e1925c3383d9091b8a891dde7e1cae12ded00599,394
e193650f7ef7619a5cf1b3de53e250462b72de30,225
e197e882c96ac04448100f47c2b1e575f812a3a9,704
e19eee6905f4aa0b357f004f91143429ccab7ed5,757
e19f104bc1b64a96ffd4ca382441457b3837a1d2,308
e1a02693d26f096689e5504561b57b8b1eb60a68,492
e1a2549b6821facbb3402525ed2445cbb076a35d,21
e1a963da08cfee36764a09ee6a4a959182972417,379
e1ab2bc3b393ea2a0e4008b7f67c4aeb0eee073b,21
e1b1f28cb866075afe3d517939eb0c89492b7a1b,21
e1b37827233f6930fd095a33ba1591f16d685215,217
e1b9d2f2b612141e3963b7336816a021b126f353,68
e1bcad24696382b9e5c1d58e7608b37a56a3c38e,634
e1c69c89938ecc5b4c2872fa940a929ec3a56eae,500
e1c96e905a1303429062e37e0ddde99b07bff4e9,622
e1e2b4bbec59d6245b8b45bc7886f487319b8bee,415
e1e75493837e0ccf5cab856804453ca2d5b25778,60
e1ed520bd91121ce922fbae611d51445bf6ff7f1,657
e1f0e2b94d9262a01257cc146400e652097ce780,650
e1f47a8aa67885b9e1c01949b4b3b5b11d177722,441
e1fb3a165c5800e26d6c0db7a3f904617977885f,535
e201336afa533ddf5afe81e821157ea7a13e23f0,613
e20ed3e0d8221e36855f44865765404e6de139f4,152
e21a0713990489bec3059550dbdab14232c46c65,677
e21ff9ac4feb083f870d84acba9cc2ceb75a5199,47
e2267e8ef0d6756e36c404bee62f8f122705baa5,482
e22c7018afc009c13180279724f0b08bf6e5505c,389
e22e81ba02af129907b886cf8b4c7bcd59e39862,21
e230dfb31031c832dc65332c6e771f3e0bfb4e9c,85
e2413cc89cf59919f221128756ea4d3644ba25d9,559
e2432921533a69d97922212b5489fb53f03a8533,146
e2448e84f564eb2af185a874d17f0bc6381bd62a,482
e245d4d432303eaa793b48cfddf325a3ba91043e,202
e248b37007052be945b13d4ff916e973bb312f27,565
e258dfc58d5e7bf3a6703209f925c6e42061a4dc,125
e25fa6e65c7f919aecabdcb7cfbfc41bc44558aa,266
e262123127799c5215fbc3a06928c12d80e5d920,603
e2634f25ebf127d4aecab2be221a371d772c2e07,399
e26b916c8d691b52283ba9caada406af0b2aaa7c,134
e2709683ff800e2f90449dbd8b2f946e7af26b64,342
e2731a38f21018449ae7d7418bebb224e5bfc4df,46
e27f4ca32f88388fbe95c5c6efe1d887cdcc212f,70
e28e5afc7d22fcf39fab99de768fe76e4f53a83b,500
e2976fdd4f674595a8e50b7e8c39414796f51290,332
e29fd85125c39585101e67a466b1bf7b3535529b,692
e2ab83496e212d470a46762b555b8472acfcd8c5,85
e2ac95cdf7377a3653faba910a671c7566f68c43,560
e2b0bcaf47a14d7b0d6eac4cac0b644837fbb270,258
e2b1ac4ffd1ee82b229c96bdfdbac4e2246ae0af,498
e2b1e6583b6589f3111b9940153624b05f85a334,93
e2b4d298a89b938535a8e21c5c34a3ce9c77c062,588
e2b569a567ec431d64b833a9da8ec3fbde8622c6,21
e2b63ba182ff5f5e273233c0f07149ce1cc129f9,335
e2b9f980264a20e2f4215cc199965020d58ac14b,162
e2bc0074fbc612e44b38de0ee2295f43df6b9bad,308
e2c1bdd098f5407e918afffa6270dd6ef5edd195,482
e2c4ed21001339cfc3ef1de6326458989cfc8e85,302
e2c56ef0b5361ca406d47df9cf26fa27d2c3d9ad,635
e2c9c9c0c26fea111b5b640a5ece4527d146e34c,482
e2cae03ab305a361a2463d386e108bb5ba81033b,436
e2ccd148f0d7a380a92030e5d15256ad2043423f,512
e2cee11b187757eb5cc2f109d6404e5cfde490d3,657
e2d5cb6c15763bb35a597019ee9ab09c274be067,655
e2e021f44c8e7727117a54156fdc450a0475c67a,443
e2e0dbd3267d86768958d31759100243c591b679,100
e2e4bf21a453f35760059cf003a530b8ba6739af,622
e2e8325f9292b75b79da4d80987deb31224fa4cb,535
e2e9a7ebc600d55c258bc8dd145a23093b0fe36e,68
e2eb0573c1ca6f2c797aa59ab496141d9d76786e,168
e2ebdcfb15c04645eb0b9ae39b57ba5c54a944d8,59
e2ec24ee4bfb2f405606101731a399c155bff334,535
e2f0e0c5310886d26c9196074f41dfc914aed175,251
e2f466cdb7c5e29f92a93a57ff581e5770015277,265
e2f8afe3ad97e7bdc776c39f692bfe85d0eb05d2,40
e2fbeafaadb5da7a1f3aa838e552ed02ce716286,752
e2fc29a717b5484add007474507b59ec4eb72523,202
e2fef229ba759beabcf68e7020a85d1e687e5297,231
e3016865ef794e469ca31487beb8aebfb0e98fdc,591
e30753229ff2ad63eaebc31479d784e0eafdbe0a,547
e3076a386278d7a356950dfaf42c43267d889c7f,282
e309ce01ec160472c4e8d368664fca01043ef944,535
e30e2b4e404f6825e7630a47a0428161a1956c13,295
e30f1bfed87e19f8a4d408b775954e4e311b0404,679
e3109f758f3b8221ee8e7736d9b65e24db4bfeb9,500
e313c12fa7473974701dda49614d3ad6a7d2b5dc,45
e31e87c0f6709284dfb1c4204e13e78f926ee4b3,21
e320256a53780e51d9384a266db4593248f39438,75
e32122ed4f3e23df3771041fb63f500ea86d764b,152
e322ef162a86e7221c994f7d06387ea54152e1dd,482
e32791ee5436c5b962744c07502088eed9c80c28,557
e32d3b17d74081099576ee0203f0daecc54d3ddb,585
e335474ec9144a00fd6c591e14a172c140ee0aea,709
e335dda4945afd1139826e5caa8e8a56371022be,284
e3388c894151b23f899a81f90c066b102a74ff4f,78
e33a790da1e74673b18c5314df2cfe764314f60e,102
e33dd3cf4dd31266a65414ea1ad82e7b39387e87,138
e33e801bdd4ea7ce03c79123ea95ec48ea28cff3,73
e3415c38d1b1de190829cd3923457c9009db9b5c,21
e344504cfd0f6e1807d2a9870c49b02d6c83e398,70
e349306ffa898b2541e97d5002d402d298ef46dc,235
e34aeec57577350027b4d51c34f4fd824b6a874a,202
e351e02a739ba6ab080cc5c85a8789f33f360be0,389
e354abd4b1fa310f2d8e1e6fb6ebc2df388cf4aa,703
e3557621b47dc89368aa4cdee9f654e4f7da80fb,728
e35cf3626722b9a3d2061de7f4b841cb873eb029,96
e36171f8ef61e35963942847cbfa3886d5eb7bd0,749
e3647b423b6048379eb8195d44ed9cbbce364e83,306
e36ba1a8dafdb85eeaaafc507386699f181cfc7f,375
e36bda975b132f13d63dc4cf85f35b6c22490285,146
e377ceedd942a157cc4cdf6a13c814e42738420c,436
e379bf30eb2f4f8db2604deb9210448b5abe0c5c,261
e37a5d1ea32685a27a53f448ec9f1639664288b5,148
e37a755d9403cc5c390ad162ef5e19b82dc7d6cb,646
e37a83c8a2e3c65a904da1ca63558e82771f6058,246
e38054dc3b9cc4ccb01e9e4df22f08c1ed6f40b3,498
e382ad6f997314556cf0b720465f7f6c13241d4c,717
e3854190013cef4f04c78b1260d955ab0795ef27,772
e38e2f6fe2a80bbeade387d97293c456987f877b,482
e38e91331484c45728301ae4f715e572dfd99720,709
e3908cd07effc6aeafd8c8ecab0a0b2f5789b8e9,608
e3912e429529b3788bae26b67daa2ff86a2654d5,21
e39215a10d987b5bd9195d0071f550c3227b9700,567
e395471a2d08b0e832f535a8539761063be3dd0b,134
e398b5e468d9e6b0524d6af8d7bc93a4e3c39229,379
e39b9978a1cf2f7e3f51198415df39380eb00844,544
e39fcd6f82880fa91f5a125f6391b3802c2e2c17,141
e3a38a0d707037da54a9b9d5ecc72fcb80990e17,567
e3a704c72f8b43a2d20a074f224bed1f7222c087,168
e3ad2efeacc6fb66012737f075f40c40cb18526d,78
e3b0fb1c9a91992703e8e2a4bcb68766a86ff7c2,241
e3b347a1789d6e632b5a96661c876d665277a8b0,533
e3b57eb0cf8647d677c64c09bc5d812c77ab1fdb,544
e3c3e9929bfb40317b5121721366f0ad54cb1079,677
e3c67246c0d0f0233a65bc3f94c0f08e83608ed6,554
e3ce02f9e74135c4d3d8912a3ab975dd7e6f724b,325
e3cfc7e3c28316668b06f6b2537d823698d720a7,441
e3da9862fb02b555236c4c4865ed72706a92c251,436
e3db877cfe509ffda477cf1e6e343589f54c692a,518
e3e02512fcff3b2c55dff4080cccb5c718f8ca27,92
e3e8a495bc3596c13c78ef157dce47f2437f8021,552
e3e94bf2cfe1d86eaa27f30015b7879d4e609e8f,515
e3eca44d651be500b680ab84477a2b4b649c0d7d,399
e3ed1ca3cbd7aa34b5265d95cd0be5f2c5cd1fd1,237
e3ed61b1a533fc653cfa7e0956d6ea8f00fe1d22,202
e3ed8c2514d1317cc5a1e3e9facfb0fcf1f8eee4,453
e3efdcabfe6557e4e399dc846cb372f799112f63,68
e3f80ed8330ae0316f3928d0757a3f1dc9839f8e,21
e3faf9e091c66abd0a814db230d2ea75faa7930c,160
e404c22645f0c6b87681a78fa72abf974eb3aa26,658
e406446dde95f57bb19d565f1b6bc64b84b6c29c,273
e407ef681884274fdef69b2d2178af8c34690cea,76
e408a0b27d3b62cba290560c010abb7ae952a5f8,611
e40d9ae56eb50b8bb0bc0af4d18d856556b60deb,491
e40da978f789b1cbf0a523022c718c9215dcf37b,590
e4119c402864c27ee7714f53a37b3e85ebe2f957,533
e4129aaecbc652a7db60331299a3dd7d04ce8f2e,681
e415a6816358ee14daa09090a5232f3dcaef3489,580
e41e62c1a473dd68bf9b6467665801d5c33ed19f,399
e41e946e9dfc30a76873d785ddf90cde9bfcbb2c,517
e4201fe6f6fe24c142b256290a91d7173927ff76,168
e422acb42c3b2f2c8f67418fcb2ad924f44087bb,308
e42b9669db3c00f4d7c368c91183557c225cd8d9,216
e4362686453f82b39a76875b45fda713adf26a0b,482
e437b60c65268d9d73cdb9d487435a4f930769cc,202
e439fa4ed635ea0736b61da37deb0e98ebec0a76,379
e43df3d133cdb651a436a792772a3684cb822120,284
e446d76854e70109bba315a9611fd651941e674f,510
e44da39a63d9ea1dd9ef29e752400f2f7390438b,441
e44e8f25d8b3e12e5b7111e2af5af63a3d7f9a4e,351
e452a50adfbd35f6f9b71487d0c90934ae021452,282
e4570ec2f746d2b744e2ef31b7d5232093558056,517
e457dfa3ec5a401e79b5816ab393c77d8e54aa9e,280
e458c99e8313258490702f19ef8681d63eac2970,202
e45999d0b32498dcf391216046c8eebafcfcb8fb,610
e45b9d881016b5024f9e8bf01a7fbabfcf906009,4
e45ceef9b1c5a41cd2735f637d57710a4dea8c30,82
e4603f5c6189162ce3176fe12b984bb17e1c9aec,372
e46824b1ff0a14a544c1c13295aa9ec2c0e4bdce,544
e47387f21df5ada1e9dd7d1a7077bc44f3db8efd,713
e47653aec4524f7b9b437c898dce5caf06230469,332
e47cb9ed1cecfa8f98a83c1fea1d7de3a93357b8,591
e47dafeb939aaab34074b4a50a626b2eff0e4bfc,21
e483ebaff9a5b17c375a06ef239f61eaae4242ed,76
e48d20d8f2fedc7dbe7046dfe43fcb1f51430dbe,21
e49244a2acf85c0d97429db6cc85fae64266d10a,765
e492aa98d08f9dc1120066b5faa3437eaee04ff5,482
e49a8eeea1cf14223ef50aada89d740a183a98b5,379
e49cf60c30697d9d233ecc0b4802da43cd237706,443
e49e84d7dd06fd43990b96d2bb2415aa8c41ad29,35
e49f8a489217440e9c494e55d42bc70b7ebb1920,621
e49fbdd6d5349a19b2e89e7b3bd29722bd03c182,676
e4a628091b8777b0c338b2e5b973641a217691a4,663
e4a72b644cb199eba8d951e86ba2461db34571ae,284
e4ae81808aee567adb96b567071b3e598de43ace,703
e4af929c824d93b9b5b3c3d9bb3f1dfff40738b1,386
e4b2342e3a3a19f50e79901b2f2180ea1550aed8,78
e4b38527ec5cff4d4f6e25332c0d37ecbbb27a15,47
e4bb97ac4abb857c44cf6dccdec13bde379a02db,657
e4bc1061e8f187c9670ca383c1b239f967d6a62a,65
e4cd3d802aae32d3ec5bfaa60e4ab6001d7eaac2,544
e4cd904aea66202c864d9929f88278ada0fa62dd,204
e4d7d707b93eb236f87090dc6da10af29c5eaa6f,68
e4dc5b12290c2f60565b6578b559006471fd9e77,168
e4ded2832110f7dbf287d206846faaba3d9d8d99,265
e4e8366bc185bd38b3156566bfc2b6317a4fe87c,713
e4ecdb3f4c1da92252cb841d5f51bb06e98d8599,168
e4ef02c12c1cc309586db4a818c07c876db74fa9,21
e4ef7e334f4e001a2b826d99562e532d496cf2f1,58
e4efecfb86e3d4c2d0964df22a38a2ed436e7279,128
e4f286757bde950d4dfb24d69aff0b58544a3b83,139
e4f491840c848cffbad0cd0dd869fa8b5a7b5bfe,35
e4f52c0c3945c8e1346d0670b7d1a6fb20134380,676
e4fa48d40d01a469a0a4b98ce0052ce36a1805f1,97
e4fa52fe0253c3c6d5e97c55012289b70cb64bf0,202
e4fb2b0d51535696202ffe639c866e9850d57996,45
e4fc6cc1e61d688b44a07dfe0b081733defad761,265
e4fe8344f6e980dc9288a5cb80213db3545f1ec9,273
e500a8b7b2d4ff142bbbb9beb46cc653e34c3e75,585
e50dcfc708ee2ae81c794b7b850cd05d170dbd66,482
e5106c9539997ad0aa8c4bd512e34af676f068b0,482
e51807eef78ebde29a54999f6d12d9f6130f4f25,535
e51b9fc5410df9b5f7d4d8022d86508318e048d0,139
e51c79d229f5aaa8e3812b4aa9360d6f9dbef62c,21
e51cc77e3fc7243966f7ae1826a460eb630b2e42,443
e5257d5e87e7c6b0ed0be5bec636fcaa22e4c326,688
e52827b31d5676a92bea499608bed03a88908626,204
e529affa49da4b81fd49e52a03652d22c3b8ca59,202
e52e0b023a41a506fd31aacb53f3c4f861276258,118
e533473fb0e17e4b9b9b18054a595c6dd0f2accf,168
e5348417dda22066c0df88ef1549a9d8d7604086,637
e537a4283569c365e80305f7738d4dcd9b01c14b,202
e53929778d9450d22df7fdc28d9b23d5a5dca567,464
e53a79ea2b6a3b92cc899fbf506d50e310d15f92,82
e54577d0eb6187282bb34c733c27ab09ab0efe4f,101
e5473aa6348600121d3cf1f6a7199baac182c0fa,162
e5499b508eb6570528ffbf699e9bd3aba5f104dc,482
e549d86bf44708e8299a30ff20d3ad4d6b733f5c,482
e54a2939ca6d8b8ec7c5a73ca79a3cce38fbf860,87
e54e4afda4ffb65eb9bfacf44c1e6e0003cfb48b,101
e552dad8412bd00d630ee3c15c1a5aaa4602b6c4,460
e557c3e3c7ed80f06f7185c7dcbce0ff2a784b47,677
e557f47264c254c4babc6a6c5ed39a9ea1e0dd7d,514
e55ab43683e978b2a1be6929ac5dcacfd6444b35,691
e55bd8c7c5225d7cb7f2685492c85fa5e6f0cc93,518
e560fc45a66d431e218b21aa47dd5da663e7e7e2,635
e561b10e795c66900e64aaddb394c1260302de41,379
e561d5d927442097ebd4b2146d95f636e41b3423,521
e563fc4e836bc132fd9c766500638de89e2034b6,135
e564fdd9cd5ef7f463e8936e3c9d8c80e2c3677a,735
e5671a97adf9be00f0f2634cceac3ea9b8de3258,687
e56c2a5db402ef7fdc281e8d92204b50ea9426dd,713
e579dadad8ec9eb1332d92637d7aed2e3080e260,4
e57a926a2654ee33df843701eb984ed3eb7a3ccc,608
e57c1c46b214aa7e22148b075433787baf648cf6,526
e5802eabf14c28a03d16eeac8ba2575db1dd5034,464
e5803fc1f22ec8ab109b592ead5458e17d33a201,758
e584c79e5fd6a8a86e6bd6545dcaf2d74a22b9be,202
e5880dbcc45af4793a6562b9665a68797b5c6ea1,602
e58a987453a56a63cb707a1bda7e675051f24431,49
e58d88bc4bf2fe1bf6e24607283dcb276ff66be5,655
e58db4275b4233ac211ed7abf76a8a3b5d78766b,739
e5a21c38405824652996214d9a5f0679f8ffd2c0,101
e5a3b7474a7e3887e08b05448620d386a4e7bc37,566
e5a82ba7f246ae07d789a2b48ae2476d17332642,379
e5ab9f4c30449ef733f4093e285e280f75b727bc,97
e5ac848f94c22eba269efaf4b4642591ebdf308d,217
e5ad5e602e04e7cb478c72fd28ec41055e19f3a5,688
e5adacac604be0332c02a2b707dd43a6503f71ef,517
e5b223c2fb60b1a46a5e569fb9d7f35bb1565003,59
e5b8175ffd51c5ab2d372d3579db46ff94f858ec,162
e5bb20d20d8aec37a0a671ed5937b001e82d8a52,13
e5bce76534a274a14882202ddee70bfbbfb1c5e8,379
e5bf2b83b3cdb7bf1590a328a858d1e84f21f56e,341
e5c248fc59720144b3b2498c5bfdc441570dfe89,754
e5c3f352bb175f6b66f3a617ea582ff908ff0210,21
e5c60cf3b3827f8f4fd93fd7629ba3ed7299d775,300
e5d07f24986f03239262b49cab57380a08810a5d,484
e5d08308148a24c4fc4108a26dfc75fe4a9b9af5,59
e5e3bac50f0ff3a06815c402bad27c91202b0332,134
e5e80aa13f0e2afa37b6db1716b2927178f104e8,384
e5ed157cb57b371029151699df82f78072d48b0e,122
e5f90964a320560a1ec253ebad2fbcf24ba8c7de,709
e5fc5c8a0d7d40a1d64586b9e85740813ac97c4f,677
e5fe98c913a304b41493429f493804a613976c25,87
e601269b8f999127765b26805d022276d70a89e4,713
e608be4d23477440883bb7f25c5197e2abe835d6,251
e60da10a5865d62b2525760716d62b5aa2ac708d,204
e60fded08033a79617621ebb3bd4bf68e931a0d4,61
e61580f9b682259e34444d5f6aadfa2b1c1e7118,518
e61826095030ec6450c92955e745715fab4d7a78,559
e61e83fdfa0e1ef9f6033c8dea0af3282a2517aa,316
e61f5724a07b4b229ffd0ce71246c04df65ae0cd,67
e6209ec98f8dab2aec952c7fcb7175373f4367a0,265
e62256bbfa66fa571bc1fbd140a4d5aa1e510eff,482
e629277626c22b768e2de3ffe674ac4cfbcf2995,473
e62a35271a2d0e16e7b3cdc29268303662b26f1c,21
e62ad03b8aa22adeeb95ef156eb7de6cd6f25a99,587
e62e4499cb11530aaf591ceae7fd7b7952f9841e,677
e62f69fd8f5dc823d0d5db7bb5504eb73b7c6dd2,482
e639257c9fe3b287a5c150426dbb5c22af15e53c,692
e639e6c4238bbd475da27a7a3c170007cf44bd74,677
e63af4c1b2e7e1402f7f0a396a728fd0db29d025,503
e63e182f1ca301e0310d53e5d6c4734820e38537,295
e6431857dc16569faba4f99699dff969338aa31e,17
e64657ca44a098ad3ac710ab02ae912221a2fcae,482
e64c144e51fbafd6fc3da58c5ef69dab70127ec0,634
e6558366fb241a7f93d8dfc4a52c0d91b01e72ec,100
e658c23e6b72cb03a93cd2ce91e0c84e7de138a0,292
e65bd2a445d1da74a9cc411326687b48afafb8a1,164
e65bda4a5c2b48189baf97401c79d055b686a3c6,202
e65cedcbcb57fa294cb9a43b0159d0eb95cbb359,415
e6631ae42d064f6435fd26594797b5834a8ee6a5,548
e66670e2f63f4dbbca7ac9e6288568698b6f937c,73
e6738c2628628d0221c3f438c6b27ee9f80f8a35,680
e6760c0d0bdcbf40a6b012b9f4c4793e769f687b,59
e6761513a315f61e184697f7691eb07521efd372,82
e67937b0c92f40c46cee9cdf48761d42e69c57e2,170
e68a9906168d4d03c3ed36215ad1997ff56e34cb,35
e68c867936c343518bffe45d54058f5bd8e67997,275
e68d5106b47afc635d11122628231585f5262fc5,167
e68d5797d5e0314ec440d230b2bbc0fd64aef36f,379
e690c56fea1c80410b54abff7fa58aec5e98c9c1,45
e693823f6ef384ad158286fbadb8fae347c7ede5,49
e69825b505b54e72fb3093d99af4d6e15366be98,314
e699d6cff49cc3431826db07a4ecfd11c0d26caf,379
e69a870e5a7c740feb141103100d0eba11f5e40c,657
e69f7a9847345238c0d58a4e01f1078b3933e646,75
e6a19d83142b707bcb489a5b7ca95a08e1e34aec,470
e6a8979fd27cac7ccf1de1a8014f6a72d28d1990,95
e6aaf017f1086d4d4b934caa3db4265d90d0a8a9,49
e6ac8311f842b1dd9edb6215a48b487f78d6c9a3,513
e6b1f1623047b3937ec9fcbc236999f132338b20,482
e6b2100430928f2a1648325ac0857f2ad61aefe5,21
e6b6b9b7a40e758e06b4352e370784b2383eb61a,120
e6c08202c92e92e735669348482d49ae1e39f8dc,314
e6c23f9cb0c88fee705e7683961d11d92d52e53f,56
e6c2632f2685589ef44d2423208879dcb833f784,518
e6d0162b524f365c4b8ed0942d7adb4e3c8a3502,676
e6d280f47767ebc36c8531724e99c754f56c0763,713
e6d82b380ea010ae5495f7976bfdb99d642bbbc8,93
e6e1e1d61cc18ef81d7ab604fc6aceafcede787e,655
e6e29dae245dadd2c814825df24a457024a17d9d,97
e6e4eb58b5c9f3846db97537ee77f59a7c623020,14
e6ea88b8012fbb801201f6850cf0c8053b1f5b9f,576
e6ed0b9d0ac919608587a246fc6541fc2c536237,182
e6ef2073fb36cdc54fcf556d01cee3f57d3fc183,567
e6f52f48f8b95485d221ddc730a7d20ce2b71f7c,118
e6f77a9248a11b4b0b9555b61ca4c2cf5257594b,560
e6fd2cd350579fbb037c1de58bab00bcd3e851ef,482
e701b0d0e8a54ed45d09ed549247ca2aca848e21,510
e704460452f89cb4c3296aa7e26cd5f49f08d358,482
e70755e9342a109547807936ed563635eab42524,209
e70bacb22bd599b092d5ed5c14f28e85a53a02bc,677
e70bc781a0eaa99a4d635d7805394bec6e6b78b2,380
e70c1476978496f9b80c4c68e86f67f0e7ebfb19,443
e70f6f5276bad062044ca87a8a2e4924abc74854,128
e7193845a6129b5279ef6d6de6a4d23cba564c67,209
e7194ac59174a0d30a4cb436126d3fb58c37a725,58
e71acff9e9057d86bd1c6c49466535833e0b5188,21
e71c2b05b829a59618f3a55b0cdf406bcb2dea9a,550
e720277726f6ce51738eca87ec2f4e3e06a5923b,45
e720334dc1785e19e86c017356bb65648d6c00d6,552
e720d226535093ef5f01410163729fc44cfca94b,510
e72812ff9c94194590e2e23f35c0e68c6ca7b734,441
e728e0936dddaf030b6d24d92ab89e94243745ca,533
e72c2d5121088dcdd510a8adcec5f3cdab069ca2,202
e72e0e747517992ddabdc16cfc59c06c2e729fed,229
e7318e7b7bd57a99e1fbedbaf592a519745551f9,130
e734bf8550d2504140af461e1b87496f1b81f72d,677
e738901672ad7294cfa72a2b7ed201f29d52a33f,688
e73b2f9da97fe6f11f7a6775e1fbed00fffcadab,202
e73cd3892140cffffeeca2d17b5232a75abfb716,552
e73e302235131a7f495eead720b5e2c9684562ee,128
e743ed8cd2b5b4ce14cae6c75873822fa6fa0451,537
e74acd25fa1f81e98d1fd6194c30c51c5cd4afb4,67
e75353f87583be6ad6eadbad91f67d7719bcb862,237
e75d897ca85b356667b2d3455320f2fa667776dd,692
e766f58d70e4ea7f33fd293aa16e55fae8a68b87,79
e76c8275947aa8d5d571e3eed19b77bcb70ceaff,473
e76f111e96c6b75106a0b3adc50f9e854fe418d7,4
e77e37838b844b262d646a0cb08000f6ab80d8df,487
e77eb653e3640d51d760d2aa727439d76839cd4a,202
e77f0532dbce81885335b87f3dd22a0ca8c337e5,128
e77f6ba179d8e399c1eb5153d37ec1c5f36f2e44,202
e78503c5ffe6dd4576c05261d51c980335853e16,584
e7897cdca97da6c64ce79b3121d1222f74023776,65
e78a51246daa8db1315cdc4c443067392db67781,515
e78baa038b31d082a9d96924b0a24f6e476a33c6,21
e791680657a3c68da2b882199aa062880bf6ea0f,326
e797f7ee193d674ea13371201ae462b15ad065bd,655
e79907db2beea7f475cd95de056d40e4e99b442f,409
e7999f207005b28fe61e83d8ae86f49b9781330f,75
e79abef5bda26b4f25db5804c1a61669e0c4e454,82
e79da1fa0a8e87a56053eb7d023605652ff72757,202
e7a57a1e8042a08a3c867b8eab6f01f69e5810a4,482
e7aca460f91827f940dd0b5f707dd40fcd31d845,21
e7b0de6996943fb226defbaed59eb3b8a1420cb7,722
e7b12a526e1b10f6bc8de3e02a4b189b453e5357,655
e7c5ef49a00c16449f993e33234cffc27ca83892,379
e7c734c64cf0225a808d106865a13a0c89f6a942,237
e7d0c8636381f906de0c84bd2635a5bb3a432733,68
e7d23b32304f6b6b9ffcecfa44bbfb6dbcc8036a,273
e7d2ae8535a57e4bca16a5a105bf1a453ac40902,80
e7d9b2f1124e35ca10ca60996ef4792034463ea1,21
e7de8a4cab28dad001065acf400886e6860d5b96,330
e7e04fca88a2ed1271b211a58e52acec00b1abba,441
e7e2cff82abac9e0cf9f144a51121eb0396b0959,602
e7ea9a78b4df2999eff10f686c75f2e4f42dabde,265
e7ee283e241daca2e42ef964a2b69326a6973322,443
e7ee2dd4d0c45dca91c361e2eaf96c1fd1abd6fe,92
e7ef389f7c6cb3258a884055cb6e7950de0dd625,81
e7f87dd66d8573c41eff6fcb526e9cc7e88822e9,4
e7fa14e9e1f1ce7f40fc44864b718d6e2fe9f786,769
e7fa6e71ad9bae21fc17d140ed359de38f23d398,698
e7ff1ff6bbe9bff0baed40cd4fdd875bf6007831,152
e80280881f0f3e61ecb395a2c3cf24418efa6952,362
e804a9859508843b46c64e718f1268a144d31312,610
e810353a25a55e09eb650781ffc876e5b0e0a420,140
e8109f62c0cd89d6a0f2c8e8f4381031a6ae610d,677
e810d80b464d1a7e6686123db2d9ac7c89f0ade1,482
e81920a12f385a3261cc6a0657217a9e58bbc4b6,379
e81a445eaf6f2dc84be2a97620a664e0bb003cd9,604
e81d34dc73bcc8a32076560f428aacaf7f8719a9,46
e81edd73584fe3575f2efe237dc21e85d4d1b27b,21
e82195659f0507401280da254496b6657fa1b7d3,351
e822f4082456650d4fab527ad023909a6a3ac81e,482
e8259d6654193f2f23089c5963192510c02fde46,202
e8262544e14c54426bc90b8b0a3c2e8725a31a54,45
e8267ac6fe57951711367bf5c8269385ccde9187,202
e828371e4d9710bc8fde314c4ab240532fe7fef1,169
e8349401c8ba3dfe879f1fb20a4910f252e6b302,332
e83f1aba3dcc84ac4779887488b85242e84a2ceb,572
e842732961f817822add5de7935655cebf9b4fba,277
e84444448f12eebab63865b0af50edba0e00b0ce,21
e84c7b3815150053632e7bc0b21d7640f8571568,443
e84f7f3f6bdb708f425934ede4733113292f0bd3,73
e851943c57651b80516fdd404f2408aac481d4e5,607
e8519edb0ad536be2ecb6a9819dba2b768613fd4,253
e85ce5f08adeb73824077691714a33b374aa93e1,709
e86bf8f8fcc18b0cf3e6b78bb98e474207de0c5e,677
e870a25ba1374d4a4321863619fa37732e812cf8,341
e871e0bfe351765f8876acf61e5f7a6b99059b7c,720
e875d3d86a48cd5195fe6c573a75913ea99c94e4,495
e87c1aeaf3ce9012f80ab4b143630eccfc4fb997,162
e8800790f517d22529c5352faafb1be8bf220668,713
e881e5e9e3a8ca4ae26fb764f857ba7452fdb957,657
e882cf74d7ca7cfb651a7ae3d681d309bd516a5d,258
e88a36d3ce41b04f85f4a6ccc89e9a2ca0386c98,560
e894bda76fd550b4aad0f946bbb02e4477cc8094,152
e89959e92ccf9e11030263713678c48a4b0d791d,202
e89dfbdca0289426ed49107aa53c32678cd8798d,362
e8a13002c464a4a5b7d77cc7554664ec6ce9e270,560
e8a711ce9210c0c774c3b1190020ca8d48ac08b7,283
e8aa708365201724e6b4347224ec53c814c97b24,657
e8b2f75b80901bc5482b504d1182bd9397f9a0d5,82
e8bce3c35609605fefd179e39853def8d75a815f,21
e8bd93bd646daa2e426c9709b1a0a4f9c23aaf0c,692
e8c0ee6eb951b34341b6be22c722a5b41c159ab5,134
e8cc65f3f9f134620c999e0b6d8829ba31ebaca4,82
e8d99cf4a6d54acf94c8d60aeb1b5066be606b53,159
e8dd8bb38a80f69767941b1eb9c0ec884946654b,506
e8de8629251f3e2678fb598ba3e8080d884c6d30,685
e8df2273839614f594adbee9f31d28f96ebbb5cf,21
e8df3b616867ad3add7db1f3a440c0cff3e7eacd,652
e8dfbe6f596ee696243748cedef64a191feca24a,314
e8e314cff67759ddb394ab927191f7a5edd7feb4,655
e8e44fab90e805c7c20acb48aa3826549a161546,65
e8e6a4cd36d432c3139ab09921ce00a93a3288e7,688
e8e969406e29438af789e7f9f6e10b54b992cd89,140
e8f21400a2ee3482d5ac8bc6446ddf9d5c8e374b,677
e8f24bc0fa71134e501f91979b8ee5c8090b0192,686
e8f791444fa03fa3498f891be832204d504224fd,162
e9048b82be8715acb3b1439affbaa414ccce81bf,269
e909aec7b0d42e47857b64b2f2aabee18b1324ec,217
e90eee8417c9d52621339db535810d8640c68cd0,91
e90f0a7cdb81c8b2786a8f81442bf6a6412a2cb2,41
e913d666851ecbe39a2e7d3ad18c09738a116b07,128
e9179b72f4cc6dde3f20369c16c1f4dc3d78724b,79
e91823cc6f39f316e7b6ff0ab36dcf2f5dbd939f,308
e9188a30849f436aa302780b02d7292e6de92fdf,389
e91ad771e5af30df596b28c8beddcf73bdd219e1,202
e92059d178be024559630a2120d8f07e934dcf52,265
e9237702e21402f0927330472d0708849a6800db,141
e92632adbf04d919766e608a41d4afcb9370d5d9,65
e92801f52c6a3c8b4e63de62e97245cf524331f2,585
e928db1bb649da93587adf21dcda6e6daeb8c7f8,523
e92c6ba7d786777148a68cf78a614ec0de95de75,21
e92cf10b2a943dbf440e0e1848a3e8bc4ef3d571,202
e93355dde14d7e092ff5809f0933f804ae93c9aa,316
e947fed6a5b870bf36dd4b62b309a8a258f2a9c0,101
e9492b0c1eeab17daab5b9d5535bc8271c1c4178,159
e949c7cd5c52a7f091c4184f7d0e9d034f96de44,722
e949d343ccbcbe324d795571fba3d959d727079f,560
e949e26bc134d6d7195a7a341952f5eae48da312,533
e94e8d04a5342daa312aec138765e35177839697,553
e94f9631a25cf1c70a857a97a91628aa068247b4,550
e954710c80889fb7ed34934bc64211f1699ee5a1,202
e95658a36cfec67e0456e294d1378a9ae187c99a,118
e9599b47f71a7a9139c317616b9dc73568d4b924,651
e95d655743eb90666c8b31f990d71a6e032aac14,202
e96804243eff46d83365fc64faebe4bf80799329,209
e96a0c37d4d24da9a5b0a0d721434105564b822b,557
e96c36eae20126e6a82570c5ce4244fee86b9450,48
e9706ec93796c4ea4a319fd57a9fc46b4270208a,552
e97623accc886b9a735e75bb084ed96ffd96a9f2,560
e98162880fd71546b4c0cd33e664352b105a5173,548
e98fe0d099b929385caa5cc91ad521b9976dfd07,441
e993538f4aeaf35b62ca45f83565dd329bd6d877,638
e993881bdc4faf022c51b2c265536b5799f95f99,13
e99587d72abbcdf94243b392d276dc987f5482b6,717
e99623e890752788c098174faf986d81dda81282,87
e998d80a1c0b64df119bc50fef3214ff7a0901e0,136
e99bc63c88339bc4e5d1e706bfef7987eed0cf2a,408
e99d93a0dd66027d71a749f7adf2d17dbad502bf,421
e9a8faff722da44fdafb05f3518c58a3d12e82c5,56
e9ac2998538af49abad42da4ad169d0d2352db1c,560
e9ac442b66a224afa4c6a5523541d90453e1f048,568
e9ae0398fe3a8c58a89d995ae4eed52ca2a347c8,168
e9b1d0402068c9215e9daac22ecf9bb0778b4939,168
e9b936060870cb396e104098c9fe11cbc7643881,726
e9bd54d682ace8e945ebe9772c26780c4b92827a,21
e9c6fe978ddde79140ff2a9b390a5c5380c09607,503
e9c738ca818c146c147cc8a14e4afcd145f4b2d6,202
e9c7f45e911d72810f661b536c04d6a3f0d696c5,234
e9ccaf075a42cb3d2c641e95007d0bdfd7c91a30,512
e9d0a56654205757737d3c5808e7eaf9cc4daaab,21
e9d432163d44bb1ea724b450bc805daeca742d9a,17
e9d5c7d9acf227154110e507323f68e98bdd93a9,77
e9d6ad8849770656aa63226111b656d721447cc8,677
e9d75bd17e14ed3e6fdefbf5058431523464b0a8,21
e9dc88f581fa97bbb422c76ec594153139511cfe,707
e9e1e394d6f816b7788ac9388e50f4b276b92bd9,775
e9e41859998c56e2a0db1a5dda8c9ff81349fbcc,482
e9ee7cf8a8556cf9d19bf0bf07575ec6c70beffb,134
e9f49cf362b28d6d2b2a2bbffdf0ea70f228a5b4,86
e9fd8c0f9fd8c39516ede28fa824825de34fe57d,597
e9fe80c162741119118c8a8acebc041099069dd0,524
ea01a13857342bc6be4dddfbe996524bfb429910,677
ea084773f7db7b68326b12e83e7f44af9a8324dd,655
ea0b825ae9360f1d63ba589cb9c2047605f75c85,491
ea0baa1fe065276c78327a40288b4a05686daca3,623
ea0df45300b99843ef91b1ad7c4ee47a1634012c,482
ea0e73ab78717860f3fe3f882c8b80333a0c688c,128
ea118e05705519b513d85017191dca101711fa98,200
ea11f8dd70bfc8d7ea5a805584474dfe85e988a7,82
ea12ad109a2dab89827ce819a9efe8395074ea48,202
ea19e4aaa7f56dde5c30f09576cb671f5b6dc76d,21
ea1ec59a3fc80407f7c3d84fe2d7d6be340b3d16,758
ea254d7f2f445e8e69533a5540dcd5673d94e914,202
ea2b57c2d163f240a7d3dd6388491bacbf9c3fc9,482
ea2d8fefb0bd3da448fdd7c3abdfac670e00b874,85
ea342868b90f1635b5a1bf6919dc44566b3e3769,735
ea36c8f10f79e04afc22d9fb96f7a318087c57f7,81
ea3793910719517f5694270280f763676ed1344b,251
ea3aa1efbe11eede43f98506b436218fcb412b7c,441
ea3d9805374612bdbd8bf604271db57ac9b4bde8,583
ea472889f7b82a750dd3ad90a63cfb2d34273a01,482
ea48e516299261bfbf52e2018253f14d95f81b17,341
ea4a839df16d0d27dd3455aa2920e8bc751d72a6,82
ea4b3943a6c8d5421f9830b5eefff2a34dad4884,662
ea4e6de87a1f945cfd6633af65259c529fde1dc1,97
ea60722b5189bed9803c860dfea8a8f440b86381,460
ea66d8cc7de1af1da333c9ddb545286b4b2070b3,129
ea67cff1c27fb4cfb084bb7d23bc1f34648ab7e7,47
ea6d6dd1b9817a6f71ace911118ec53420958519,615
ea6f75ffac4e596c2b3075447e03bd7554cb2468,533
ea74870df4410a01b57df7ccbab616077b676246,42
ea7a79ffa6af5e69652243b559362485919dc654,202
ea831ff4458586a0e0572073fbd9ecf3547c22b4,602
ea86c22f2ec29d07bc6baa340b6f9f1c2bd4109f,78
ea892f2a0ea8732872bf8a95620a24d080039ecb,482
ea8b6cfd79ff5519cc5c0162ea04356a1d7efe94,258
ea9236d036fca90c93acb0e9359d1b59382a7441,676
ea9517a94ebdc08f3a81184551b31a1dd1d03b73,351
ea9a97d032818239f47e48695b6b0828b7fb93d1,183
eaa2984bec0249d72b2f7e04a1e4f05c90c09c87,671
eaa5fc6403f827c1067889ea751c576ae7352ed7,48
eaabeccece1a9b8215bb8708cdf496e049bb539b,340
eab836c03be417c78f6295ae2af603dc61adfcc5,655
eabba733990295bde54f84cdd192a07b374a85bc,451
eac7ccfdedff66361e569b8ece39a3bf1595104b,202
eac7e2f55b2d79587ff277cd3e8e35ca88d10147,243
eacadf1e6043e416ee87206bf5941eaf650d5fcd,139
ead2110f1608756e955c98547b900e9c42e35ef4,506
eadf7ebf6565183d188782828b59855a0a15eefc,460
eae194005e8f15a2afd2af5522812f6cfae3e24b,4
eaea52acbad24cddf95df36968b4b2ed9d23b297,676
eaeafe492b41a54fa60692dcc40d2b39acdd7867,139
eaf11375607cd49b9f2f33c0856881f1f105be04,9
eaf39ecf96381a7ea45b1be7cec110a0a6960dec,709
eaf4575e064f56f55c83c3fc5dd492c2779ee94a,491
eb0063c2bac12f947fa98f98407065b3955cc1b0,54
eb011a7cb7b8830191862f427a7628016ed6d0c7,42
eb0c4b0bf1162ec835cacc253b8a3a52b9f2eb59,331
eb13aad8e77b3b67bcd214c500858152de24dfd7,182
eb23ccc0d005f44106942cd18df05eabcfd36bff,49
eb243049132b4951140dee00ecd3e3137b110ee7,96
eb25058936aa2e17ab2f03c54418f94f061ab328,512
eb2978733518efc142c10c24e498b6f026c0fcd6,685
eb2f06dfd8a30062880253c21041008b288fe8c9,526
eb30ca1605c483adb4f71d54b2c6cf05cc9bcf38,168
eb36c71ba259bca02c84b3cf927a88a839059c75,547
eb388a71e81d883adbaebabb33809a83982efc72,257
eb3936f44c17d1f54d68e6dee61f67aed460a0f4,21
eb42efc678e37c5210d7381b604489ac8f50c972,482
eb54881c44a79fb1b042aa78594cd0e59b28f71a,67
eb560a67357a73330ba5ca9f3850f56d75ec6715,600
eb60ebdc0f249252cfabc922d1348d1deb745999,677
eb614727c4200b9ae0f254d05c700a9f98bbb271,531
eb68023187cac8f1ca31a9ba289f959ca04aabbf,711
eb6832ed01b9d7e430ba6b7e36f5b679a775885e,491
eb6afc2e8e9f14fbf6de94025c078c33fc4366f3,273
eb6bea4683fe3995489df907427075581484f99f,482
eb70dcbcb3aefabdab1c0b42318ed91d990ee41a,636
eb748c75037d0d1654641b29eeb35a8322e8922b,602
eb74dbbc2f4bdb7eea139cecc1080361060a519a,482
eb7d3891ba9689ba6539c0e1cf42f662b2d9d227,544
eb82f41dc3d02e0e866d12fe5a38ce9691864164,202
eb846a25227eb050efc9479938db64e68ccf9d43,513
eb9124d0dc4158bed6051688243a5bdfcdcf94ef,269
eb9507e9b931d32b2f080390a0a212b8a29d2c58,65
eb96b2f3f000d1e174b742355270e414bed69d33,525
eb98c6555b0db117e2a28f69dcb5017df84d8a4f,603
eba2a354498275fb21350eb540276b0d25117497,441
eba3e3d2209bc4b52114b6924fb28d85cd310366,623
eba941f36cb3d10b46a10c32aaeed8d8e33357b0,695
eba9d7e2a4b29cf746d985ce466621109bd67c9f,560
ebac294d52eaf6ca1393516f1c7406a96076ec0b,27
ebae2f8c1a544a05783bbd105d3f4c32ceafa441,45
ebaeeb144b10af310196c9fdb4821eabc97f9d76,763
ebb5ddb8adfc9626caa8d197bc4ead7424ba8dfd,677
ebb7f23fa327d74fd75e8ef30ec41a07a62a4848,533
ebc0b2f59b345f69628c425e0b525419cd9d2977,202
ebc7fa58b048c2a434d1e087d78b772cdf12d044,330
ebcadcfde8c02db67b816fff4eae55324b52d1fc,137
ebd12640a429c1f94c770f6a939218116cadb0c3,139
ebd3df97e450a95de8b52bed6fc240a0f36806e7,282
ebee59f68837214e9b7cbf5ef6fbc5fd0200e90a,202
ebf09f4c3b20e32c6aa72721a144d78a3cc43e77,122
ebf650d504086884b92cbfb07fc36f9a2cd8d5bd,676
ebf787cd2667d8bd1b12d00c51e7853712bbbbd0,202
ebf97b4ab3f6a33b5825dd952497a642c19ef81a,141
ebffb115775182700e55996679fdf6f1003bfcaf,460
ec08898973689583119048093a833b3bf9ca3eb7,545
ec0b54477b9ede0a643d40b34b6d964fde813ea3,217
ec0f4a6e39c742d1a90400e9876017559bdabcb6,676
ec14624c31d6cfba2b781cb315ccb933a8dc5580,21
ec1c30e52125ba446ca92930dae51075ef7bac63,202
ec1dac5bdeb67e2f41f16a9463377e2ecd653916,185
ec1fe2c26d519773f4bdd247721d06831a04bab9,768
ec242c238f22264d8d7db4f9b3204dcfd2ccd5c7,21
ec253877050054f761a873d488012751c245697b,550
ec362584265004c090ebd8243f535fcab01f23c8,109
ec3d14fca2b8c98bc866694a0a8e67892caa03ca,114
ec4695e36f05b3955fe3a1ec774fc87073d2c263,265
ec47bb3d78b20f6afdaa7f5088550e491f14035b,45
ec47f2f2dc67eda23b3e99ec8f15542e18bb993a,80
ec4e00767e22cbb68289d74eb7ac4b8d05f2b2d3,393
ec517e33b0851b512e3f2161fef34d59e3c15f9e,441
ec5c698c3c408bffd02ab95c29e198f6f03e2cba,230
ec5e802167f9b9205aaa991059c639a54d593e4f,21
ec60af8e889371307872b0b0f98e12105d7b6190,477
ec6748e80f0ebed4ffca906afaf223bb471c5fee,678
ec68922ce72831c27b7e076794a916f98b321749,498
ec695e55a50228d647944c1894d1d86770d0ec6f,21
ec6e9f9f96806db9bf914b5bb39e3c2bbfb47a35,560
ec6fd5bb0e988d9f0e0fc7adcfba34f10a20c035,21
ec785a147a51d2d6e175b88283c4df2f58444f0a,128
ec80755af7aea80c16cf999a6d5ac555ce37c7e8,161
ec8930c5a900fff5b9a96fc440cb0e78932550ea,500
ec89e4cc09a5cd5bb9a3eb14900ed9eee6433190,202
ec8ac03b6fda0be02426f9e2dd6c1422c6ff4d23,257
ec90a21ef7c43f9a2e995eced6d3fc071c1f5bfe,677
ec92a0a8496ba59f35a4df97c31b3fcd70c55ad7,700
ec92a4e27de78479184777b85caad5f5c7b9400e,584
ec92acbfc77ba10c97ffbebbc57aa85398bb4ccd,482
ec9c8b8cc228c7736f372971eda7eda685a20d64,202
ec9d38f66cf04bcf0eb155a5f2000503ae7bbe74,482
eca173fb9581914b1de0b785f8e262371dca3f37,284
ecabf48adac554e352da2f68523597daee004b6c,21
ecac009534c95b69ae6083a46a4aa6d816732a33,168
ecb1fddde9fabb10d1b9f3036a1e4fe3c811f652,692
ecb9af4935259bdc7ffb580626214106abd529f9,560
ecbb0d1b58fdb1a2e9754196ca3960762bfff598,87
ecc0a5c933a2617d3a9a4e79d9d7549e31ffa3dd,441
ecc3e5db13935accbaa2b93aa6a3efb1aea01908,235
ecc4681b820d5453ecb3a2780d5acb03bf634090,532
ecc5730a9e8d8f08ca297c51497e039581c5472e,677
ecc6b9ec1285a67bf9cd7c0677f80229f57dcfe3,17
eccd7cf034497be487b780993799f13974faf887,4
ecd2911a0a0093aadf559c0acb48471e43a5a84a,698
ecdde56029ece0ed12dabdff5e9ae21bfde110e2,700
ecdfa2800c7ab60a774f746701fee7f8016c9d38,621
ece0044126bb81064d5b06f230b4018fad275fb7,49
ecea3f3ab7fc4e23f8c2590c5d83fbc5802993cb,220
eced049c3ce124651ad4ceb706b09b037c9125f7,482
eced62ba0892a23ab4c0174ce2b35b81e336c004,179
ecf4794f8d740ab68351197bdafcdf36f88acb8a,539
ecf6a47e8dc2b6ec137ca024a3218119d5aef45c,202
ecfa482164b122f0dc9663e78aa45067f4bbe2df,251
ecfe9fb1726ed0d8cb7d4352d18bec6ff2be6e3d,485
ed032d7409686939842dfbc68a18f60756e54e93,677
ed07215cfd9b3d37b361ab8d23e012abf584fc26,305
ed0fa6ee71852b61caef04dcd784d4471c5eeb0b,97
ed10e659b654e9c0ec4efa9a5272669386be56b6,366
ed1100c6670589bad2a16416979127c019f5ebcd,378
ed13f6c76a6b26f6305180935f79dd4d03564448,676
ed19a7769ed659e26c76d0f58fb6340f9bbce2ec,21
ed1a2c9226ea7e2bd6ff00dc64aa39138f55dca1,353
ed1d956a075e84f248de34e9eec980d78156bb26,258
ed1ff5f4cf487647922389343ca7194eef27f838,572
ed2266bf9576573f0683763030998058e4ce5faf,589
ed22f5a932e00cb99ad2efa20c2c610abc2e2dd5,709
ed24396c86c824fc26a955497fd03322fcedfc68,21
ed252fad508dfc5f1f16370e9f34b49af969a222,73
ed333142bdcbb3a74f63d79f312efb1beb5c2ed0,47
ed365d5002940611fb847e5714ba7402705e07b6,27
ed37bd3a470ed87ae90e4fd696d1f4a44cf3a30d,46
ed388e700c0d3aadf08b02411c8f6f3b3d84440f,473
ed3976116a3775f92ab5b3c85f2fe62ca64e7978,17
ed3b294a61308ad1c5c050b8c187caf2f2155779,21
ed4213ec9c7c4a53998575a21ecccc6ca5528cc8,202
ed48a98f29139e4f77896142bc3955e4e0579342,113
ed49355b80d1ed9dd3c2e38cb81b0b87c346b420,95
ed4f76b7081e1830744ed3c6da0351dae9b31d54,202
ed500f0a3d7f7dc0c0f2ec27761dd877596cc166,21
ed540ebdfa02a6bd247d3bc6ad369fed92c8356b,655
ed62446dfc6ecb09dda1a18825f588d4ec04fcf1,688
ed6440830cd5c09348e4a913c832a7a7cd0d11c3,677
ed64c2f942f25001d2d8a430cea0576eab8b4152,700
ed66ca8557e9ab51846aa13d657bcdb6d42d9f1a,255
ed67952997c4617f801039f8c93b198e65a36532,655
ed69260720f440dfd52e2f85a041144ea1a2a9d2,45
ed698626529c99abf02c645ba10386b58a209638,500
ed6a6fbddfeda600f9be1f368819d559854da5ed,559
ed76e74e89e1d65b6262578a0f99bb7535d7ca79,47
ed83314d30ddba2d34bee9eaf4c58e4560ea46d5,242
ed881e86b701766351961a6951b77eaa9c5b7177,379
ed885ba370ef537476567634927eeff286d64d3a,59
ed8a8a652ab7417aeb6bc191b3944930a47df8a4,482
ed92a58051350012d69821bca5020eb8ecfc41ff,21
ed966741211d8f864bfb5b13d0845c871ab2d874,482
ed999f208e4021f3526fd255fae56dbc281861d6,202
eda4b3db6f65cfb1ea2ffbb60baeb912f66784db,717
eda552289e93a96ec5e9900ee490724e4adbbce1,482
eda8b0a107cd4ffb01b288de39317f002efe44c1,73
eda9bd9650a54c8575ff4c77e10597d4067e7695,178
edaa113fea1c63447ed4e628ba6324a991392cbf,21
edac108d1e9e9b776bb0601f21767937974fde96,256
edb57862d97b444dd2818af42e8f07d5561e54c2,675
edb7a0c4d599c90a3494a9c580f024a73bb3856a,396
edba47536e132edb37ad3adafddd13e32c21f5f3,67
edbef41c294b2614f61f70f32127a1f82c75f187,627
edc1f402d2afb4fbf9de9a9740b23d66d219fa30,553
edc909e092958f8ef65c8cd1b3cbd513e25cf23f,388
edcfdd1063205572ad15c9c96ce1fe5c0338f1e8,677
edd5102c39591d62031a79d50989f4a60960422b,17
eddaab7b851f7efedbbea9b0ea131e8c5d02431c,128
eddfbc59d38ad40e0d42840eb970114ea7651197,202
ede2c9ab8228de7fe04ec9f5ac4f7a4cb24bbb65,559
ede519b3073ee10b507e180d7a5ead4de20630e6,46
edeccc8864003e57d94ed7f0c99a1947054a8928,320
ededc61466a9897a5ce2885fece0339752ff5eb4,302
edeeb64be8491c96c3ce4bfc40f777fe74cee6d0,599
edf239c361fa65d060988721d5d354b55b312b7d,179
edf27302e4b671c2fef2ae58a2e89b500c3d934c,17
edf67bec7c3f7665bb89c0e8988433a832afb837,134
edf7be299cc20f82599db129a0cb7522b3aff2e6,655
edfa182f3afba690bc010228e5e76c99a4fec63c,81
edfc11ef9b30c35bcbe88912b0be06e79df943f7,21
edfd85bcdf763cb034e5c0a4a628fa435c263ff4,512
edfe20eb2ee713af902dabf377385e219906b0cc,477
edff22ac08411c4829ccf949ce376b95224c6898,250
edff9f6f5fb92cd724031c89e312a1ed1289eed4,209
ee0209b6150cc9fa17439b56cc68e62b663deedd,677
ee0586590b728257390287e4af7e7a44227ddf08,67
ee171884baff12fc8544bbc87ff751ea3cd91735,280
ee17becc6e7a0217d198fdfbeaf0c73383ae4774,219
ee1a6f10eec8450fdc2987fa8f12575fcdf2f46e,602
ee1b5b0f02f1f58ffd5e9a965d92eb6b753d6b1b,550
ee26931266517b4871cf8baa87cfa089fc4d61b1,581
ee2e56da947cb3fbbb3d6486091065d7effb6122,160
ee3481a0c6d80268d429e6626688af427e882600,606
ee35af0aec4121c4cd9fb88edd5e242b55aabb4b,202
ee36b71c4c1a9380b478f434e285db2e8e56da7d,677
ee395595fea8bc82c53ab4a5827ffc6e889dc2de,677
ee39a31e64dc65db83156cd5c5a66afd4f0adfc6,85
ee3b7303f3e283cb192b659d5056328f4f84d1b3,21
ee40f07cb20db977df0f168709eb0bd99be12f50,102
ee4d2433f34a4d9508b55989273cb31dc6d82f8e,498
ee4e54b44bea232d44213afffd2ec9b3cfc93fbc,655
ee520014f4ea8cce1763c9072da30db5582395c7,775
ee56177a19f378f74d71c1284e1d6268527d9365,355
ee567b400a4780ac40ed9d740bad1fd0d6e2652d,466
ee5901d75b481f19b6371c0105a5589998b15406,202
ee59f1146e532efcfa0bd83940b0f912fd0cd46a,713
ee5b3f17da2bb27fa8e42ee41584258d284a7828,638
ee5d4b045de294a87de531a1ac01e181c493b8b6,535
ee5fd9dd76981542c0cda35eac6f52abf0504b85,202
ee613e4b27d7650cd0fab4e2ad29b792d71e1937,485
ee649adc3ca5796cf80f57b2da421ca884bb6910,682
ee64f4ac4a8f02e6ddbfb80338f4d0c7952a6257,535
ee6a9fcddf33f553b639b86c6017fb859a2162a2,327
ee6e5c372a0f0fffa1e91dda118d2445e5b4fb13,717
ee6ec4bb9be02ec510c979a2624a2221341c03c0,677
ee79a457658bf48b1eede63c679addcf45331ffc,482
ee7e08a45939d86f13fb89ef2b89f9a28336c414,552
ee85842a093e69a9892d9cf80d4ec97ab74178f9,504
ee88a50ab2309394d0610bf4f32bb94feb942330,567
ee89ce7517cb21d5118e7e44fe38e6dfbd190f93,342
ee8a29d11ac5a11be403fd3c3e1c1b685652ce48,42
ee8bf9d9c309b0edaf821ebc6550a660c22d7745,560
ee8fccfd20478d5c1ed4e3db0e2cdb25fee9b02e,314
ee9ea95b90bc172c37ece8e5b2c8933cc363042b,679
eeaa62320e612fd5f3c0daf7fb9015c5742cfd3a,85
eeac3c4e22ae7e2c8c71c062428cbe9ddb4b076e,491
eeb51a04a2eb92c945290fb6200488d4a95b951c,175
eeb53a56245e65564fdd2fa60e832eab4643c31a,509
eeb7a0014c42a62d30b2187029f1b57bbc39cb13,21
eec408aa710ef0e62b0a72732ea8a8550216f384,67
eec4c4caab9d42b8c300956d6f87b6ae1915e70f,513
eec8e3725ccf28e2c7779b13dec35f1f4f651fdb,332
eec9dd86de843bca28f8efecaae0155dbbd34f6f,513
eed7131c34f29eeb35d82e6cef2409c83fa2546b,4
eed7a430a296e36a5f316c579cd818ffb0e4a00d,585
eed9fda60a157ec93975f792303a06429e365b3a,518
eeda1c27877f465c918232d11fa36ff55429d54d,655
eedd4b311ee0ea7acd5fb7834a640935c54ca33b,363
eee29b5b6be832e1b924eb65c797a241bd6217d9,486
eee2f0ad42ac066f7b86f2c1618143491d3d5f85,399
eef2373981a99d8d04284500742d4f2f417ac00e,482
eefd0870e5582e43fa1647f495d46952b14649e5,202
ef046c8148b71e2e8dc30457c98dcc594bc1273f,300
ef14a1abcee292ec55f88477f92fd0100fc3f25b,517
ef15347d30395449a7db090c53361a909017c59e,265
ef181864d9cb1d4da8268d536fe5723b084af578,45
ef1be8d682f3c85df52cc7d9b1b2e85559d0db28,161
ef30181acd471752fb86758fe016c29b9ff30d9b,691
ef3c5c613217800bba0459053e957a71fc922f7f,193
ef3d1d5c2df09942ac376b9d562ba2d62815a360,82
ef3d2111351f04fe0799f167df4162d1332773a2,45
ef3e56687d03ce16a3df7910c4bb212886c40cc7,202
ef3fe31ffbbfe6620049481615bda0ca890eb9bc,230
ef49262e98934c9fc7f5a469b7cbe615624a8aac,700
ef4cf93862f70aa09f1e4d2f82a994060263e354,533
ef4e6b1e3078b9bb224281dd5122467b545e622b,252
ef50b9c7bea40da70acb391286e1416c56d99240,46
ef520aad22e885b6b7e99e6b842d92822b8149f8,596
ef656b95ae04f7ddbe084c557d418a2b790a97cb,676
ef6e7f8efa46c6c022882984c41b79e5abd3331f,484
ef6ee77bcf216ef85f774a997f979bbabd92f4c5,178
ef7605a0d36945a6412c21098507798c31ca615c,412
ef764edf1ffd0534c3b3586e1364f38494defcaa,82
ef77e9026c1ebcdb890b33b2812b849d5ae16a87,441
ef7e0481b4ca0522274267b09dfe8fc04c5e6c0a,202
ef8161f5d9f8e26d9bec212fa15dd514ba268b0b,168
ef827eecca4ca9e40d364464cebb032565f6df82,536
ef83a63e5c23e9c2da314aefeae0f6cf2a84787b,602
ef866ad6e1ae0ffeab2f68c64c856b73a9f00ddd,554
ef8b5dff990b30ee3acba1ed082977b7e6a029b4,559
ef905c93a71a09b12be526a6e11ebb7707e8eed0,661
ef90f948bcfd31e1b8166f0ab31bfbedd4f395a7,565
ef92b13045e8aa1e1ef1b2491df692bedf78fab2,93
ef940d5e75d8b84f7e328559778544ce298c9b70,677
ef94d79d327e255e7859f9c56faaac68cf04a222,781
efa0c935b8689fcd8993993bfe06fcf2e00420ce,496
efa7f2978704c522ab4d7ea953b951eecced5808,340
efa8a7decae5f6860e2ed56e0689aabf6c959f7f,21
efabc113dab9bbe37cc7ebf79fc6fd24f8045690,677
efabd47493b7b7fd06b19c3638876f569f848b5d,362
efb082779b279b4a86f964c56a89a0483dc99987,631
efb41074f793fbd2f66056cac127c3b0e137b5de,292
efb9e36065465079d3eeba2deb4d3fca4a7d6570,231
efbe7f08dbea0303d9a42ed744ffa3e730411bb2,80
efbf1d4c0e38c86d3f5af279b2fc9913c994297c,482
efc3202fc9398abe99ce638dbacdec0489f7e52d,533
efc35a1bb60d8747e5b79bc11a2c51073b752681,21
efc98da05c32767c270821c91d1317198cd4a631,209
efe06380344e393b104c8a5db50ba3e8e5892935,79
efe0e88a6891c12eceeea27aed21d5c7666f4754,634
efe56863efc82948adb1fd5fed761dc77d426f98,484
efe5b2a3ecc2ebef680bc6766d44990862331d14,752
efe928ec443293d72720785b84952731acb3ee69,675
eff1d4b90a1cc39d6b6ac168252c2b0188284e2a,67
eff95179f25ea7a4f59cdcd7fd291aa4d7bd7dfb,552
f003bdf88d284cb0eaf1bfad8a3126094bb252d3,59
f007fe0c18243df4610520711a57d902a9f1a38a,287
f017a98596bd962dd9793b4e1043808bd94207a2,79
f01db17cb980ce265c144a0009a994e1ac74a7b7,101
f01ec4062c27909c742ee9d9b7d402ba0241fba0,229
f0298b41b9bbab69805232f4af878142a6b5d4a7,657
f02b9e0b995df3b63a0ed5ff733a3012669b1fa0,605
f02d0cd9c9589ec92805367a34c893f680b9aec5,209
f03195af7b81957438a782eeabb190b0c733ce3d,655
f036c9ec0860526423c989c3f5d8ec8069a5b2fa,709
f03717fd48b58da29b39e751ecfb21d7bf9b3b3a,273
f037d2057748dcb0ef19394d507ece84b8b4b01e,560
f042584c58098e65882ce63084361649987a3002,688
f0489b7893dd26cd349fafe15539437ca5442a15,247
f059cdcf939c0e8f1435e705f09453f3288060d6,482
f05a44ac61241a9b01a69bf25ec02beebaa4e0b2,223
f06360e77227b26415dd0aca3bbc42bbc5ebca81,21
f06387b8b576bf92a5353483a42b681f6448ab72,560
f064f5ad4e5dde7fc093208a1cc8d7fcac171b5b,389
f06a362228ee713122b779cc374327cac9eb8713,552
f06b0ed60b5c9e6d4a9bd0e1b280a4fea93f9cd9,512
f06c54fdeb4eb0ce713702ee5ee2bca28ada3675,82
f06fdf005a8945b3ed04e1be6292d49b57ce9d3b,547
f0725aedbb87d6b82661541bc66ee4577a1e031f,513
f075f60f1e57f3c17ff9895344755cb0e1bc0283,379
f0760f969f10945d20847d525aeec6f32fe5b194,717
f07662c4da76f903da131354340b3dcce97cdb87,202
f07a6452b022b81a5896a6918b43a6413e3b2f54,202
f08092ddc108acb6a1eccaf01107f56df06f9129,202
f0819651bd152080787cc97879f10c5c90d5ff91,635
f082005a2d2a6a3f2dcac9d4b408be4a35c0a41c,211
f0847ef1ddc5c4ea1a5eea4a2eea5cb9a42ae3df,42
f084b1d98afd43c6c2cf017bbc8f2f17c36a4683,158
f08ff4c4880392b122abab0d04252f9fb26267b5,638
f090da7e49e9c36a271675ceb67a6064693a5787,21
f095f23b37364826979d6dc4b02b7d048ff7267b,621
f0983c76c9086cd38675105cdbc48b847e859f73,482
f099f8bf3a428759e958a10c3059429cfb0cf74d,82
f09bb6ba710477d3c515a6b807be0cdbfeb7bb24,21
f0a898372dfc3f435e78181e1aabec57a22216fb,539
f0aa16e0ffb74f66cf16d3c564e2beda61bed639,21
f0ab2ad46bc82ae8d0a9fb2d48f42152610170cc,202
f0ab356b1841cd6f25eeb1644a171d7f9ce12225,69
f0ab4bd34c7caf45a006e1c4305064fd41c6d14a,168
f0ad7a5bfee5539252e82574f833b7c94426c3c4,655
f0b41c542e473af472b78a9746443a0c9018a0ac,21
f0b4b5ae30c975831c416e9a2158ff300c642014,67
f0b75530af9ce548a40c5dcb1fc3e2a96b2b8c33,47
f0b8d1994823643bf1beb0c8dacbb76e992e0cd5,90
f0ba95389c6c3ab0e6c30cc97f95dbcbd004dfcc,720
f0c77f1bed835622f0c96032ebe20f2246fc27a0,441
f0c8ad1a86d5eb8bdcc1c9905df122096c0fd57a,102
f0c8b7ee794e1e8a4f7e08de85d8d89465fb940d,202
f0c8da301943a4821fc4db71a418633f465eccae,56
f0cf7374a4b47f5978450df7d21361beb9163182,202
f0d2eab1be97c6d135363abb22de4ea64bf8a4be,141
f0d645546f436237fdfe1a7816dd00b54a4bf52a,576
f0d9bda5affccdbeb9a7cc1be0769406dc4a87c8,73
f0da31231e371a557cf44af12399aebad702af70,81
f0dd729f604b469fa222200deb630994cd7c7b15,677
f0e5eb94c39a560979a7d777184a3fbce97bc4ea,82
f0e781acbaa63e316fa7ba7bcedcde6e23077af3,576
f0ea90a8e8ee81f89172bf777030dfec5ddc7ec2,91
f0eb1e4c7165f350d16133922c6064bd859c3d44,567
f0f03eb0aa8ea0857186c048d144f37c213e5331,174
f0f545972f5a356f90e387a04462bc59ae58225f,379
f0f7802cdb0cdce9fd24db9991ad472b75fede3f,340
f0ffd26a0ddb60d2140b630f71f3c3bd6eef8c40,316
f1059ad47ec349282e00ab606ec782923dd0c147,202
f108c50bb46be3beae4ae3db257da0ae1a14a522,87
f10a4f0481390eb931ccf5c01061e877adfebfa2,482
f10ba046983c5cc2526da7102d266dc6781ebe2d,535
f10c38da66e50c8a4534829f2a27304e99509199,21
f110258ead863ddcc56560de954ec8710098d397,443
f11e1c943552b2656349100b7e1763ba2c9940cb,496
f128e382405c7c684793eb1f4ea29d2513cd9457,733
f13927437a54cf91860e07930e181b4553dda10e,217
f139929c28571589d94eea0bab5cb642ba723c04,638
f13f16673de53c40d305b90e35e79a42d953eedd,522
f143deaf6b89afb52482d7752e61b71685dd13be,405
f1477a97bea0f8ae0917689e819f6a2c16875e41,559
f14acbcda49f8a98a1d84ce970fde70ba3150a41,217
f14c44983f03b5e4cc0fbb99101125037fcecdd6,512
f14caca6920c80f434df41ce6247e7567a531355,399
f14fb8a2dd950c2e19cf7c433584797f437a75de,552
f156fc4218d249dd2066fd71deca9434d53c07fd,436
f1588df7fb619d3c556723dbd79dbb50848ff9b1,677
f15e7ea5fa515160e796621b2c847d9510c542f5,87
f164aaf8e8e3a36f5578da18be2f8b6dc3ae0b82,576
f167c19edc02d6d575f2846b94e0e3df49828067,427
f16867b152eb65bd01ce9bec320685d2f0dad30e,515
f169614fd3a87231a648811226c1fd0b28adeefb,700
f16bd992f991ba8611989467474b43d286ee0f57,482
f16f0f6fc51b68fb2d158b8748fbb0a70b95fec7,576
f16fd0b1d58484e849f5489a4f15c66a37a7580d,379
f173a687a6bed63974dc6e14a0835f65afeaa90d,17
f174f65478f19900d7aefd7931ab93a958cfe4d0,482
f175286037511c600e7d945fdd27f0642a555007,452
f1788ab99dec058ba5f2d4757f30ccbfaf21ddc3,168
f180b1ff3c8644cd70263f0470f73776c6220ffc,441
f181c40c7096395fa2f72c2aeb8b890aa6995cd6,408
f19246444f263c4fc7a8188d2c36b78e24c94921,59
f193361bbbfef5b0ff1ff315c357e71184dc384f,539
f199c1386bc5aae930eb199215c82fa4ac516584,676
f19ff635f351ced191efe26d7eb2bb442e857cfd,602
f1a060de212c747e3ed05d86a946df9005162fbe,552
f1a4253a74bed686196b160fa814acd59731fc43,443
f1a54303bbe52ff4f33795d9a6783cf4709299b5,128
f1ad45090edad9160d0ce9d7ea8c357eaeb0ef02,202
f1b5d37d920992dbec39d589643e17566231e719,202
f1bb6ce14ed858d1e07550f78434457ae919ddac,87
f1bd02431d3a7718a603730901d6922690c2c0e7,591
f1c45a5c6749a0447ef357af67c18b8426e9ec80,119
f1c56237b7bf42614f0eef3fc4555a0019aee8b3,544
f1d513ee62363434ec87d990af62b44f8d268a5c,90
f1de57c16a58d8146673ddb35070ece13c8b52b5,403
f1def8501c5811468890903d897746967d0c951c,128
f1dff18628177054b6bde98f3dd36e417d8a17b6,127
f1e508ab2d57b288ade4596275dc5b205271b612,202
f1e9e71bc3d48ea634438f8f55af7c873f7819c5,217
f1eab5adedcc4bb9e60a7e007f88adcda1803500,139
f1f510779faf8fc060db8c2d97d9aad67cffe907,21
f1f724c5b9f10c1834c8356abda8b2dc90f05b24,570
f1fb80399b951584eaa354f613a0961e8d915efc,576
f20242e93fa8d54e70c12ef9cb874c1b3db7ca70,45
f20273fbc3119ff027a9ba76e98e72f1778ed030,170
f20947bd304bd788601b8b902ea553c2e693b342,128
f20fe9ebb44efd04453e779ea92db6b46470fe98,717
f21017447ad446609f25fa4ee40d887b0c47cd69,227
f2126f24169a46a5b749805292d6f42cd3660935,594
f21366c5a112f81f8a12b16b2c8e98c6b3a4b1ba,265
f213e7350b80361959df51581c3ee3fb58acaa12,550
f21682931e9b12f0d2e400896d9c802d5355ec3e,32
f21a5b155a495bbe9691ca8cd926af9f9882fea0,496
f221f09e31f1c34a3317069bcfa700fd58e493f9,202
f2224db0c5a240571d0db6bd6cd8c46a2785a5fe,713
f2258fb256eee11891e96727c316ad3b8169104c,93
f22b38169f4d6746336705802435bc2e4ccc986e,596
f22d3a73e531e18853100c9789d7986117726c94,421
f22de50ad6ed2e5b37c972515201b71f9760a58e,17
f2315c6cf1f04e00888e9cfcbe4c640edbe59875,671
f231d7134b1933d62818ccc6bdccfca7edfcdca0,389
f2368acf562803dbd819ac60fc32cf3b82e7ff2f,378
f2373c300634308d987b6f4bba43136fb3f76da4,195
f23c5cf9b0735c46e3b1edb08ca188e9eb9cab54,128
f24467bd2879896c95d3eaa83003dc3c3e23b8bf,59
f24594cca49cd916d1713c944c1745b78cdb633b,686
f24a3796738542bd036b290d10c00c869eede026,482
f24b6af24f198cc12902254db2b7c645d2db2890,555
f25507c196b358e09555a72149bbd7dfbf78975d,24
f25855c5e7538ca256697d12504aad778bae55ea,45
f2592d6aa5fb18d8a7a7fc5d81a897de4e69ac28,152
f25a6fb69d1a6591b0d039c8fe0397727b8a19f0,565
f25b4a5e85a9d7ba8337fbe0e4e076bfd425f951,615
f26299c44bab78cb8101570206902a0d44d7fb63,56
f266819b0a039f19e7487f648fe8fd898fc84e46,65
f266f57e39506ff4bb684bd44fa1739a7d32c536,460
f2689c49128391bac407753d33c8c87ddfc153d1,4
f2690373ebb4a7254f0e8dc7166918ce9f8670b2,202
f26d568ebd2732b132b1cef8dba1364ad21ff45d,46
f277e0b912181c41372795c55b418ae12072d57d,655
f279fcbcc0400fabc472f2e9cdbd8460ee0a33ca,21
f281106453d934a400d438179052ca93d739b1d5,76
f284eb75dc74c713beab4091629a29dd617aa354,247
f2875e1b32aaf0f3f0fa87b33e293419bea0ee46,482
f2875eb5bd20c7552dc09eaa2a41b256bdc24cec,552
f289272b9b9ec4ba2be7352ddb5879f9a77affc4,265
f2911febcaac02074713034a83b839ce5e9923d5,21
f2920d7a495fec2c6841110ed0f40b3fdd6c90c3,709
f2925e0380ec5ffe332cfea0da65b0b22ab61df6,510
f2975f8df711544f7b9e42e2097dad183a8c5ebb,597
f298834dd9b6baeb6ce12d1eaecfe831f760f18a,567
f299b49ff04d2fd55cabea94edff047831035e2f,758
f299c94cd4c61925c641c97dac8de54315225e12,35
f29d9de087c769d579bf39147ff0416fd932330b,73
f29daa86ec9663a686522809e9a604c7a9e87bfb,65
f29e90582c342a9dc3960ec4913640d49b98c04f,152
f2a0d7422faa9fb0286bc0e969e0e40ee0bf4245,148
f2a50e8bfb49a3b9c4612c022143a170368c6bca,4
f2a5ec9fb8c2cfb1ee1240a2b27ad4a624bc8dfc,42
f2adf7f76f30494da5266e8eee3ac1d8661de1b6,518
f2ae6b7f8880f564b34d038cf0bda351712eff98,677
f2b50ccffe96bd6cbabab6896453c002b1adba9c,85
f2b8ecbb5d23a5f06b682b4967ea3f7058401efd,21
f2c432b428698a72328d8f9e75802a21e1a00e55,409
f2c618e39a3d437fab26f5b0334d333e67f22689,202
f2c8a8fe4ffb73bc0ca7ea7630f621febe7a7212,482
f2c9c5f4224cacdb05ac23d0abe89ec43da64c5c,587
f2ca0adaf9db80f3a6ce9eae6e2c7bca8d373460,604
f2cdca83e61622898f87361dacd531ea9c40672d,21
f2db1e716a7f9c24713dc015b12b8d1397e8de26,21
f2dffdeb357b77a71435b683eb9dc3774f4eda59,65
f2e3e6612b9df584c50a92464e36f37faedcbd3d,677
f2e758f39c00f082fa6ec73e08435b94d1ab3dc6,42
f2f1f8fd5f2c6205a5831a2b83ccaafe031be8c6,553
f2f2bdec2adbc046b985d78db716e72efc915ad3,147
f2f3705476ba05ff802c5c6678adbe4fb025da6e,109
f2f4aa40d351c01bb213569de6ab76ec40c1ac42,766
f2f74dce904b38d5882761766c1bd70bd3c581be,441
f2f9d4a2951d8d589b83768f4916fb4a092e90fa,616
f2fc449d816f9cf4b96a76be2ec7ffb90b17cc44,482
f2fc45a6a47e534c4a62fe12a46208a7a73501b8,552
f2fef3b4bbf630f7c807924ca792c23f4b3bbeaf,202
f300115fc6117ff465bcebc4355551beb0c5b321,87
f3073ccabeaaaafe0aae8c6c96134109af2c568d,133
f307bf937e5154178e34d69fe9a9f4aa94cb622f,535
f30be9621d9b1a741e939f79f84cfd93d32c1cdd,21
f30d2eac141089ddb1950cc17b171cb8498df00b,202
f30eb1b6a34af256ee394879a75aec565a6cd283,46
f30f6fcb0fd9038ece3cab3d68a52c3d1fbbce5c,289
f3119818e0fdf12a1c56538a794cfa4600847a74,45
f316cca2cd0fecb877438d76a1578a084a59bad5,179
f31771f6dcb11badb5d8eaf8f7e78bc51e19c334,554
f31926edafb40d8f998f51c11f294cbc5472d7aa,148
f31d953fc6dc5a2e4a5db8917f9a17e5141b67f7,491
f324088774ece48559a65d0cb1ac6ea956c556a7,45
f324d812cd0a7f68180785aa9143a1092ab0c319,99
f32ebe0899ea89483b3832bcdb564f67aac21196,702
f33dc2a8f4114bfe597d361a068151059bad45cf,202
f340c1888402b90571bbb4ff3c0ab161381681b9,510
f34439aea5dbe88352498d765c424fcb4d010bd9,655
f3491fa2e4be2f7abb135466c3542d8467a5e841,161
f34b4f3e22911edaf1f64d482271cbec33e71544,202
f34e0111b0acd888fd5477ceda9bb3d3cf8a56d5,482
f3519308bd8a20dbc43bc1cb0c99eec57fc82031,332
f3528fd1957f301947ce9b17d6961888c12e1bd9,96
f3542448411b9a4be7df73ddbcf65d457b683ca2,219
f357416dde9f86869e7b13f52493ed3b116d199a,600
f35a389b336aa67192a9e6b8a53d282eb0b22771,97
f35c0b2b344ea7f9caa87981418b691b4068a9d3,169
f3645463483d90bc6fd72708f4c770228804a82d,146
f36e1a12d70cc7582320e75d9af8cef3f9479bf7,709
f373cd3e15a82307d1d2218f30b5ea3036bb4257,641
f374b75590096de440f3c037172187bbeb1a2487,464
f37dc5261197cdca4f28bfc18471319dd9800a1e,46
f37e118f89321b337d5d9c2e20565b96c910ce5f,436
f37e9e5a269fc17c496b271ab00df1aa5b2d2154,49
f38499d423935bf0a0e40bf9d7e8fdf00161ebe6,332
f387ace7926ace03da987c5ef382543e347b5b62,510
f39002ee18a290022f6a03fe50f8098e79f98eec,63
f39122b656fa3a8bded85bd126f3300f14507ba6,21
f3993012c7d5ca98b8055421a18c76d5885e7743,482
f3aa90770bbdbf1d2591949de9c5b20af71dd460,309
f3ac8bd8bdca068a0c732dfa60fee8661aa7c836,497
f3b25e1c762f6d899ed7d4e19c52193ff40b6e43,68
f3b3e0366ead59bb5278738d38c2597428391b8f,21
f3b8e5f186da799d07d9ffebc35ba12b105ce93e,389
f3c7822cf8d3a355ea447b3da5b942d0ed3aad47,552
f3c861e53b9e689ddb6009fcfadc5055461396a7,328
f3ca897cea46b5eef89929162b2e103a83167d8e,11
f3d7619386439c110cad8bca597f43df437b76c8,202
f3e1b90c697333e4520e81cf093d6c6aa4e1980a,498
f3e262d91f7f1276904785df7bb289232ca598b0,168
f3e7f6930ec67710a6a1280157599b2d02e13d79,596
f3eea6f68c534958dd0c5843f2ee2d69f785ed36,646
f3f80670781181fe03192fc5f076e25f1683294a,679
f3fb41483151db256a7d342da793c6d0e5e8bb6e,482
f4020f252c01c131fb6607909eee1611a944434b,779
f4046bde5d8bd258e85015c50c74498865ee2cf1,463
f4055b36083e0ebbab1ae141d9d3d38a8aa54449,314
f410c45583ea1896c66427fb7d05fc092e52f304,518
f415f537ba16159733e92ed3b4217426a56d5d13,65
f41782d1b7b34cc570434dbccf543d0688b74b4f,168
f431c7121fde9a27e08257ff80b1323c3fe41d51,379
f432c91e492e8c5be49c4f73b1923a2381ecc5a2,326
f4366d5352bad7305be1f174719b4e3f758895a8,202
f4399cbe839bb0ccbdd382f0db3c38256630f32f,655
f4468f3d3f1e433c93ed0add4e14275552f9e37d,59
f448c7c1d220815584a09431ae5f6d7241e4d871,21
f44a6e02fbe2665f8a94f3009d87b6ed49f31635,21
f44acceb1c751ca0d747a6d43adb63503e4ecb29,82
f44b1b01f86d653bfd8a47952211f22e44469919,97
f44c399b94204a1761ad66dfed71761ef1cacf7c,110
f44e52f0ab9f91bf3b4f53fd96c57f027e67d6e1,17
f458102febb1d4493810253c2f3dd3210d72159b,119
f45a9484888737e347d6c7434824e36319530078,21
f4608f3240c23e8662144869f10f06d78b0b4c02,544
f466b725133f9040e4a61e912052d47bc63b1b99,597
f46f057968178301cd5ee004894ebddec525dd1d,295
f46f097683620bb9cf3437eef1a6b12538e61ccc,21
f46fac8a4ecbd3b17e99d8e57cf5ee736630bf1b,202
f470cf2e883e00ff764ae29e681126238e876ce4,95
f470dbe7c13c17c60d2d597e6d752e0e98c41984,458
f473ec24d6eefdad92349508d02367255db94e63,82
f477409f00dbd01cec8b072b98c02d9d3e1a982f,202
f47b242643a088dd0ab845cf14149da6d3ea597b,550
f47b90183a15429b3a2033b1c59c73b406629121,443
f481671284b1cc2e318ac98234763abfb8392533,336
f485d31046ce770bc16ef75f601a566052b7b3f5,544
f4887d0fe45c6abef6647e5a0ee7efee209e082a,332
f4898ddf210dddc3bb3be3cde8601183b020239a,522
f48edd7a2e94000af488095953c9c20c3545778a,679
f49051d936373a03d2fa31cb904e78fca7901d5d,202
f4943f6e2a774c4b0effe52ef6cbc058980a6390,281
f495c02c97acf3b8e71f50d1a395fb860d59c8a0,379
f4963591ba77e863b8ccf9a5eeeb911605b3dc41,580
f4987942540f2632cd39bfdc5dd08752487a5124,677
f49f42b26f985fe56a0c24d14d6eeb1f6a392775,219
f4a40e397eb3cb33a0ac7a6c21c2542cfdeaf421,677
f4a8e1d7d298e76b2c15b26279da7cbcd305a55c,202
f4ab23894b1c74f4e47b21bf2d0d38895864c75e,464
f4b65cf28d33ba7c7de18a06185ec1dca35a7048,608
f4c02ce760c7214a4b2b03870af44551d8e028ef,482
f4c27aafe507011d95cee1841305e715334b0f7f,76
f4c3dc9e19fb5b2f2fb8abd6d73c56a732665bd9,547
f4c569532e833f726913be008c7bae28102cbf0e,585
f4cb954354783b0d4834059ae3020d6e1d1f24c2,676
f4d1c935546066ad1a322d12112207a10b256e2f,21
f4d9d56b7561aec712d3f33c1311f99ddb9b5986,460
f4e5cd443b01792ec05efe3630856e305476d448,441
f4ecd718556c771a968fd79c7daaa137abe98cd9,316
f4f602cac0ec16e945cb3ee420ec3b611dea2447,512
f4f85b84055e00e2044ab8d5d283478ad5d38bc5,552
f5036b8885da0f8578e00306b12a0264abda577f,470
f50b39c96b018034db6c71ab1494939d10207455,544
f50b598f5981f19783d662140cd861388a893151,202
f50f8d9b5dbdd15b11a462df169632a8a9041d72,655
f518096f4d184113f633b73b3b2b0caafb793c29,503
f51e22b3435ab29264c541b90c70cc47061fee97,533
f52285514012ef9049a553d6d01fe3aac5d88517,621
f527ce07dee2876872a358202e336b4189a52c60,775
f5321d0c053873d6e825bcc78435afa3f110447b,119
f536091d540a2b9dbcb33962c301072c051d6dc1,139
f5364853a65b785b4363e81bcc0687c8330ede65,56
f538a70c5a13ad3edabd6f046961a181adb29208,265
f53d03cf038cf81b47cbd2e4b90f9a9c7256e9c7,45
f53fc69b1eb31371e95f73146d9f48fda1cad6b1,311
f5402eeb445be2823396862db51034b4b856d09a,21
f54ecf08c483f5e1082f0b48541efd8d0ec9dab4,427
f54fcec694c8da42f4abc2b1d527daa958f23685,559
f55063fe06dd9e8509db5c462cf8168d87a5ebfa,379
f5511315707b2dccb1ba67cf16bd172039de5788,552
f55363a018b9760dbfb078e29c0339825a7a23d1,202
f553eceb0fb035a156340b49a8b2651895da5147,158
f5548ce215d1f2eb51e345fbb095519fe2355340,202
f556cbdbf70ce208e167af539dedcd199dd7ca11,47
f55dca0229e1d1d41c262cd6f757d4aa988fa186,79
f55ea0c2034e276e3808a1b849e412f0de324f64,503
f56101bcb9aad7200c55a27e127b95506a971a41,552
f561427cd182d49b0750082cabf629b388718889,600
f561d38e2fa5a712697ec9621dba69ab671b0c38,496
f5634afbf24e0cb7639ac1c6be7b9ad4af85de2c,452
f5654320f8c9a400f8744da8f20e73a40dd64b60,201
f56a2dcb2226973a0b7b3c5c8e169fff5b6497b3,622
f56f7fd13abe05361ad15aa6a83952f06c3aa833,236
f5770634f665400dd57ae3a28eac383f9d9c1fbd,620
f577255bc6124431080cbac2fed43300403ae1c1,21
f57d6edfb5aa7fc5b9705127f6030a1ee63d3cdf,202
f581ccb2d4f6c375e54889ae1d7c31ada14cd01e,677
f583500320114c88dc57498ce682c02d37b4d111,128
f588f9cefb0b1cae3d9443fd9b63c33d3419f306,677
f589a969fa1c9b7b2bc21ab7a1f2275545e6b09f,93
f58b05c1e0906354f7ac8b3c5ce7e63f0c5d57c2,79
f591893436b704ac96dd7826fddd43c4dd8d7686,202
f592718a2b9ad969fa23d02cfcbc789440df0c1d,725
f597ed38a3d283bd828561838e35f73db63c4a9a,709
f5986cef2744165046d602d46fbb91f0cd957dd9,253
f5a2ab14cde0fd2867cfa5a51a5cd483ae5bbc79,45
f5a60699fb7f552caff3a67f1984ea361a291ced,709
f5a648082c25d6a022ce872de2cc3d8816fc8ffd,148
f5a92adc3f4c43226457a8ce350035bb4258c67c,95
f5b0a145c034d84f4da1e488431a2df8b87f061b,168
f5bc4d4ec9052776d7a28504ecc7d589bc6e77e6,553
f5c2dbbfc6840e6d8377b8697f400300a4f31ebc,690
f5c331b552f6cfb7b9293c2486d7713a24d99ecd,580
f5c4ab74b81b42154b6a3d3a4b8a90fe870d58d7,452
f5c7470e52ae9b7c4b3b76d373f7878a672d07dd,13
f5c82ae62cb3de8e184842f5487590d396b384d6,332
f5c872ac413691f0ce6d8af959e7adcf4127eae8,326
f5ca3963c8e029aaee6184079f72ce9cb1087f9a,101
f5cc495b37d0849055c73d65f030937f0ac4cb1b,601
f5cdfb049873c03740fc56c24545df500cb12f2e,404
f5e390ac4069b9765433cc90d1b1b379c5bb054c,96
f5eae3e440724b1b674722c6c9dd1dc00951b08b,621
f5ee043fd0313194676ef0718bd490520f2af31c,596
f5f03fb481209b5bc7dce2391634ae94b51a883a,202
f5f05ed380027cce68e704bf0bf3ecfae50ace49,59
f5f62b444e1b4cae7d3f43d94657b2beb353d2e0,260
f5feec5e268b73ed481090aca435e5ae01b7ad60,572
f60b52de61b606f4ddc019d2af329830355d61f3,547
f610dc96280dcad881c93c9591c1e4a229bb4bf4,482
f611a83f805c3bc0024f771339c167bdb653b716,772
f617e242a09d16b77a388c562300042f01366ee1,68
f623151e838b402de62c7cc9e03b92eb02685ae3,379
f627126ae14446cb602f254a068b2e5b91f03c20,482
f62eb8a99213da6fc6ae8b32001d0be4464c783e,13
f63278715e871af0ada0e862c9992f6916a58fd6,21
f63853bd894f6d8388fca6936144273f129f3847,717
f63c50d465d63f6bf0b4235832e7d8f9626be92f,168
f63ffbd1654c4f9ee8ead16f14b6e7a19a94eec3,351
f64016a4eff84429fd58851ff66acea3c6deb11f,202
f6416a58d46740ea540b54ec812cea80a12170c7,202
f64405d80d484d7e52c4b744d41a1871fceeac97,441
f6470d36a509e9b6ec17a58da98e7c3991005034,446
f64b713470ce3718a7745ce7dafd88fc09394c66,333
f64cc4eaef032e6233f40beffb96ec6072f0438e,70
f650135784bb2882e8a753df898a9515efcb23d1,88
f650270f99297656a1809d4433e2b0427904687d,468
f652a7a2437b03e687cd10d45c00f5a4682cd62e,137
f65809e563a0bb87b5d628e0f66035f44aa7837b,765
f65af3d9f1df039036202bafb62263fa39ad3fca,332
f65e95d2cb58396f62ef0ec427851c98b98a24dd,421
f660217340d687b40e5cdcd118e8394002bb7724,202
f6678460017e0bc2e2941e1e2c04656129718228,655
f6708f1cca25fdb5916a514f728120c6ea7ae333,61
f67d92d9702e09729f40250b3bbac56072d871db,544
f6884ba96b2427da80cbd15a1821f5aedfcc5ff6,503
f68d2a0a921565b67bd0fa165581bb3af7b13eec,202
f68dbca8a478e04cee0a300fb876b76a4f3c34d7,236
f68e9a91555759e2206489bced5c2e12ff70540b,47
f68f8e356541e52a2a59592a7842d7fd3f5c94bc,202
f694fe2a13d1d2f5436a79f0830dcc89771462c3,677
f6976d2d49afe87ca469d9e046c6dec568cf15b6,47
f6981125133715b2754eb0dc224cc0feb8689044,223
f698d4e5e81c65d19988ab9f1f0b757ee869ab22,273
f699929485ee2c300f679952fee258464f53ab54,100
f69a36cd3b498372717ff2c478ebf9b8698d07b1,193
f69ce2905320b39ccb5b3bf3b1cf6d31bdab0b84,128
f6a3e8a5294809e241ac6a2458f76d420dde35c1,546
f6a5319df13e253cc31c058fb6978b059ddf263b,332
f6a7446eb4e0c61ee0022eea685a53cedfbfffdf,90
f6abde00f7723ef3d4a0d010ca88eb03544ca6b8,202
f6b65b56913ff74adf9e8243b79755bc2213718d,560
f6b698768cc664811b6290716eaf5b7c32272bb2,699
f6bae766a7b1ec0b06f28208dc5054e40713219c,544
f6bd1f5e48aa66006d158b79b46984bc8dec897d,17
f6bd8f6a0f3c3f8b96ffcaac46fd660837860fd9,677
f6bf3ce3ed52eb25f2246e419a218eb5bef399db,435
f6c67aebc0884ccc1913c09ec3bb00b07f7353d0,80
f6cd86a592be96a550e26e56f7b7e9fb84f3ce8b,141
f6d6b88038d7bd6d02e02d46c0ed22cc63e1e805,482
f6d9415a4c0bb5751a027765c8d33afa94e7bcf5,547
f6daa003b7e72359e294a48d1cbb4432b7d12305,85
f6ec9850044aa8ecbb7afe62218c4ec209cab5a0,518
f6f26652606cfb79eb609749494e0386464e73d4,717
f6f4c38bee402ae205655353513c758336a75e3a,168
f704e1e1ca604ae84893f27ae5d7ec65e5be3ff1,26
f70a01b1c7315a7a50f8dd6af6cd6cdbb348bf75,634
f70fab57bd87f39195c8dd59e0589c256bcc1577,59
f71217b7b67b2f51c67dd83cd227d9ee27aa5a05,146
f717e22f0bea46b51e5e81bb17f0430b02d237f2,211
f727ea987a5eea94ef5da0c2e05f16030fe16769,202
f72c7f228af37b1b2a9ba93a46657ce4bf61a9e2,21
f73ad0681d0a3f29ac3f1ebbe0d04a5974aa5f98,84
f73e647f2cfb41dc5c16b3f041f5d1f60c337470,389
f74d4619e0ecfd4cf7793bf1fb9cff629b30e3e2,364
f74dc8ad454ecee4c4e2921941e2ca22553134f6,552
f75bc6670fa5a18465c2cf71be2cf8ecea04d44a,45
f760ef1d130d06bba7292ccc29a4803e56948cdf,566
f76c25266e5a82ab19d46360247483d89d65653b,650
f7743d3fce2a76fcfce508b3baecd99e6b8bb5ec,202
f7752c49729100ebfdd7e206a4784033d470ffd9,781
f77e7e227cb014e744348572791ff5598d186694,498
f7830fac009d8e13bd3c57b746134b5444128ed5,587
f7869545e81ae1f2fe9b838bf1468b05eba1cb77,21
f789145eefd9889c0197797bf838fa4e5d91eb88,482
f78ce6d8c43d4291018a9a605a8311f07be2f0c4,562
f78e7bc98a37674b22f4e217b66dfa27c4e7a3f5,720
f78fc3ad5b54889c39639fbd336482f0153d9b5d,282
f791a4038898a1c9d0a32025b436e228c22dd099,49
f795aec162b073e1cb1c6d5c2bfce784bb6be66e,622
f7966659eb23fa27153338d40db45f76289f3805,559
f79ea9a1e9a94535251218805adfaecb2c85ea4f,749
f7adef56d93fc8c7b5137fcfd7cc15f263ecbe37,182
f7aec5febdc11074784177953ce368cb5a5dd886,682
f7af66f119c69881024b6f4ee20be899e8a9a125,204
f7b1a6726acc804b2ee76721e5975654283dd4a8,713
f7b50ffadb146accdbd672b7aad9a502f07e708a,560
f7b7b5250c89e33f829aa7a4ed045e8a7bec86e4,473
f7c6803034960a3cab2d3714067bf6471a992356,332
f7c89437c756766f70e9dbfcf05a8127146f2396,202
f7d4e1c5bd24fd7fb0ae98e3616b416925c9364a,441
f7dad713bb60effd2aa7715bcb3dc1b2c3352515,504
f7dceacb886c0c85229dc31381a5c86a3314f22c,59
f7de5452501725fcee433b4c15ac4fd8efd15f60,655
f7e084065d9b5bf33bc864bbcaeaafcd9074bbe1,21
f7e6009fc2410cf957c0cb178908fe1247002ce4,359
f7e644de3f5e55928fce502ee8637e3ca64dcb62,21
f7e64593696b59f36e97b449ab7f8a0626b6b435,477
f7e669884ccbd27677a519c5443721f4d8343d59,21
f7e7dd05d1da8884357a41bfc292a84f8518f9a4,554
f7e7efa3b5eaf3c65efe3d0728ac0b4b31a4d88c,559
f7eaa10e7b05c2e1c1d0a01138a03b443961e2de,547
f7f16e1a7d7611d1398f58a9768ec89cd89dbdd6,496
f7f446f7999db796e47a24cf0e659e953ad69e78,202
f7f6cba22749465d1bf87645107e1c7662590b83,603
f7f6df238772f068cce8c6753dfe0a643dc6f8c9,202
f7f7a9cafd705a10b9bfa601afb716d84bc8b94b,21
f7ffb337f4dcbfb0d600dc6a6850b4434fa47afb,499
f80327c409e469f9615fecb3f6bdb94e631c7d26,512
f80fa0c52f923008a7476078e18d7410a492cc4f,316
f812ecd27e090ebf3032406598cfe9d6ec977ac3,60
f814ffb85d708e53c81176660810d03ba3c271d4,119
f8268d703fdb712d2c7e26e10c4c9bc5d00e621f,281
f8281873f3a4283a0b5cde055fefbd827c661f65,533
f82ac58f0b82afd683090e99061bb6ce5767ab04,784
f82c52a8671b4fc42a98adb1a5121ede8338b6e1,118
f83018b3faca0742bf8c6052c398a8c37c9c2557,21
f835105e340f1b8963f2e47b0b8ee38ee916a19b,441
f83b69be1daef9e814ff8a97ccdab94cef3bde36,202
f83cbc8b449cd0795e8e2b7a941647f87b55fe4a,49
f842ef51a6395ee25bd1656b6f6f633d09075fbd,602
f847399dbf04fb64f7c35f704d91f0c57c0d3619,550
f848db5429ea423d80e0d3f8490cd8e18b323ab8,113
f84933bd4f1185ed4299b07191c2359ab6f0088e,26
f84a0dceb4889630a92d262fbecb8474dd1c403f,342
f855a25215ab9717b97b0e0c02a01d084e161153,552
f85a2fa0165e000db0165552885d46fbdf0764b1,251
f85e7d7c3183a4c1049165653fdd51a931acb273,208
f860014e25d80b02ce36dc9cbe409f0e08da2870,776
f86545a0d9db13df8014a187af740cbbb6673847,202
f875eff9822594ab0b0f7307b4cb29786dfa8cf1,535
f877710bc16c000b872afc36f6f9802260e1074b,182
f87c3d88b4f6fee515f26875604693a89b960da4,202
f87d42406f520113dff7d810b9f765e40e1d67fc,709
f888ee642afc931b826b1cbd3e2ba18bfc456d5a,21
f88cd48466fb8ac67ea9a36392fe3bfa25c87d6c,523
f890f9f0094da13ab176550560bfd680764b0194,202
f892d9eb1f69350ffb1a43600001ede13c85ff46,441
f89a8c2f117e7789ebcaee3d659caac427e3d390,682
f89c4c15a84be9440139d175e0efc040ba964167,637
f8a0751f8e35e1fe07bac33585134ac596864ca1,76
f8a1776c870c29f9ad200937ceabee8382266eae,4
f8a737e1ff95fe148f7d38a290228b901504edd8,603
f8a79f8978abf4ba7cf6cdcbd03744bd223f514d,441
f8ad81ca071ddd4cde825ef62fb8a6d7a493c78e,567
f8b8cee75ebd3daf75b39023902584dd82d00332,717
f8be48dfcc4681fa6496ecca26277c6b9dc56dfc,79
f8bf55ca6c891f59f6817c991ea23a9d3179b6b2,565
f8c3191934b971d33aab8e3674fcbb084f54787c,436
f8c43163af1a7e8ba3d11e35a4ccbd604f08ea11,482
f8cb899e26c0df7b86d9824d681187645a0d2618,331
f8d31b7639bd9e969e3d4e4eae0ccf7d74b5e65e,82
f8d66d4c06ebbf50b7890832e5dcd4021c63a09b,202
f8dbb72d24ed97e20bbfd27801560f23d73c5385,658
f8e59f49e52d0fed52014a69ab6b426d3dab9203,514
f8e8df9f30d16d1f870e50483cd051d55f18f633,124
f8ee7af1b9368907baf12d386962d9847bcdafdf,688
f9055d3e1ce60fe401d0fe127a75d3c883406898,389
f91cc6027fc8861ae34d1c5dd29616b169e101e7,677
f91d1e395ef58b2bf77d375e8b84e5d487e55d9d,195
f92676cde5bb7830d6a58d0fac234a99a701e7f3,366
f92c301058571d17a93c7fcd75a9e48a12f58180,512
f92d00e9024048b142d7e8778c5f51705f059f22,677
f936355c226b3712791078f055423d8301bec3b1,326
f93d18cd15e8758e60c35c421c690e44282ef3ed,21
f93db410f2498e669b79223e0faf21be7008fa5f,261
f93eec47e43aed9ab98fb1445db9580d69488f25,209
f940df58b3d51f2fcc37f41362907f6ba437361c,709
f94526d5fa2c143ba5d0f61cb3dc29023e6e50e6,257
f94c6b8f904a6ada8e2cf8fede66d9314f671172,202
f950ad4388283c8b13eda9e2382619f8609b7a9c,621
f9536b7f86f3b821684ea3f36c176161713b212a,65
f9541dc985c41b7fbb5ae443611aa24f7cd0ac58,49
f958437af9de1e55489a38af54faa675c4937fdd,96
f968297625fc3f750c0a14922a841840d6111b54,100
f96f91472645ed7f6da76c87547ee252d3664d11,21
f971bfa308aef9cc6fec31fcf69170bedb28fe98,36
f97441a26af692f3bd126e34e848403364cb5ce9,512
f9786e712d4c19a73e224729499d67b641c2205d,552
f97b49c385c3bcf3518c0dc9bbf04e2189a5a1a5,437
f97ce6f5b0a032034a4ac13117b8523e824c1a1f,65
f97d78045a879cc333cb8e6b67348966aff6485f,675
f97d8721c46df329ec94368a1043aacd05ad361d,482
f97e06d6d5d4d7c5d170a520cc9c467de77468f4,182
f97fa2a4127520870aaaaec30cbe1a95db006a9e,576
f98032dd0e0fb85e0cc9f5fbb272d1ef56ed1883,17
f983f58b520f0978889a187a7b21b213e041cb5e,443
f98752e8a7efc1e5eba32c25558a69664552a24b,56
f988b43eb717d502298b2971cd36f3f23a5531c8,351
f98e6d5e313a180b630f743ac9552445617f015b,458
f990c041a214ada1899dc81cc8b9d69ea970437d,259
f99604463844c83ca6dea9cf0df1f46d3eef99d1,717
f9a281bd992c07d1f29ced42f6ecd35d4aab53fb,677
f9a2c33d65c732c08de195c375ec86e65e3cf71d,46
f9a45375c2cc82b34fc7a679b779d16b439b2f87,473
f9a4e5971febe56babb4f500e67feb5912bf5af4,21
f9a503a4a279185e5abea54fbdc655adb96fc700,202
f9a6d8691d8cc432b3b9351c85a676476eeebc2d,332
f9aecb8ff5317b6e636262b4b2a8a0afb5de7435,725
f9aee948808ad23be47b8bb8917b5c9c35afcdd4,688
f9b67d086b80adc534f707203d19a3c0e6b8d90d,237
f9b9cb5b48ecdd25fda9b91125dd69081dc8d45a,379
f9c614aa0ba76552f2839f834bbd5f672ef89ef4,303
f9cc39585c10d54d5caa27e0633709db5d78b9b0,90
f9cd36b8f7d311e25fce252147059da6f29189f3,698
f9def03b0062d13be9ec65f9a5807243041be30e,67
f9e44cebdccb55d065eedce9ed4534f5308991f4,21
f9e4a309ad67d2d8683de08dde899dea8180d4d8,544
f9e83aa417d184f0f045249621eeb0e061abb28f,681
f9ec24ecabeb8b2784a9d7642c2baff091e3de1f,260
f9ef94d826e35bf315aa40d8057ef1390b480f92,482
f9f3d05f2476bb868167c19019d8f5c5aff5dd65,491
f9f9b8f5132e432dd389f7f3e66765799b4d4de2,85
f9fc528b3ea941ceaa4545bff62526bde5876f3e,47
f9fda78829b38b0ceab0282f79790a574d923c9d,408
f9fec9ae01cf09ada8e67844c81b72b38d23ece5,242
f9fee4332af98ceb4167586c825a119fd26535d5,436
fa010c640d30b2c7a6351dc2d57d2204f385a96f,82
fa09e905147b5c6b3bb652756f5880fe0864a5cc,550
fa12d97cb7d2f36869a7b6ad7de9184ce3206b2c,197
fa1726e39b577ae6162e3eb03b322f319baa335b,202
fa1a16be4cf53d380c124fcc1c80d2a5b53d811f,691
fa1b8ec253c6b4635e1064547ff26e47764f3750,148
fa247443fe123a31b0b2329e2fd99a52225ad1e3,202
fa2688694a1dda157ea386a39577c2d9ccc3f70e,96
fa2f9eaa22e0330e41e99e00bbfd762fa912e1dd,713
fa351b01238d7e4c66a44ee060d214cc5d192dbe,559
fa36cbe6aa742ecd2f516e6287dc27db68ac437f,295
fa43e58aaa2d8d64f13f88289f2541bb5705bb9f,128
fa4d6b18397af44cb0964fa7a262fcccc585c2df,202
fa4d73d8ec5536eec9fd05980c52e7a00dfcc42c,600
fa5148390abe272d9d2607841286b3fbf3548029,49
fa5cdd1e833bdd90b6ab102162fdec30e7ec7ead,441
fa64028d2e6da4180d7ddbb72fa46ee3367646e4,739
fa64f2d44106625df8e42f8998d8739944bc88a2,140
fa6805c7bac8ebd4667a086baf4dc817064ba7e7,502
fa7105e6cc1e0e9998f0144c2967c4f6bf85e407,202
fa768a8e18f611aeb843136b131033c62d959326,76
fa8558d9b1ae2c2baa41c49658141f62b1892e29,179
fa89bf4cb26a6fcb5b0e6afac24e6b1774caa9cc,48
fa8c22744d5e1755d1c4072d951c009b413bc414,553
fa906d8ca2a9e924773b20755037199e2beaf5bf,700
fa941fb7de97bc03099701c3eaeca20484cc984a,482
fa9735e4c77389caeed020039a0664d33ee7a20e,510
faa0396cf8c784f40dc5c6f1fac9acb54db7364a,202
faa39d7d674dc940ee51c7eca6802a831751ef20,709
faa4300b8fe8f98d7b3da185b750f3951d2813df,128
faa4a8490fa04bb27a7ae0e943dfef3dd9d75ad0,400
faaa0debb75a9358bb03712198c05a52c0e86a6f,202
fab3d03a5decb9e4fef22aea69fdf02f1b78b6ee,280
fab7cc0500dd013c6dfd7808dbfda6640f73491f,21
fabf09deaa076c2d8af2178cc3ee3143247aded0,443
fac56faf6a396b4d727fd14796d82d60eca2fd43,675
fac8161ee8c916d010a282ec20ee7d9c49209b04,257
face4bcf1dfadfce7042a942f3a9ea701e863675,550
fad4abdebcb1d3dfaba3dab920df7b71db58dd0d,714
fad6ff40087e56c26937dc0d0b35386bdc8aa707,766
fae7979d46e6dd8a3ebdaed98bb3fc0ecc8b5490,758
fae7bd76ed2681e1cf2e05906d94e9f3d76ea53a,518
fae9fa00242e40c69b49c86e75cfd53fd8180ee6,552
faf07373c11b95050a6ef65e56216a1a3cc23898,295
faf66813649e6d96f252907dbe54ace26fe89343,21
fafdd9dfe663618f1262473d03b6915fba0de5fa,677
fb0149352fd82a7f4092643ea556352fc648ee83,679
fb04d78c93009a552bf422647812022763261919,168
fb0d758647a81fac115201534552a9e33f4766dd,128
fb0e055351f597119aff8cb7957152ff8a9cfaee,49
fb0e63a5470afbcd095cb82c63bada9909ef6275,552
fb113a2112bbd903ad198fa6f9c5fc8f87d57c4b,375
fb13a70d9eb20284c088d6acfaae8ec0cbba7b42,677
fb15f077cdc230fa1f53bc8bfc6a0ae126371af8,128
fb161dd6ad17e51fbb622f9de193231961a8dc0a,56
fb2586db22e38ed98fc9c86a44376a398b48692f,46
fb25f9f3f421b203d6e19484b11abe756d31b4e1,78
fb26ab23fd2168ba6cfae91a28d59d24914121f7,216
fb28bf2bd257c416085b10504150fd212ccfebd6,646
fb2d7cfecff9a71793fe9d5064fb1b792e93f0bd,21
fb2f87aa821b3d80f29fd0998728aca61ff3e093,128
fb2fadf858674d8cc0706c8f5b5b5fe20619983d,713
fb326709ec95f3e0380e1ef437d0959ab6b4d51d,770
fb34b3358cac2711a73921b6bcf7549749e9ac52,140
fb35e8cf3792d1db55f5fa1c9b0963d5be3c97b0,17
fb4054c1ea077042b97e56b973f10f38e39fffcd,692
fb42082c509d58fe67fa02c6b60fb6b26a5a1ec7,202
fb48693c5091abc56f0d0b9df34725fed85577b3,498
fb5552f01bca83451d058df844c2749a45f88abf,202
fb5601077a9947c3a0d0da37ceae4b40b8078dc4,572
fb5c8eb9b1bcf1609718a6888281d33535dc3b1b,21
fb5dcf3b8aa5c62794d0ae07a01c6baf8abbd1cc,145
fb5f3e2c2c93bd704243de8380f0461864586e71,677
fb6051cb1b509b0be631d62089b72f7672547506,482
fb619072f942403be2900b9d0dac3297587478fb,314
fb61b04d534ba101cbaca15292d2e31394259233,593
fb64ca20373ff35b3a1ab0b0d2dff57d35006965,67
fb6cc8f6274660b6ec3a4cdc059fcce93fb809af,477
fb76365f9c192f92140d0accde0fc4944d9ab3dd,620
fb7a30757b2ea0ddf90ef08db0b24579cb392c01,137
fb85906fd2af086f38ad8cc7cfad14a6060b5bc0,553
fb877d29faaa3dca48f4bcd2e734f2e509496dd8,152
fb882f4b9f6f1eedb9b9af5a736f0a1a0402d176,21
fb8a0e932f84b6f5a1b329b975e676ff97ec2c7d,766
fb8fafe7aac4ffc13b7fa9faf69216c7d6d23aa2,652
fb9ea81dbbddc5b2f4cea7728bc9bfee715b4091,611
fba23aae6ff4bbf775fc440d9d21b2f22d0b4de1,709
fba8f2a7f7ceebae54c17a0628cefc3954868106,21
fbb6eb803a1b2f3b8356ffc7289db2a2633f5333,137
fbb9f2cbd855a0993a0c1e8171e7b5c4aeea667c,375
fbba75af675e7d244f5c566d8c36ae6ede31621e,621
fbbed312b8f162353b42713cf009ea2f8cc0d4ef,281
fbc09d71c14709296b57d2099515c920726d6c00,120
fbc7b01d7570c3124f091ba599096e679ab32b43,260
fbcbb974539b39f814d0b1d15878d6ea505673ee,679
fbd56c91c5475673bf2df301561e1f99a967c9c1,136
fbd689da7fbcef9306a82f10ff0b3491b54ec1d2,399
fbd97705b9b10035a10b239490a8595db3b12b22,653
fbdddc258e4f931638af19650dd3649715d50444,409
fbde231a87fcb74d3951dd39a29a0cee165a9fb6,441
fbe243c0c4e77ce4ae51dfa69d43fce059de2047,21
fbf5ec1240f313c3041b35351b39f6c90bdd1fd5,482
fbf71d7d55609173e37c49adcf6e358867307d2b,17
fbfb59a54582541b76c1596d0c6d43c6752b5937,202
fc03abf6a50088e2101bcee92d42ec3dee22c1f1,168
fc046dbdf8833ebac478ded3248c7e14fdba691d,282
fc0dd39d090a41b20e7900661c5c8aaf349db1d9,610
fc0e6f9b7bc3730a0bd0094db9bfc5364033563a,482
fc12524e996b0ad58f5c0caf4b783b4f250f3eb8,78
fc1cd90e5eb6cc5e2cb33e9630bb174bdc77cb1c,179
fc221285e660e317454af5f117092bbc95915e2b,396
fc2765caf354e751c73103a1e60b86a710a85e20,254
fc2a66e0080d639bdcc3547a634e45581db7aa74,251
fc2c9e7aac17080d608fefb1398ed2dcf1d3c485,67
fc32f0776eb9ab598e3b380dfb07a60ed8a2805d,259
fc381072219d3db0abc5f58e980850fb2d1159a4,713
fc385f46a88811f70e7cb6118b0cc9a946f26b6e,544
fc39c4f7c7d4dc6cd5e4747a757630f3c5b8cf15,632
fc3ac77b91c94afe9f3be8b41bb532cce0874751,482
fc3f52416bc57586d37e44fcf6d9f19ce5c16882,45
fc3fb377cf737ef44c4dab75fa9c689cdef68aa4,21
fc49126dfcc034d6422763fa17953313365408f7,119
fc493aa5fba4b3942dc92952765973ed479ad18a,73
fc49af336295ddd313c07a99edb2887661c4a17d,387
fc54e24304651f25c0fed290d95fd0b47e33dae4,460
fc5661ddc2129c6653df7abb68768277cecb1344,552
fc598660b71d29ac1e5c6cdba922a3391e512399,54
fc5b240840702f43fbef7da32286032ad372f58a,566
fc5fa4a51b6931253e3c97d4e0cf1ca2da3fc90a,59
fc66b03c33389d1032d31e742342defab8ec743a,699
fc69c83f654b72591d73eef854738aebfe857c7a,470
fc6c2a9347b4332818995ca10790fec0e1ee1650,331
fc6ed61c831b55d87cab32ac15c10cbc73ed7608,141
fc72910d03db2d5d51c6b8fb5461991f0f4b3727,21
fc779fd637b54047b8466cde0c2d145aadd42cde,314
fc7c63649c5db1e7a5bbc3e8d623b4385e2b383b,646
fc8c7c98a63f276eef11717fb7d8c3d8ccb35a7c,332
fc91eb98e6dc266c8b1b4140ebffc6dc45b5eadc,552
fc92469a89c0706088942f04c2ad31f030a7c659,553
fc961a5c9158a6ef9b39e21faee0474bddb3e732,491
fca578c99d0d8b235713d36b6bd9a27cca473a09,777
fca57bc55db897e84cfbce4c469a5a393903c8e1,692
fca7a6c6d9abddadd40c7397a331bcd43e744dd0,273
fcaa6f635049144d72612a8555721bb1922c511c,655
fcb26b9e748ed56c85155103c47cf3ae2b97d8d6,512
fcb3136d64d5a7da6f4ad8d2f4cace1730cd8a48,443
fcb66290a28acd14ef2c2417daf610ae1d998884,460
fcbcf89bfcc4d65b5e2b0af19734843632f24c91,592
fcbf0ba5a8dce3745ce374148b709b2021185a45,713
fcbfe590c24c1acabf8add1f4966b89801cdb0d7,692
fcbffcfec805a851d43faa21f1b736728f44229a,135
fcc1e6542a25063bfed978ecb3e621108e9dcf7c,574
fcc204e4c2cb83a4c8edeb5748fa44a03ba5ca6b,621
fcc2fe26e32e72a2f47f4310cdbf0e89a4b7e06f,79
fcc5553a5f11e4d5926a6e589c65a82aed4cc704,596
fcc565a882016d3f32554c694af813adb254e983,518
fcc96c3bc0d1d8f8ca66bc20d31e7d516483b5be,441
fccbe46e9b18c877d2bbf0273a8bfccab261aa29,202
fcd08cb5d562fd42a6d9588311645ede981c252b,59
fcd25d944ad0769d6850204ffcf9300c11fe8d5a,237
fcd38127b2482081258f98dd4a2e446cbe6459fc,257
fce3695ca4d111fd9bdd5661ff1b5317921fa20b,441
fce4ab41cd437e2562977a48d5d7f60699f38da6,677
fce4bea2a1b4cd1ad94913bf7eab108ed68ab0c7,79
fcea31738ad00dd3a7d3014fe4cf8a9f03840438,137
fceb1b6c7828d700213b24d659e40eb47d33f36d,366
fcef37fd6a41a2b037247607e22c71c60a59d51d,21
fcef69194be272fa830e28ba8e9b31e06419394d,559
fcf1db6afc177078a44b2049e572f554923ecd9c,237
fcf2da35042b3ef69eda75fa837982526a76d3d6,482
fcf5ce2579f5412fc64e3f3d02ca05053d4a2ce3,273
fcf8bb76cf144fb8aa585fd5e51406b2344d35a6,202
fcf9c40cc61b9d50b6df221e5108731941c69e4d,59
fcfd28f578603cb6b95d0ffb58bff8076873211f,78
fcff6e13d60e645017c12f47c31bc51fe51374bc,110
fd0ee4b62f775ff6163e384b859b8a0bafb11387,237
fd0f34282c4171076ef7bbbeeee7352631b1c149,733
fd11fa8479d698ebbfea914096610910778e4d6d,21
fd157dfe95fea6a8a9a758273347984a09d329db,63
fd163dbdc6aec0801bbc5bf07863d8762b4cbdf7,254
fd1fb1d4e2c5839415232f73eb7d11008dd7e14f,202
fd273add5d17bd8a5e7c91a25cdd92a20d44591b,47
fd2b90c7d99e0c2d8695b07021e7f8a2bde4ce49,202
fd2c9cd41797dbcfbe139a2dc3b1d4b7fdc4f750,552
fd30b055f2edf5b49864e968335396dd7d1fd56f,21
fd31600c893ebc4a48e50288b99de8788fa74d7d,509
fd34310aa0c65c0666d680c2b90e69c52289939e,264
fd38d18048025c9e6e7ca368f28e3da9d797ef5d,464
fd38ef1b4409cfa2df248e8f6f93f36ce8353088,379
fd41e3d345b24190770cb4a161e152b6007b6b96,591
fd420afa2319b08c94d19e3c834212aaf249f9e8,148
fd477d3ddf57ec5ab300ceda92fd1e49743bf5d1,49
fd480612b24a8e5eaf2dd1d6934b80fa719f0e6b,332
fd48ce5c9ee52b64c49edb43c65e4578194cd9ec,82
fd49cb14bb3190b7e8b354d35cfe34b44928f177,441
fd4d51e2ce1a824a6132ffacc311d26b253b372b,149
fd508cc1f613b0265b71ef226877db845cefdd31,4
fd5265b7e79175fb5ff13e25519f6d8c504006fa,317
fd5bfc1aee231fef57a4dc465cde365cc290ab6d,168
fd62890f556d80571ba36d06fba7e4b513bb15ea,265
fd65b85ab0a7f200f0627e9d13ad062feeb000ba,496
fd6930f11e7c0b0aaac8fb6b8550f1ed96ae7cc7,482
fd6a81c9c0db2e3ab91072bc473880eb8f56f561,168
fd6c92d6a85185217aef39ef5f6263ee0c4ceda3,709
fd6f5cc2b2cddf1cbbd1e8c0d6972b8ca4269272,202
fd6fbae54d6410b7d41b45fd82331adf6d31297e,518
fd709054d7ef6b50835939ae643807d9de7bed75,178
fd71cbc178678055c17cc268bc1682668580711e,153
fd7bc9b334e8bb05d5ec7e93ef7a75cc2bba2fd3,344
fd7e7aa093291d71b4aa7229f897aad891df29de,757
fd8a59c907e23b92f9fcf296ef50da03e6366e20,154
fd8cb530dfb3ac24f68a81dd97201343b6575e24,675
fd8ceb8635121522b7886c7e9567afb82cbc7c78,21
fd91869266d7ef28f05e33e1fe412cc6b186fa9b,35
fd9650081add6cb4d48d3b3a835a208c1a06cfad,88
fd9ec9711e7a9e82287c18847008f0681880bbbb,482
fda621ce757edec0e673d09c18def2796e7673ec,597
fdab2724f6689d7d17188a50bf26497e383251e9,21
fdaf14cadff63f78cdd2e4cee0f799d13f619363,70
fdafc6bcf2789996b2d65a0f8b97028569569262,260
fdb5c3e6b2fab692d173684afe0773fc20db3607,332
fdb7e1c2013c2d553ee0a052c45f2d24df88c31e,296
fdbfeb6cf61ac0757df58bbb30794cbd5ebbc71a,81
fdc48b54025b3b78ba4eb1364442549a132065d6,688
fdc4b05934d7fa372f698654ef218b2cc9357190,663
fdcb69c06af93fe93b6b65e4d810a3f66b51a8bb,260
fdcbc2bd1747d96f85cc58d97ec8ffbda9ac8e8d,355
fdcfc8f10505a8e6938b993f434d68805fb41763,43
fdd472123da56590614965e7fab4dfb84f72772f,207
fdddf6fdd7aa6abdb753954c07e741822c9de36c,282
fde28e9599b42597b266708de4585501997e75cf,21
fde2c5d805393795a40fc530cf4e8cc0980de7b1,196
fde2d9e5f5fcf78cf7b5e38cf3a27a646919f54b,512
fde40c50c678efc08bbd144962d0b396afadd060,482
fde4b46d60a44841cec57f0dfdc84ea354e6010e,156
fde5ecda99afe65148715df8ad3caa45a412eb76,7
fde910e74ca430f50844318c17692dc0c2c5c52c,482
fdea8c5337e277f89bad1501e81ea3b62b78be42,379
fdf0a2cd3b33a0ef4f209f401f5f67055cd1a2b4,482
fdf76eca46cf6fea012e376fe6f730baa1172602,21
fe01aa3d1a279e3c82925f299dd322a9a086c012,613
fe09fa782e6f68cd8bf0fec28779074ce31407f3,133
fe13de047220a8438f4b57f917427c1638a5a554,67
fe1e1cdd92e071ff5f4dd926a3f848dd169e53fa,713
fe1e364e5c85e429c25b0d12139f680d2e9b9e71,552
fe21ae594bd9fd8e39e01724dd23a5e0bc30bc53,709
fe35d788a3fe76cf62a61668eb54523871d91da3,541
fe36c7491b0e589dbabbadb1f92337c9e9efff78,657
fe4390cc7632e5dcfbe1ddb5ed04c4a7205e2eee,690
fe45c3b15b013629c38b8928c84eba889d107be8,441
fe46ce7a1bc169ad6b09a71705a210c71d672925,379
fe4791dd41adb05fac57a9c7814f7a275efca04d,379
fe494bb2fc4e406be9a068c9b16b75a9c994c43e,677
fe49c923833eafc5f7f5e0f65cfd8e471a9be20c,623
fe49fb25e8638d58b05d321d3da852256f86ed7b,443
fe4b7fc76e31ddcd996c0aad02c6678709b544ee,591
fe4b9e51970f1081872bfb27d59da4a855725b4f,699
fe4cf797df83ddfc2986e4b9d04ef06ce15ccb46,644
fe58b446681068a54d6e73803e33a32be2604710,21
fe61d73d067728cf2c9959f8993b8549cabcbbd2,251
fe6affc8aaecbda64782356a5d4d21336ffbc77a,552
fe6fac4abaf07e591100f05563288060ed0000cc,148
fe756dda5fe5c101f832e84fab331e45e93e3beb,677
fe7cab7cb3dc0757d6f84b60ad019bb2f9a3751d,482
fe7cc0912df119a8c07b8374dc286d79fdff2a05,21
fe7febbc97b04b7317a040870089376c90b5ae06,500
fe80136974cb5869b5f6424b73c0eaa2a8c909d2,136
fe810c8f01d5a22df39b98425596bfb66d44446b,655
fe8b5fd79328b7d78c61eda9f47fb7235821bfa2,202
fe8d131984857f98ab5277f01f17354d02c2b215,13
fe8f420533baed64e69be3e4da51fd60dd1264f4,202
fe9140420fad855defde92c7939970f2eda5c311,552
fe9246750f68eb8864e1c4954cb028d9f97e5e2d,219
fea15e60ca09674db0a617592b698ade06b3f61d,482
fea2d93ae463a900d7a84410c6e0bc739b5887f7,81
fea3ea16ef8834d49be07a086a51666ea0c42642,569
fea41424774b9fecfb7f1219313da85f8e9de374,501
feab6247668a396c886c1e7d2908abab63f6f2d7,503
feb30a717eb7ffa15bb2cc1205c4ed627a70de3b,21
feb888d7594c65ba41a6dabd8c8c86237e07853e,424
febce6dd8846d91be64850d2744a8200be0a30ef,682
feccb3f080a324f0d381578ea262b03ae44f9da6,677
fed09c29a004eb2c05682c7886c51ba1b41c17bc,552
fedfa2e1bdffd1de0b38e08a90398fd3c8b5cff0,512
fee1342847690457e4e103331fd3008a2548f4f8,73
fee3ffc31bdcffe6c34d8681fee0cb81be657dfe,78
fee840607c113eb83734f714c44f2618370dabc4,621
feea0f214f5884fd4d94d47d0f993459f817cb76,775
ff06426fb4fbf95701889bdf251cf34c2a17c546,62
ff0f254e0ae6c201884c903d56686667fd266f11,441
ff0f7074a44b44209f11385dc10f7cf8b745c34c,713
ff1457ac3183bffb00fe6687321d4f87816683a8,602
ff160923de912ea5fdb94c1db5838af60855266b,655
ff17e4472ab175527731d906277b243aeb07ddcd,302
ff21238f7d0b63c64c3fd41a0302e9263f830599,679
ff25ed19e4062e3f3bf085efad642369574ca946,427
ff2a0b923c96f33fec0a4ba354974629f1ee44e0,21
ff2dc51d37b4ff1fedc357c67a39dc36c53626c5,766
ff3461ee1fd1b6c5e145ac98312116ecf64572ab,535
ff383ed846d6ded92304539f7c300cb6253fed9f,128
ff3871e74fe7c1a8b91ff41b0f6d946ddf2e79b5,554
ff388c59018b71d9e1bb3a02e44893961abb3a16,559
ff38fd73f29f302bbe828e30c0b51c111cfce38c,60
ff3a8fc51ece34b121dc4aa5915f0c42f8b5c6c3,432
ff3fcdf14d351d38662f70a39eb7dadf2b8d5f9a,675
ff48007f652b089d4fb3422619b4d429df750b4a,500
ff4e17a29855a7d92980113562c67f7ef6765fe8,113
ff53090782a587b5aeac049f56a44812cacd41e5,79
ff573f53253c7fcae2af9ffaae465435f5e773ca,202
ff5755721731bf921ba7e0c844c1e77b7f7c3d74,45
ff592e4ee2a19a21ceeec1b90c7cf3c14b4cb103,67
ff5ec9c602f5a4f201ade8395286564b9234031b,58
ff60afebe02a0c6c4c4986d398092c0b2bf5d1c8,441
ff6820a371b4b95b7b8ad84a81e72193e5187f75,705
ff6f50e64b25ca7f46e9999768853d4172f001e9,655
ff7fa20dc4a160fba797e8a11b8b47ccc8494686,21
ff81858058d6b984055f91226c740c105eeecedc,88
ff8868cd9a6109d20b3222fcc14dde977ee8ae7c,482
ff9399cecaa5c3356465cad940c3ff4e63e691c8,547
ff954a9e187b2650bd040a372dd21ddcffe32f4c,552
ff95dc3ac317069a00ce7a63c8f428802888421f,21
ff9ca973f003d4985d0b37113e41f3fd0e6bfe6f,552
ffa1db8a6682da91c958e8ac1ea8580b0acc7498,560
ffa26555ec9201dcedf70e3d6b1e4e906f118d1c,314
ffa3945d75c3b83b135c89889dc2145d008ae796,82
ffa6bfba09eb1f48929b2e50b2ea981fae42bd84,141
ffab10c348bdc935f2b26c06b99e75d237f5cead,409
ffacd330912d688e047afd78fd9377997cdb70dd,677
ffb1b618ebacae13359bd5fd3045f3d81e2a4081,676
ffb364acce6409038f7b6fc2290430afa413612f,87
ffb4b788c82d1ad3e8b672c19cf274c5b0876fcb,539
ffb713d8c61e5e0374e0ddbfd3c5453186a44abc,409
ffbf0cdb2c97f710c66fdc556c8eb540df124afe,260
ffc422f469f2845462f9b46e62bdf1c8248e7d87,273
ffc4e366ad1c3b018c654d707868de266406299f,82
ffc5939f7005156793fd751db9de2b35320a97e6,202
ffcab970c16021a3636a2c0e3405b3a614bb6e99,602
ffd343f4476f09aa862b267a79681defffb15e1b,484
ffd99f8a17ac8f96739ceba7c0feca750b886605,21
ffdb74abccd27a50a47d411800653c4b0e702b49,21
ffee02177418ce36051931b1a495aed693066d36,202
fff157010dde22d7786354c4f9c5a2ea80365f5c,65
fff23bd2396b4238a5158f33d6afbae7abc08f57,512
fff3df8e0f2768af657ef36da85052a8c1e1d1bb,446
fff55efcffca0c40f120b9fd24d8d3b88dcef965,93
fff7d7e7bc96407d1d661ee1f4308dc578f0679a,30
