identifier,model,country,province_state,CityRev,Latitude,Longitude,readable_city,Selected_Source,building_type_pre,floor_area_sqft,number_floors,building_age_yrs,number_occupants,allow_comp_with_aux,has_electric,has_heatpump,number_remote_sensors,ASHRAE,CA_Title24_Zone,geometry,GEOID_place,NAME_place,LSAD_place,GEOID_county,NAME_county,STATEFP_county
002aab87db1d9e8ce470f80f23c97c59de5f4dcd,ecobee3,US,CA,San Marcos City,33.132567,-117.169892,Yes,census.gov,Detached,3500,2,15,4,False,False,False,"1, 2",3B,10,POINT (-117.169892 33.132567),668196.0,San Marcos,25.0,6073,San Diego,6
007abe6be34cf8afca3f5784ea0de5a2e8414694,undefined,US,CA,Palo Alto City,37.39652,-122.143088,Yes,census.gov,Detached,3500,1,15,4,False,False,False,"0, 1",3C,4,POINT (-122.143088 37.39652),655282.0,Palo Alto,25.0,6085,Santa Clara,6
00b030653b8158eae4f7feffc67f4fb42a6899ba,ecobee3Lite,US,CA,Irvine City,33.678399,-117.771254,Yes,census.gov,Detached,3000,2,15,5,False,False,False,0,3B,8,POINT (-117.771254 33.678399),636770.0,Irvine,25.0,6059,Orange,6
012888c467a0af004d4325419386e270c63bf97a,ecobee4,US,CA,Newark City,37.504253,-122.03191,Yes,census.gov,Detached,1500,1,60,0,False,False,False,"3, 6",3C,3,POINT (-122.03191 37.504253),650916.0,Newark,25.0,6001,Alameda,6
01291b0ec0b4d2a0c4b8dc7438a770ab0249dd5b,ecobee3,US,CA,Brawley City,32.978454,-115.528569,Yes,census.gov,Other,3000,1,0,4,False,False,False,"1, 2",2B,15,POINT (-115.528569 32.978454),608058.0,Brawley,25.0,6025,Imperial,6
0142e14e4f96a70a81af5c1656ce6cdfb600c5dd,ESTWVC,US,CA,Campbell City,37.280244,-121.953296,Yes,census.gov,Townhouse,1001,3,41,0,True,False,False,"2, 4",3C,4,POINT (-121.953296 37.280244),610345.0,Campbell,25.0,6085,Santa Clara,6
015c8c0912e66d6e78b39432d82bdb21f31b941b,ecobee3Lite,US,CA,La Palma City,33.850616,-118.039565,Yes,census.gov,Row House,2500,2,50,0,False,False,False,0,3B,8,POINT (-118.039565 33.850616),640256.0,La Palma,25.0,6059,Orange,6
01b1fc32f7e2bdd4d4b8737b0eabab18f127bd73,ESTWVC,US,CA,San Diego City,32.830391,-117.120923,Yes,census.gov,Detached,1001,1,62,0,True,False,False,"0, 1",3B,7,POINT (-117.120923 32.830391),666000.0,San Diego,25.0,6073,San Diego,6
021378323fe5986ca191d79fbc704f99d6a2c6a6,ESTWVC,US,CA,Los Angeles City,34.019394,-118.410825,Yes,census.gov,Other,2001,2,90,0,True,False,True,"1, 2",3B,8,POINT (-118.410825 34.019394),644000.0,Los Angeles,25.0,6037,Los Angeles,6
0287ef9756b69dcab8e8c12050ccfba0b2ca14be,ecobee4,US,CA,Los Angeles City,34.019394,-118.410825,Yes,census.gov,Detached,1500,1,0,3,False,False,False,"1, 2",3B,8,POINT (-118.410825 34.019394),644000.0,Los Angeles,25.0,6037,Los Angeles,6
0298be22f66edc3f394bb5cd12d84bba97c9d573,ecobee4,US,CA,Palmdale City,34.591038,-118.105403,Yes,census.gov,Detached,4000,2,17,0,False,False,False,"0, 1, 2",3B,14,POINT (-118.105403 34.591038),655156.0,Palmdale,25.0,6037,Los Angeles,6
02b6640c479be7ca15b050180d24ee4220b5b512,ecobee4,US,CA,Canyon Country,34.4165,-118.4559,Yes,google,Detached,2000,2,10,4,False,False,False,"0, 1, 2",3B,9,POINT (-118.4559 34.4165),669088.0,Santa Clarita,25.0,6037,Los Angeles,6
02c4728d18d70bd67fc2f7aeaa0dbfba630e47f8,ESTWVC,US,CA,Los Angeles City,34.019394,-118.410825,Yes,census.gov,Detached,2001,2,82,0,True,False,False,"2, 5",3B,8,POINT (-118.410825 34.019394),644000.0,Los Angeles,25.0,6037,Los Angeles,6
0318dccfe379517a81056752b521dcea86f92613,ESTWVC,US,CA,Fresno City,36.782684,-119.793359,Yes,census.gov,Detached,6501,2,31,0,True,False,False,"1, 2",3B,13,POINT (-119.793359 36.782684),627000.0,Fresno,25.0,6019,Fresno,6
0347620ce6172307a7a1314d392a692ea4ee94cd,ecobee3Lite,US,CA,Beverly Hills City,34.07923,-118.402437,Yes,census.gov,Other,5000,3,10,0,False,False,False,0,3B,9,POINT (-118.402437 34.07923),606308.0,Beverly Hills,25.0,6037,Los Angeles,6
03b61ffc58847f9e72b8056465cbae64ceb4cca9,ESTWVC,US,CA,Truckee Town,39.350548,-120.193943,Yes,census.gov,Townhouse,1001,2,21,0,True,False,False,"1, 2",5B,16,POINT (-120.193943 39.350548),680588.0,Truckee,43.0,6057,Nevada,6
03d7368e85698da525db8bde8dda04b8547a29af,ecobee3,US,CA,Elk Grove City,38.414621,-121.384961,Yes,census.gov,Detached,2500,1,5,3,False,False,False,"3, 6",3B,12,POINT (-121.384961 38.414621),622020.0,Elk Grove,25.0,6067,Sacramento,6
03ea923a74ba3312b5fb97a40c9eeef555c99bd3,ecobee4,US,CA,San Marcos City,33.132567,-117.169892,Yes,census.gov,Detached,2000,2,20,0,False,False,False,"1, 2",3B,10,POINT (-117.169892 33.132567),668196.0,San Marcos,25.0,6073,San Diego,6
0413fe088d3c1ac0c1d33e20631897e898904d93,undefined,US,CA,Lakeport City,39.038333,-122.922633,Yes,census.gov,Detached,3500,1,22,4,True,False,False,"3, 7",4B,2,POINT (-122.922633 39.038333),639710.0,Lakeport,25.0,6033,Lake,6
041a615295fdf41860994301a71f3b52994a3ae0,ESTWVC,US,CA,San Diego City,32.830391,-117.120923,Yes,census.gov,Detached,3001,2,9,0,True,False,False,"1, 2",3B,7,POINT (-117.120923 32.830391),666000.0,San Diego,25.0,6073,San Diego,6
043aa00a35712b6c9ee7af939d207c3278f0090d,ESTWVC,US,CA,Bakersfield City,35.353171,-119.037919,Yes,census.gov,Row House,1500,1,50,3,True,False,False,"3, 6",3B,13,POINT (-119.037919 35.353171),603526.0,Bakersfield,25.0,6029,Kern,6
04b5414f09cc2705c5f5d78a0f4351e5b0b7312c,ecobee3Lite,US,CA,Elk Grove City,38.414621,-121.384961,Yes,census.gov,Other,2500,2,20,4,False,False,False,"0, 5",3B,12,POINT (-121.384961 38.414621),622020.0,Elk Grove,25.0,6067,Sacramento,6
04b626ce88cbaf46a1edff16549b95362037e8a0,ecobee3Lite,US,CA,Altadena CDP,34.192212,-118.135589,Yes,census.gov,Detached,2000,1,60,1,False,False,False,0,3B,9,POINT (-118.135589 34.192212),601290.0,Altadena,57.0,6037,Los Angeles,6
04d05c15c37cfa1ec8af6bb5f6f94d0145868439,ecobee4,US,CA,Temecula City,33.493073,-117.131734,Yes,census.gov,Detached,3500,2,0,4,False,False,False,"3, 6",3B,10,POINT (-117.131734 33.493073),678120.0,Temecula,25.0,6065,Riverside,6
04f4de51e2bf33f7a4cfa530714a9d9f62959d4e,ecobee4,US,CA,Murrieta City,33.573214,-117.191007,Yes,census.gov,Detached,2500,2,37,0,False,False,False,"2, 4",3B,10,POINT (-117.191007 33.573214),650076.0,Murrieta,25.0,6065,Riverside,6
050ddbc0be98dee9e6f992ddec7ee85e16b89900,ecobee3Lite,US,CA,El Dorado Hills CDP,38.676082,-121.0477,Yes,census.gov,Null,2500,2,5,1,False,False,False,0,4B,12,POINT (-121.0477 38.676082),621880.0,El Dorado Hills,57.0,6017,El Dorado,6
0578e1ae9b484f7112fcc050fb0cc924401e6620,ecobee3Lite,US,CA,Corona City,33.861969,-117.565495,Yes,census.gov,Null,0,0,0,0,False,False,False,"1, 2",3B,10,POINT (-117.565495 33.861969),616350.0,Corona,25.0,6065,Riverside,6
0595a8b02ee4f1e3a62c387dc76c118a0c07a42c,undefined,US,CA,Antioch City,37.978336,-121.796064,Yes,census.gov,Detached,2000,2,120,2,True,False,False,"0, 1, 2",3B,12,POINT (-121.796064 37.978336),602252.0,Antioch,25.0,6013,Contra Costa,6
06283d7d84ae17340081e9546892b392b86b940f,ecobee4,US,CA,Antelope CDP,38.71533,-121.360962,Yes,census.gov,Detached,2000,3,95,5,False,False,False,"1, 2",3B,12,POINT (-121.360962 38.71533),602210.0,Antelope,57.0,6067,Sacramento,6
064c88e218f9b886a0157ba398e13e5846c7ffb1,SmartSi,US,CA,San Diego City,32.830391,-117.120923,Yes,census.gov,Null,0,0,0,0,False,False,False,0,3B,7,POINT (-117.120923 32.830391),666000.0,San Diego,25.0,6073,San Diego,6
069f91121b068b50c5b325be0d00de0805695d5d,ecobee3,US,CA,Sacramento City,38.567694,-121.468161,Yes,census.gov,Other,1501,2,30,0,True,False,False,0,3B,12,POINT (-121.468161 38.567694),664000.0,Sacramento,25.0,6067,Sacramento,6
06bf3dffda7aaf54fccc9005e362b01e9c8f46f2,ecobee4,US,CA,Grass Valley City,39.220305,-121.052654,Yes,census.gov,Detached,3001,2,19,0,True,False,False,"1, 2",5B,11,POINT (-121.052654 39.220305),630798.0,Grass Valley,25.0,6057,Nevada,6
06df0884a52446bb9a1dbce46d23292445bf3fa8,ecobee3Lite,US,CA,Santa Clarita City,34.416504,-118.500693,Yes,census.gov,Null,1500,1,50,1,False,False,False,"2, 4",3B,9,POINT (-118.500693 34.416504),669088.0,Santa Clarita,25.0,6037,Los Angeles,6
0715af76ff2d39e1da326dbb190b88d7869279a0,ecobee4,US,CA,Cypress City,33.818477,-118.038307,Yes,census.gov,Detached,4000,2,5,4,False,False,False,1,3B,8,POINT (-118.038307 33.818477),617750.0,Cypress,25.0,6059,Orange,6
0722e68ca3aed77d06eca76c35dcb9307479db41,ecobee3,US,CA,Yuba City,39.129842,-121.641549,Yes,census.gov,Detached,2000,1,10,3,False,False,False,"3, 6",3B,11,POINT (-121.641549 39.129842),686972.0,Yuba City,25.0,6101,Sutter,6
0733ce6ab83eb2a519c0e684d5cd8a24cbdd486c,ESTWVC,US,CA,Los Angeles City,34.019394,-118.410825,Yes,census.gov,Detached,1001,1,81,0,True,False,False,0,3B,8,POINT (-118.410825 34.019394),644000.0,Los Angeles,25.0,6037,Los Angeles,6
0763d5fedc075a4e78e8d2c92f08bb5a3bd15e1c,undefined,US,CA,Cupertino City,37.3194,-122.044957,Yes,census.gov,Detached,2501,2,42,0,True,False,False,4,3C,4,POINT (-122.044957 37.3194),617610.0,Cupertino,25.0,6085,Santa Clara,6
07ce0f7cc3c1f9f04353e1dbf665f75b2d6aebd5,ESTWVC,US,CA,Huntington Beach City,33.698007,-118.003834,Yes,census.gov,Apartment,500,1,61,0,True,False,True,0,3B,6,POINT (-118.003834 33.698007),636000.0,Huntington Beach,25.0,6059,Orange,6
07e216096fbcd3330a6bed72e0f108043704ba3e,ecobee3Lite,US,CA,Manteca City,37.792839,-121.226076,Yes,census.gov,Other,2500,2,0,0,True,False,False,0,3B,12,POINT (-121.226076 37.792839),645484.0,Manteca,25.0,6077,San Joaquin,6
08b1c0529920d0080b2f18d7d6b799aff4939aba,ecobee3Lite,US,CA,Redlands City,34.053506,-117.170476,Yes,census.gov,Detached,3000,2,50,0,False,False,False,"2, 3, 6",3B,10,POINT (-117.170476 34.053506),659962.0,Redlands,25.0,6071,San Bernardino,6
08b62469586f67c46165b138b88423bfccda5082,ecobee3Lite,US,CA,El Dorado Hills CDP,38.676082,-121.0477,Yes,census.gov,Null,0,0,0,0,True,False,False,0,4B,12,POINT (-121.0477 38.676082),621880.0,El Dorado Hills,57.0,6017,El Dorado,6
08c807a82c837a36c7e9630723845852858b9813,ecobee3,US,CA,Trabuco Canyon CDP,33.678228,-117.594009,Yes,census.gov,Null,4000,2,7,0,False,False,False,"1, 2",3B,8,POINT (-117.594009 33.678228),680210.0,Trabuco Canyon,57.0,6059,Orange,6
08eb1095f1f726880361f7b6e105eeb7369248ff,ecobee3Lite,US,CA,Garden Grove City,33.778782,-117.960472,Yes,census.gov,Condominium,1000,1,40,2,True,False,False,"1, 2",3B,8,POINT (-117.960472 33.778782),629000.0,Garden Grove,25.0,6059,Orange,6
08fabcfbdf5e9116527bd081a12a04017b46fa73,ecobee3,US,CA,Eastvale City,33.963274,-117.582369,Yes,census.gov,Detached,2500,2,16,4,False,False,False,"4, 8",3B,10,POINT (-117.582369 33.963274),621230.0,Eastvale,25.0,6065,Riverside,6
0905091afefc43f73f68b50766a7387e07bf23ff,ecobee3Lite,US,CA,Healdsburg City,38.622526,-122.865133,Yes,census.gov,Detached,501,1,11,0,True,False,False,"2, 4",3C,2,POINT (-122.865133 38.622526),633056.0,Healdsburg,25.0,6097,Sonoma,6
0915b7ef89400e014486daf13de79797845757a3,ecobee3Lite,US,CA,Hesperia City,34.397038,-117.315198,Yes,census.gov,Other,3000,2,15,4,False,False,False,"0, 2",3B,14,POINT (-117.315198 34.397038),633434.0,Hesperia,25.0,6071,San Bernardino,6
097992769caf23010ca14acb08795c31df7999e6,ecobee3Lite,US,CA,Morgan Hill City,37.132495,-121.641891,Yes,census.gov,Other,2000,1,40,0,False,False,False,"1, 2",3C,4,POINT (-121.641891 37.132495),649278.0,Morgan Hill,25.0,6085,Santa Clara,6
09863db3dfdd6464ddf7166d7319f4786a7a7c91,ecobee4,US,CA,Nevada City,39.259608,-121.033326,Yes,census.gov,Detached,3500,1,30,2,False,False,False,"1, 2, 3",5B,11,POINT (-121.033326 39.259608),650874.0,Nevada City,25.0,6057,Nevada,6
09b135171af33cf6ff87a6c16a810fee522eb81e,SmartSi,US,CA,Truckee Town,39.350548,-120.193943,Yes,census.gov,Detached,2000,2,30,0,False,False,False,0,5B,16,POINT (-120.193943 39.350548),680588.0,Truckee,43.0,6057,Nevada,6
0a6c1ff13a84599372e56e6c9dc01945e17f78b6,ecobee3Lite,US,CA,Santee City,32.85499,-116.986056,Yes,census.gov,Detached,1500,1,47,3,False,False,False,"1, 2, 4",3B,10,POINT (-116.986056 32.85499),670224.0,Santee,25.0,6073,San Diego,6
0aa3d57f1d688e19f2866d6f9c80fafcb3b5caf7,ecobee3Lite,US,CA,Fair Oaks CDP,38.650154,-121.25097,Yes,census.gov,Other,1501,1,61,4,True,False,True,0,3B,12,POINT (-121.25097 38.650154),623294.0,Fair Oaks,57.0,6067,Sacramento,6
0aaf4a6d698f12d9bad63eb1a107bd04c441c5f6,ESTWVC,US,CA,San Jose City,37.296011,-121.814552,Yes,census.gov,Detached,2000,1,65,0,True,False,False,"1, 2",3C,4,POINT (-121.814552 37.296011),668000.0,San Jose,25.0,6085,Santa Clara,6
0ac8536917667b2a98308586f4402d7f74e5fb54,ESTWVC,US,CA,Placerville City,38.731116,-120.797677,Yes,census.gov,Null,0,0,0,0,True,False,True,"2, 3, 6",4B,12,POINT (-120.797677 38.731116),657540.0,Placerville,25.0,6017,El Dorado,6
0affac6afedcf9dd43b2507859a6fba61f4d00e1,ecobee3Lite,US,CA,Jurupa Valley City,34.002591,-117.467612,Yes,census.gov,Other,1001,2,51,0,True,False,False,0,3B,10,POINT (-117.467612 34.002591),637692.0,Jurupa Valley,25.0,6065,Riverside,6
0b15abde41d15de4e9c85d6d9b9ada4b37851314,ecobee3,US,CA,Thousand Oaks City,34.19329,-118.874235,Yes,census.gov,Detached,2500,2,20,1,True,False,False,"3, 6",3C,9,POINT (-118.874235 34.19329),678582.0,Thousand Oaks,25.0,6111,Ventura,6
0b7eae52109ded2422e5ae2f1272671756e26214,undefined,US,CA,Aliso Viejo City,33.57921,-117.728898,Yes,census.gov,Detached,1501,2,22,0,True,False,False,7,3B,6,POINT (-117.728898 33.57921),600947.0,Aliso Viejo,25.0,6059,Orange,6
0b9e52316872a1613a59b35dc18f193d800c1ff2,ecobee3Lite,US,CA,Los Angeles City,34.019394,-118.410825,Yes,census.gov,Detached,1500,1,90,0,False,False,False,"2, 4",3B,8,POINT (-118.410825 34.019394),644000.0,Los Angeles,25.0,6037,Los Angeles,6
0bb649dd6dd1af7546349c5f7b60da1baf1fb318,ESTWVC,US,CA,Santa Barbara City,34.403592,-119.713714,Yes,census.gov,Condominium,1500,1,20,0,True,False,False,"3, 6",3C,6,POINT (-119.713714 34.403592),669070.0,Santa Barbara,25.0,6083,Santa Barbara,6
0bbb6754f9915e8dd002ad73b52b1affbaaf2bff,undefined,US,CA,Culver City,34.00582,-118.396781,Yes,census.gov,Detached,1501,1,72,0,True,False,False,"1, 2",3B,8,POINT (-118.396781 34.00582),617568.0,Culver City,25.0,6037,Los Angeles,6
0bea917d681275a82d5576c1c37e8775935190b3,ecobee4,US,CA,Yorba Linda City,33.889038,-117.77207,Yes,census.gov,Detached,2500,2,40,0,True,False,False,0,3B,8,POINT (-117.77207 33.889038),686832.0,Yorba Linda,25.0,6059,Orange,6
0c5215648bc8fe2f9fe63d7c24883b0b30dd345b,ecobee4,US,CA,San Marcos City,33.132567,-117.169892,Yes,census.gov,Detached,2000,2,10,0,False,False,False,0,3B,10,POINT (-117.169892 33.132567),668196.0,San Marcos,25.0,6073,San Diego,6
0c560aff44bb8185f0e0abcbe0e3f19dd90f76c5,ecobee4,US,CA,Rowland Heights CDP,33.970313,-117.890568,Yes,census.gov,Detached,0,2,30,0,False,False,False,"1, 2",3B,9,POINT (-117.890568 33.970313),663218.0,Rowland Heights,57.0,6037,Los Angeles,6
0cc5e740fec5faa6a17441558a6e41a5237ba03d,ecobee3Lite,US,CA,Folsom City,38.666597,-121.141635,Yes,census.gov,Detached,2500,2,10,0,False,False,False,0,3B,12,POINT (-121.141635 38.666597),624638.0,Folsom,25.0,6067,Sacramento,6
0cfc5212fd8d3229ab175938c946441b23a36ea6,ecobee3Lite,US,CA,Perris City,33.789849,-117.222171,Yes,census.gov,Detached,3500,2,5,0,False,False,False,"1, 2",3B,10,POINT (-117.222171 33.789849),656700.0,Perris,25.0,6065,Riverside,6
0d172e3957237ef8d907fc6939a0bb29cfa0b628,ecobee3,US,CA,Irvine City,33.678399,-117.771254,Yes,census.gov,Condominium,1200,3,0,0,False,False,True,0,3B,8,POINT (-117.771254 33.678399),636770.0,Irvine,25.0,6059,Orange,6
0d191f1f7f7398cecfc2fc6a21378120c6e6232e,ESTWVC,US,CA,Sonora City,37.981707,-120.382755,Yes,census.gov,Null,0,0,0,0,True,False,False,"1, 2",4B,12,POINT (-120.382755 37.981707),672674.0,Sonora,25.0,6109,Tuolumne,6
0eecceb2b46ea1f4c619619898ba65e50040c3cf,ecobee4,US,CA,Glendora City,34.144964,-117.847804,Yes,census.gov,Other,1500,1,50,0,False,False,False,"3, 6",3B,9,POINT (-117.847804 34.144964),630014.0,Glendora,25.0,6037,Los Angeles,6
0f97dcd84805928994fa6218e3c6554953fec2ed,ecobee4,US,CA,Acton CDP,34.49607,-118.183897,Yes,census.gov,Detached,3500,2,20,2,False,False,False,"1, 2",3B,14,POINT (-118.183897 34.49607),600212.0,Acton,57.0,6037,Los Angeles,6
0facbadf9408a14ffb9dc194b0651cd3c54ba4d4,ecobee3,US,CA,South Lake Tahoe City,38.928218,-119.981,Yes,census.gov,Detached,2000,2,48,0,False,False,False,"3, 6",4B,16,POINT (-119.981 38.928218),673108.0,South Lake Tahoe,25.0,6017,El Dorado,6
0fc8cddcab00a3facbf05df761363aa89a50c94b,ecobee4,US,CA,Yorba Linda City,33.889038,-117.77207,Yes,census.gov,Detached,2501,2,29,0,True,False,False,"1, 2",3B,8,POINT (-117.77207 33.889038),686832.0,Yorba Linda,25.0,6059,Orange,6
1051f7184099b57e8c9cd7fe873d144c8a246eed,ecobee3Lite,US,CA,San Jose City,37.296011,-121.814552,Yes,census.gov,Detached,2500,3,45,4,False,False,False,"2, 4",3C,4,POINT (-121.814552 37.296011),668000.0,San Jose,25.0,6085,Santa Clara,6
10740b2568c7740630a22a88571fbb41d50a9417,undefined,US,CA,Fresno City,36.782684,-119.793359,Yes,census.gov,Detached,3000,1,60,0,True,False,False,0,3B,13,POINT (-119.793359 36.782684),627000.0,Fresno,25.0,6019,Fresno,6
108065ac72fa656b82e9f762f78232215790aa07,ecobee4,US,CA,Tulare City,36.200246,-119.339775,Yes,census.gov,Detached,2500,1,15,2,False,False,False,"3, 4, 5, 6",3B,13,POINT (-119.339775 36.200246),680644.0,Tulare,25.0,6107,Tulare,6
10ad6d169f5059c69fccf9bf28c47c3cd520a689,undefined,US,CA,San Mateo City,37.56031,-122.3106,Yes,census.gov,Detached,2500,1,72,4,True,False,False,"7, 8, 14",3C,3,POINT (-122.3106 37.56031),668252.0,San Mateo,25.0,6081,San Mateo,6
10bb3a5fca63e937cec609ef6c0c572ff1d3fa58,ecobee3Lite,US,CA,San Jose City,37.296011,-121.814552,Yes,census.gov,Detached,1000,1,70,2,False,False,False,0,3C,4,POINT (-121.814552 37.296011),668000.0,San Jose,25.0,6085,Santa Clara,6
10f297bb70aef14167f9b9314cebfc86b0f7038e,ecobee3,US,CA,Folsom City,38.666597,-121.141635,Yes,census.gov,Condominium,1313,2,0,0,False,False,False,"2, 3, 6",3B,12,POINT (-121.141635 38.666597),624638.0,Folsom,25.0,6067,Sacramento,6
1156afc581998a07059622f1237194e91309122b,ecobee3,US,CA,Mountain House City,37.779716,-121.537195,Yes,census.gov,Detached,3000,2,5,0,False,False,False,"1, 2",3B,12,POINT (-121.537195 37.779716),649582.0,Mountain House,25.0,6077,San Joaquin,6
118214859bfbe40112981f8a5c8ee993aa46e4b7,ecobee3Lite,US,CA,Lakewood City,33.847135,-118.121894,Yes,census.gov,Detached,4500,2,45,0,True,False,False,"2, 4",3B,8,POINT (-118.121894 33.847135),639892.0,Lakewood,25.0,6037,Los Angeles,6
119722c68e5cd9cf29dcd88db99a196b5f43217b,undefined,US,CA,San Francisco City,37.727239,-123.032229,Yes,census.gov,Other,1001,2,2,0,True,False,False,"0, 1, 2, 3",3C,3,POINT (-123.032229 37.727239),667000.0,San Francisco,25.0,6075,San Francisco,6
11cf328a82ab848be59709f55dc9e3497c6d27a7,ESTWVC,US,CA,Walnut Creek City,37.902666,-122.040479,Yes,census.gov,Detached,3500,2,10,2,True,False,False,"1, 2",3B,12,POINT (-122.040479 37.902666),683346.0,Walnut Creek,25.0,6013,Contra Costa,6
11f24e4c64aaf9deac22c8bf72ea09f62ea1fa6f,ESTWVC,US,CA,Santa Rosa City,38.445824,-122.706181,Yes,census.gov,Detached,2501,1,30,0,True,False,False,"1, 2",3C,2,POINT (-122.706181 38.445824),670098.0,Santa Rosa,25.0,6097,Sonoma,6
11f2f7c61c4dd363b76d484028a7af071526c870,ecobee3Lite,US,CA,Napa City,38.297872,-122.300741,Yes,census.gov,Detached,2500,1,20,2,True,False,False,"6, 12",3C,2,POINT (-122.300741 38.297872),650258.0,Napa,25.0,6055,Napa,6
123965b206e4073a1c169d8c4fe9d2e0906a3aab,ESTWVC,US,CA,Trabuco Canyon CDP,33.678228,-117.594009,Yes,census.gov,Detached,4001,2,31,0,True,False,True,0,3B,8,POINT (-117.594009 33.678228),680210.0,Trabuco Canyon,57.0,6059,Orange,6
129bee668766f130579ed895e62df9d1858ade86,ESTWVC,US,CA,Concord City,37.972184,-122.001587,Yes,census.gov,Detached,1500,1,69,2,True,False,False,"4, 8",3B,12,POINT (-122.001587 37.972184),616000.0,Concord,25.0,6013,Contra Costa,6
12ccd60c651cd4600e48641a73a2d08b9feac89e,ecobee3,US,CA,Corona City,33.861969,-117.565495,Yes,census.gov,Detached,"1500, 2000",1,50,3,False,False,False,"4, 8",3B,10,POINT (-117.565495 33.861969),616350.0,Corona,25.0,6065,Riverside,6
12d6e00335fc4846c86a7e60f294e3ce8a2e42b2,ecobee3,US,CA,Turlock City,37.505524,-120.859269,Yes,census.gov,Other,2000,1,40,0,False,False,False,"1, 2",3B,12,POINT (-120.859269 37.505524),680812.0,Turlock,25.0,6099,Stanislaus,6
1315accf4ad8224accda446598df38f7e9cc2e21,ecobee3Lite,US,CA,Los Angeles City,34.019394,-118.410825,Yes,census.gov,Null,0,0,0,0,True,False,False,0,3B,8,POINT (-118.410825 34.019394),644000.0,Los Angeles,25.0,6037,Los Angeles,6
132b7837cc66651cc95a4fa264a6780c7bd91cac,ecobee3,US,CA,Simi Valley City,34.266887,-118.748458,Yes,census.gov,Detached,3000,2,20,2,False,False,False,"2, 4",3C,9,POINT (-118.748458 34.266887),672016.0,Simi Valley,25.0,6111,Ventura,6
1360fc16aeb6041144ebeb1be368c479813bbad0,SmartSi,US,CA,Chula Vista City,32.62767,-117.01517,Yes,census.gov,Townhouse,1500,2,15,2,False,False,False,0,3B,7,POINT (-117.01517 32.62767),613392.0,Chula Vista,25.0,6073,San Diego,6
136b34d162d3f6297939acd00c193dc5e61225c3,ecobee3Lite,US,CA,Los Angeles City,34.019394,-118.410825,Yes,census.gov,Other,501,1,92,2,True,False,False,"0, 2, 4",3B,8,POINT (-118.410825 34.019394),644000.0,Los Angeles,25.0,6037,Los Angeles,6
139521d957eae72057e2b86f4e4e109164617f70,ESTWVC,US,CA,San Diego City,32.830391,-117.120923,Yes,census.gov,Detached,3001,2,2,0,True,False,False,"0, 1",3B,7,POINT (-117.120923 32.830391),666000.0,San Diego,25.0,6073,San Diego,6
13c5e55068ad935aa625b384d4b1e3dc5c850234,ecobee4,US,CA,Madera City,36.966193,-120.085855,Yes,census.gov,Detached,1500,2,5,2,True,False,False,"4, 8",3B,13,POINT (-120.085855 36.966193),645022.0,Madera,25.0,6039,Madera,6
13c85beeb068cbf86500cec83ec629338e61415f,SmartSi,US,CA,Spring Valley CDP,39.076053,-122.584512,Yes,census.gov,Detached,2000,2,65,3,False,False,False,0,4B,2,POINT (-122.584512 39.076053),673690.0,Spring Valley,57.0,6033,Lake,6
148df841b06bb4d137a27e69f0346e1f5bfd8ad8,ESTWVC,US,CA,Vacaville City,38.358621,-121.968601,Yes,census.gov,Detached,1501,2,42,0,True,False,False,0,3B,12,POINT (-121.968601 38.358621),681554.0,Vacaville,25.0,6095,Solano,6
1595db77ce434e727b8b1cd02d3bee8ad9a9921c,ecobee3,US,CA,Burbank City,34.190079,-118.326405,Yes,census.gov,Detached,1000,1,80,4,False,False,False,"0, 3, 6",3B,9,POINT (-118.326405 34.190079),608954.0,Burbank,25.0,6037,Los Angeles,6
1697f201659987652bd78b492e63095147bdde84,ESTWVC,US,CA,Castro Valley CDP,37.708276,-122.062769,Yes,census.gov,Detached,2001,2,40,0,True,False,False,"1, 2",3C,3,POINT (-122.062769 37.708276),611964.0,Castro Valley,57.0,6001,Alameda,6
16a843e8da734da4977b6b8877509753bb034ed8,ecobee3,US,CA,Cameron Park CDP,38.674029,-120.988338,Yes,census.gov,Detached,3000,2,15,0,False,False,False,0,4B,12,POINT (-120.988338 38.674029),610256.0,Cameron Park,57.0,6017,El Dorado,6
16e916d812b76f67409a6be03bc8b8a3648a102d,ecobee3Lite,US,CA,Spring Valley CDP,39.076053,-122.584512,Yes,census.gov,Detached,2000,2,30,0,True,False,True,0,4B,2,POINT (-122.584512 39.076053),673690.0,Spring Valley,57.0,6033,Lake,6
16f06aca1b1e4d908b90148e2376c4d5d801692b,ESTWVC,US,CA,Santa Rosa City,38.445824,-122.706181,Yes,census.gov,Detached,2501,1,1,0,True,False,False,"2, 4",3C,2,POINT (-122.706181 38.445824),670098.0,Santa Rosa,25.0,6097,Sonoma,6
16f302b5ed5e9b91e9b3de788595c80b0286747d,ecobee3Lite,US,CA,San Marcos City,33.132567,-117.169892,Yes,census.gov,Detached,2000,2,47,0,False,False,False,"2, 4",3B,10,POINT (-117.169892 33.132567),668196.0,San Marcos,25.0,6073,San Diego,6
16f4cde0ecae967372cef0f2414560a3314d1802,ecobee4,US,CA,Pasadena City,34.160602,-118.137954,Yes,census.gov,Other,1000,1,90,0,False,False,False,0,3B,9,POINT (-118.137954 34.160602),656000.0,Pasadena,25.0,6037,Los Angeles,6
16fa51446d6c45337c494f910e3f99e0f766d3ea,ecobee4,US,CA,Portola Valley Town,37.365191,-122.232724,Yes,census.gov,Detached,3501,1,60,0,True,False,False,"1, 2",3C,3,POINT (-122.232724 37.365191),658380.0,Portola Valley,43.0,6081,San Mateo,6
1739cf54c05e9d716bb84eaf6b1c1a01359dc800,ecobee3Lite,US,CA,Ladera Ranch CDP,33.549146,-117.641741,Yes,census.gov,Row House,2000,2,10,0,False,False,False,"2, 4",3B,8,POINT (-117.641741 33.549146),639114.0,Ladera Ranch,57.0,6059,Orange,6
17847aee788ae338b9728c08d87a0cb36f7d2a6e,ecobee3,US,CA,Santa Rosa City,38.445824,-122.706181,Yes,census.gov,Row House,2000,1,15,2,False,False,False,"3, 6",3C,2,POINT (-122.706181 38.445824),670098.0,Santa Rosa,25.0,6097,Sonoma,6
17f221d90fbc9a51073ff49be8921ebbf26b50e1,ecobee3,US,CA,Valencia,34.39231695,-118.5666724,Yes,photon,Other,3160,2,0,0,False,False,False,"0, 1, 2",3B,9,POINT (-118.5666724 34.39231695),669088.0,Santa Clarita,25.0,6037,Los Angeles,6
187b8ccd73e4398e58a15ce8344d9a4bdce23d0b,ecobee3Lite,US,CA,Campbell City,37.280244,-121.953296,Yes,census.gov,Townhouse,1500,2,45,4,False,False,False,"2, 4",3C,4,POINT (-121.953296 37.280244),610345.0,Campbell,25.0,6085,Santa Clara,6
18ef2b4c8a95fed76642e24e8494792cea464a15,SmartSi,US,CA,Laguna Hills City,33.591216,-117.697621,Yes,census.gov,Detached,3500,2,25,5,False,False,False,0,3B,6,POINT (-117.697621 33.591216),639220.0,Laguna Hills,25.0,6059,Orange,6
192fb96e9a16ff2767d5a5854fd4fd701d2cf280,ESTWVC,US,CA,Campbell City,37.280244,-121.953296,Yes,census.gov,Townhouse,1001,3,41,0,True,False,False,0,3C,4,POINT (-121.953296 37.280244),610345.0,Campbell,25.0,6085,Santa Clara,6
194a60af01817c14bbf40f0981edca78385a712d,ecobee3,US,CA,Bakersfield City,35.353171,-119.037919,Yes,census.gov,Row House,3500,2,5,5,False,False,False,"1, 2",3B,13,POINT (-119.037919 35.353171),603526.0,Bakersfield,25.0,6029,Kern,6
197584c545deed6a0d294a28f947719ee776b946,ecobee3,US,CA,Santa Barbara City,34.403592,-119.713714,Yes,census.gov,Detached,1500,1,60,"4, 5",False,False,False,"11, 22",3C,6,POINT (-119.713714 34.403592),669070.0,Santa Barbara,25.0,6083,Santa Barbara,6
1994354eb7b18e880dda76d739452ad692438751,SmartSi,US,CA,Spring Valley CDP,39.076053,-122.584512,Yes,census.gov,Detached,2500,1,0,0,False,False,False,0,4B,2,POINT (-122.584512 39.076053),673690.0,Spring Valley,57.0,6033,Lake,6
1a123fa3768bcaba6a0eee73b7c810867577734c,ecobee4,US,CA,La Mirada City,33.902045,-118.008961,Yes,census.gov,Detached,2500,2,25,4,False,False,False,"2, 3, 6",3B,9,POINT (-118.008961 33.902045),640032.0,La Mirada,25.0,6037,Los Angeles,6
1a25cb39fe7c895f3fa467d4b8a3ced4907865b4,ecobee3,US,CA,San Jose City,37.296011,-121.814552,Yes,census.gov,Detached,2000,1,60,0,False,False,True,0,3C,4,POINT (-121.814552 37.296011),668000.0,San Jose,25.0,6085,Santa Clara,6
1a3f00fb4f9e237d7e472d407c1d8e16eac2cc45,ecobee3Lite,US,CA,Eureka City,40.797594,-124.154191,Yes,census.gov,Detached,2000,1,65,2,False,False,False,0,4C,1,POINT (-124.154191 40.797594),623042.0,Eureka,25.0,6023,Humboldt,6
1a4d90efc9220dbe5ff5f85abdb2192ff44e06f5,SmartSi,US,CA,Escondido City,33.133053,-117.074043,Yes,census.gov,Detached,3120,1,0,0,False,False,False,0,3B,10,POINT (-117.074043 33.133053),622804.0,Escondido,25.0,6073,San Diego,6
1a9c598463b117de34c49264a01f44896e54bd42,ecobee4,US,CA,El Dorado Hills CDP,38.676082,-121.0477,Yes,census.gov,Detached,4000,2,15,4,False,False,False,"1, 2",4B,12,POINT (-121.0477 38.676082),621880.0,El Dorado Hills,57.0,6017,El Dorado,6
1ade637c9b6ce71d554acd09c6a218e0f27666de,ecobee3Lite,US,CA,North Tustin CDP,33.76489,-117.79538,Yes,census.gov,Other,3500,1,58,0,False,False,False,0,3B,8,POINT (-117.79538 33.76489),652379.0,North Tustin,57.0,6059,Orange,6
1ae33cc96dfb220bc9668eb697b4089f93e66e22,undefined,US,CA,Truckee Town,39.350548,-120.193943,Yes,census.gov,Detached,3000,1,0,1,True,False,False,0,5B,16,POINT (-120.193943 39.350548),680588.0,Truckee,43.0,6057,Nevada,6
1b41780dc3e0ddade9717654a7c6137757fc311b,ecobee4,US,CA,Redding City,40.570277,-122.366766,Yes,census.gov,Detached,2000,1,50,4,False,False,False,"1, 2",3B,11,POINT (-122.366766 40.570277),659920.0,Redding,25.0,6089,Shasta,6
1b49be69cb95c78b8a728ed1ae509e80e2833ad0,ESTWVC,US,CA,Aspen Springs CDP,37.548791,-118.699663,Yes,census.gov,Townhouse,1500,2,30,0,True,False,True,"1, 2",6B,16,POINT (-118.699663 37.548791),603026.0,Aspen Springs,57.0,6051,Mono,6
1b8a38132200c3f71f099e803bc9e03bd17db82b,ecobee3,US,CA,Walnut Creek City,37.902666,-122.040479,Yes,census.gov,Detached,2000,1,50,4,False,False,False,"1, 2",3B,12,POINT (-122.040479 37.902666),683346.0,Walnut Creek,25.0,6013,Contra Costa,6
1ba91ded64497afca61415a361ee07772826ee76,ecobee3Lite,US,CA,Penn Valley CDP,39.195297,-121.194153,Yes,census.gov,Detached,1500,1,45,2,True,False,False,"1, 2",5B,11,POINT (-121.194153 39.195297),656518.0,Penn Valley,57.0,6057,Nevada,6
1bec8be9a153694146816a35465a1966e7b3a5db,ecobee4,US,CA,Whittier City,33.966827,-118.020122,Yes,census.gov,Detached,1500,1,60,2,False,False,False,"3, 6",3B,9,POINT (-118.020122 33.966827),685292.0,Whittier,25.0,6037,Los Angeles,6
1becd2417545ac5dc29fd47e601d74928d7bb347,ecobee3,US,CA,Valley Glen,34.1826379,-118.4138666,Yes,google,Detached,2500,1,5,0,True,False,False,"0, 1, 2, 4",3B,9,POINT (-118.4138666 34.1826379),644000.0,Los Angeles,25.0,6037,Los Angeles,6
1c11b7fc81ceba961bc40139496a96d89eb265e1,SmartSi,US,CA,San Diego City,32.830391,-117.120923,Yes,census.gov,Detached,1902,2,0,0,False,False,False,0,3B,7,POINT (-117.120923 32.830391),666000.0,San Diego,25.0,6073,San Diego,6
1c3f0ea8829e1fc17947acfc9d425df5e3d92ff6,SmartSi,US,CA,Wilseyville CDP,38.376483,-120.486844,Yes,census.gov,Detached,3500,2,5,2,False,False,True,0,4B,12,POINT (-120.486844 38.376483),685810.0,Wilseyville,57.0,6009,Calaveras,6
1c46866cbf0d919bc410f9c2161bfbcd8c338521,ecobee3,US,CA,Vista City,33.189528,-117.238582,Yes,census.gov,Detached,3000,2,5,3,False,False,False,"3, 5, 6",3B,7,POINT (-117.238582 33.189528),682996.0,Vista,25.0,6073,San Diego,6
1c75570d2ba7801306d42de165ce57c7028a07b7,ecobee3,US,CA,San Jose City,37.296011,-121.814552,Yes,census.gov,Null,0,0,0,0,False,False,False,0,3C,4,POINT (-121.814552 37.296011),668000.0,San Jose,25.0,6085,Santa Clara,6
1c8404e2541d02c8e81c44f6ab43034eb960f13b,ecobee3,US,CA,Bakersfield City,35.353171,-119.037919,Yes,census.gov,Row House,2000,1,10,2,False,False,False,"3, 5, 6",3B,13,POINT (-119.037919 35.353171),603526.0,Bakersfield,25.0,6029,Kern,6
1c92a18aa78c2f14e68b889806c9a51779453684,undefined,US,CA,Murrieta City,33.573214,-117.191007,Yes,census.gov,Row House,3500,2,22,2,True,False,False,"0, 1",3B,10,POINT (-117.191007 33.573214),650076.0,Murrieta,25.0,6065,Riverside,6
1cac01ead39d3cee6c93a2a4a781afb2a022ebf8,ecobee4,US,CA,Elk Grove City,38.414621,-121.384961,Yes,census.gov,Other,2001,1,11,0,True,False,False,"2, 4",3B,12,POINT (-121.384961 38.414621),622020.0,Elk Grove,25.0,6067,Sacramento,6
1d5494c373b481a2e38456e00ce0c85003d52ad8,ecobee3Lite,US,CA,Rancho Cucamonga City,34.130306,-117.566067,Yes,census.gov,Detached,1500,1,41,4,True,False,False,"5, 10",3B,10,POINT (-117.566067 34.130306),659451.0,Rancho Cucamonga,25.0,6071,San Bernardino,6
1d5b5ccb6a647abc74e8c70a632b260a92a3d2e2,ecobee3Lite,US,CA,El Dorado Hills CDP,38.676082,-121.0477,Yes,census.gov,Null,3500,2,15,4,False,False,False,0,4B,12,POINT (-121.0477 38.676082),621880.0,El Dorado Hills,57.0,6017,El Dorado,6
1d780e486f4500eaedcee846c31429e2f51bc4aa,ESTWVC,US,CA,San Jose City,37.296011,-121.814552,Yes,census.gov,Detached,2501,2,31,0,True,False,False,"1, 2",3C,4,POINT (-121.814552 37.296011),668000.0,San Jose,25.0,6085,Santa Clara,6
1d83861eb0a643daf03e5653392e85dc019a7da9,ecobee3Lite,US,CA,San Jose City,37.296011,-121.814552,Yes,census.gov,Detached,2500,1,40,0,True,False,False,"4, 8",3C,4,POINT (-121.814552 37.296011),668000.0,San Jose,25.0,6085,Santa Clara,6
1d90b04ed1ca12e9a548519d6de6f102cf2955ea,ecobee3Lite,US,CA,Concord City,37.972184,-122.001587,Yes,census.gov,Detached,1500,2,40,0,False,False,False,0,3B,12,POINT (-122.001587 37.972184),616000.0,Concord,25.0,6013,Contra Costa,6
1df2813d0d4b5226540eb51c109f627c08750809,ecobee3,US,CA,Redwood City,37.515274,-122.213672,Yes,census.gov,Detached,3500,2,20,5,False,False,True,"2, 4",3C,3,POINT (-122.213672 37.515274),660102.0,Redwood City,25.0,6081,San Mateo,6
1e349dd756f4eeb7a3c69bccb76986a691e53184,ecobee3Lite,US,CA,San Diego City,32.830391,-117.120923,Yes,census.gov,Condominium,1500,1,45,2,False,False,False,"2, 4",3B,7,POINT (-117.120923 32.830391),666000.0,San Diego,25.0,6073,San Diego,6
1ef843dbf2f8c9b5539a4f4498c89fab28f66618,ecobee3,US,CA,San Jose City,37.296011,-121.814552,Yes,census.gov,Detached,1500,1,55,1,False,False,False,"2, 4",3C,4,POINT (-121.814552 37.296011),668000.0,San Jose,25.0,6085,Santa Clara,6
1f1678b051b8fd5324462d2d683aac1b36d4f753,ecobee4,US,CA,Diamond Bar City,34.001573,-117.817601,Yes,census.gov,Detached,3500,2,10,0,False,False,False,"1, 2",3B,9,POINT (-117.817601 34.001573),619192.0,Diamond Bar,25.0,6037,Los Angeles,6
1f2c9e37cea345b0c271dc7eca7ce3b4c49bfde2,ecobee4,US,CA,Rocklin City,38.806868,-121.249696,Yes,census.gov,Detached,3500,2,5,3,False,False,False,"3, 6",3B,11,POINT (-121.249696 38.806868),662364.0,Rocklin,25.0,6061,Placer,6
1f52278ade18a51364f95acd7687723ef7b8824f,undefined,US,CA,La Palma City,33.850616,-118.039565,Yes,census.gov,Townhouse,1001,2,52,0,True,False,False,2,3B,8,POINT (-118.039565 33.850616),640256.0,La Palma,25.0,6059,Orange,6
1f5fa56391877cf1642051aa997380c091d92b20,undefined,US,CA,San Jose City,37.296011,-121.814552,Yes,census.gov,Detached,2001,1,2,0,True,False,False,"1, 3",3C,4,POINT (-121.814552 37.296011),668000.0,San Jose,25.0,6085,Santa Clara,6
1f842fe02c76d45466cd5eeb4acb69e0d38b3bb9,ESTWVC,US,CA,Rescue,38.7116667,-120.9513889,Yes,photon,Detached,2500,2,41,4,True,False,True,"3, 6",4B,12,POINT (-120.9513889 38.7116667),,,,6017,El Dorado,6
1f935ea229fffb62d5f0f707d5f1c97181d29a15,ecobee4,US,CA,Foothill Ranch,33.6831832,-117.6664308,Yes,google,Detached,2500,2,25,4,False,False,False,"3, 6",3B,8,POINT (-117.6664308 33.6831832),639496.0,Lake Forest,25.0,6059,Orange,6
1fc29b31835945360b893d295c69e770ca9c6cc2,undefined,US,CA,Dublin City,37.716137,-121.896229,Yes,census.gov,Null,3000,3,10,7,True,False,False,"1, 2",3C,12,POINT (-121.896229 37.716137),620018.0,Dublin,25.0,6001,Alameda,6
1fca3cb9986132aa1cdc83cb6116adb81a3fe58b,undefined,US,CA,Irvine City,33.678399,-117.771254,Yes,census.gov,Detached,3500,2,120,5,True,False,True,5,3B,8,POINT (-117.771254 33.678399),636770.0,Irvine,25.0,6059,Orange,6
1fe8162e383447c4aa536c265c046028358e0589,ecobee4,US,CA,San Ramon City,37.765258,-121.931987,Yes,census.gov,Detached,3500,2,47,4,False,False,False,0,3B,12,POINT (-121.931987 37.765258),668378.0,San Ramon,25.0,6013,Contra Costa,6
200d9a83f22fdd814be602a08725b38f82713c82,ESTWVC,US,CA,El Centro City,32.786351,-115.560206,Yes,census.gov,"Other, Townhouse",2000,1,120,2,True,False,False,1,2B,15,POINT (-115.560206 32.786351),621782.0,El Centro,25.0,6025,Imperial,6
2021425e0e0caa5927a8d08ffd25f2924106b1fb,ESTWVC,US,CA,San Jose City,37.296011,-121.814552,Yes,census.gov,Null,0,0,0,0,True,False,False,"1, 2",3C,4,POINT (-121.814552 37.296011),668000.0,San Jose,25.0,6085,Santa Clara,6
202abadb2c7bcc0338d0ceeb06329f5e38239b10,ecobee3Lite,US,CA,Mountain View CDP,38.009205,-122.11685,Yes,census.gov,Detached,2500,2,20,2,False,False,False,0,3B,12,POINT (-122.11685 38.009205),649651.0,Mountain View,57.0,6013,Contra Costa,6
2037fe5b0216fb196bca3d0583adf0fc74918195,undefined,US,CA,Murrieta City,33.573214,-117.191007,Yes,census.gov,Row House,3001,2,22,0,True,False,False,"0, 1",3B,10,POINT (-117.191007 33.573214),650076.0,Murrieta,25.0,6065,Riverside,6
2075f62872a11d492f3eb4fe99f7e32bbd505f3b,ecobee4,US,CA,Hesperia City,34.397038,-117.315198,Yes,census.gov,Row House,3000,1,35,0,False,False,False,"3, 6",3B,14,POINT (-117.315198 34.397038),633434.0,Hesperia,25.0,6071,San Bernardino,6
207ab9ebceb15d7b3203cb9e042b86672c6b8668,ESTWVC,US,CA,Fremont City,37.49446,-121.94115,Yes,census.gov,Multi-plex,1501,3,10,0,True,False,False,0,3C,3,POINT (-121.94115 37.49446),626000.0,Fremont,25.0,6001,Alameda,6
20a0fcb19866414fe7b9452b3385cbb4387156d7,ecobee4,US,CA,San Diego City,32.830391,-117.120923,Yes,census.gov,Detached,4000,2,17,3,False,False,False,"1, 2, 4",3B,7,POINT (-117.120923 32.830391),666000.0,San Diego,25.0,6073,San Diego,6
20a5ca828646c8e7d202d0c4a8869ceb24071770,ecobee3Lite,US,CA,Agoura Hills City,34.148942,-118.76393,Yes,census.gov,Detached,3500,2,37,0,False,False,False,"1, 2",3B,9,POINT (-118.76393 34.148942),600394.0,Agoura Hills,25.0,6037,Los Angeles,6
20baa994cbfd3b353f1358c85a50695ff4e25d99,ecobee3Lite,US,CA,Mountain View CDP,38.009205,-122.11685,Yes,census.gov,Townhouse,1500,2,47,2,False,False,False,"9, 10, 11, 13, 18",3B,12,POINT (-122.11685 38.009205),649651.0,Mountain View,57.0,6013,Contra Costa,6
212eedfa8808ede498c876af69c518f7df835d55,ecobee3Lite,US,CA,Pomona City,34.058494,-117.761091,Yes,census.gov,Null,0,0,0,0,True,False,False,"2, 4",3B,9,POINT (-117.761091 34.058494),658072.0,Pomona,25.0,6037,Los Angeles,6
21426506fffdfd8704690a21e52471bd1c3dfb45,ESTWVC,US,CA,Grass Valley City,39.220305,-121.052654,Yes,census.gov,Other,3500,2,20,2,True,False,False,"1, 2",5B,11,POINT (-121.052654 39.220305),630798.0,Grass Valley,25.0,6057,Nevada,6
2157a58ea6fc482c88329202a7603c16f18e7388,undefined,US,CA,Alhambra City,34.083571,-118.136444,Yes,census.gov,Townhouse,1501,2,42,0,True,False,False,4,3B,9,POINT (-118.136444 34.083571),600884.0,Alhambra,25.0,6037,Los Angeles,6
216169813d2cd111baafdb4a98219d99010fd089,ecobee3,US,CA,Chula Vista City,32.62767,-117.01517,Yes,census.gov,Detached,1500,1,5,4,True,False,False,"0, 1",3B,7,POINT (-117.01517 32.62767),613392.0,Chula Vista,25.0,6073,San Diego,6
217fc3a3db66542c2807219dc674abe2fcba0459,ecobee3,US,CA,San Jose City,37.296011,-121.814552,Yes,census.gov,Detached,2500,1,65,2,False,False,False,"4, 5, 10",3C,4,POINT (-121.814552 37.296011),668000.0,San Jose,25.0,6085,Santa Clara,6
21915ffac3d348d0c941089fdca2deda7e5dcec1,ecobee3Lite,US,CA,Sun Valley,34.227444,-118.381073,Yes,google,Row House,2500,1,65,2,False,False,False,0,3B,9,POINT (-118.381073 34.227444),644000.0,Los Angeles,25.0,6037,Los Angeles,6
219be12449c482a86a7b8977c18591ff158fa33f,undefined,US,CA,Hayward City,37.626826,-122.104015,Yes,census.gov,Detached,1501,1,42,0,True,False,False,3,3C,3,POINT (-122.104015 37.626826),633000.0,Hayward,25.0,6001,Alameda,6
21cc8f71faa00566c035b0bbf560e78e7e7c3f23,ecobee3Lite,US,CA,Belmont City,37.514398,-122.294475,Yes,census.gov,Apartment,1000,1,20,1,False,False,False,"1, 2",3C,3,POINT (-122.294475 37.514398),605108.0,Belmont,25.0,6081,San Mateo,6
21ebc4292e860b130326535252c3d4cc0da5b587,ecobee3Lite,US,CA,Pebble Beach,36.5642076,-121.9378096,Yes,photon,Null,0,0,0,0,False,False,False,0,3C,3,POINT (-121.9378096 36.5642076),618590.0,Del Monte Forest,57.0,6053,Monterey,6
225f99c64e38ac12e677b7d32e715159b808151c,ESTWVC,US,CA,Livermore City,37.686977,-121.759781,Yes,census.gov,Detached,3001,1,1,0,True,False,False,"1, 2",3C,12,POINT (-121.759781 37.686977),641992.0,Livermore,25.0,6001,Alameda,6
226449704e9b8e6a85c7f22a0079c67656d8b297,ESTWVC,US,CA,Oakland City,37.769846,-122.22569,Yes,census.gov,Detached,1501,1,51,0,True,False,False,"1, 2",3C,3,POINT (-122.22569 37.769846),653000.0,Oakland,25.0,6001,Alameda,6
2272c9d9cb7dd7999ec7d3697da47d7c8c56c7c7,ecobee4,US,CA,Elk Grove City,38.414621,-121.384961,Yes,census.gov,Null,0,0,0,0,False,False,False,"1, 2",3B,12,POINT (-121.384961 38.414621),622020.0,Elk Grove,25.0,6067,Sacramento,6
22abdc0012fce4471f33a0660f6df8d38c87cb0d,ecobee3Lite,US,CA,Cupertino City,37.3194,-122.044957,Yes,census.gov,Detached,2000,1,50,3,False,False,False,0,3C,4,POINT (-122.044957 37.3194),617610.0,Cupertino,25.0,6085,Santa Clara,6
22e74b5e1a204a1f2e9da63a9318734d0f054b4f,ecobee3Lite,US,CA,Imperial City,32.838801,-115.572012,Yes,census.gov,Townhouse,2500,1,0,0,False,False,False,"1, 2",2B,15,POINT (-115.572012 32.838801),636280.0,Imperial,25.0,6025,Imperial,6
22f6f2ec24ddf59cb77f3a0095d82b86cb4123ec,ESTWVC,US,CA,San Diego City,32.830391,-117.120923,Yes,census.gov,Null,0,0,0,0,True,False,True,"1, 2",3B,7,POINT (-117.120923 32.830391),666000.0,San Diego,25.0,6073,San Diego,6
236efa133bb30f28e8cc771fff7c41dd766a5b57,ecobee3,US,CA,Murrieta City,33.573214,-117.191007,Yes,census.gov,Detached,3000,1,5,3,False,False,False,"2, 4",3B,10,POINT (-117.191007 33.573214),650076.0,Murrieta,25.0,6065,Riverside,6
23861ded77ab2159825507d46cfb6a420bb969f5,ESTWVC,US,CA,San Jose City,37.296011,-121.814552,Yes,census.gov,Detached,2000,1,15,1,True,False,False,"3, 6",3C,4,POINT (-121.814552 37.296011),668000.0,San Jose,25.0,6085,Santa Clara,6
239e2592e1fa828e1f20f693e313934de2107b23,ecobee3Lite,US,CA,El Dorado Hills CDP,38.676082,-121.0477,Yes,census.gov,Detached,3500,2,10,4,False,False,False,0,4B,12,POINT (-121.0477 38.676082),621880.0,El Dorado Hills,57.0,6017,El Dorado,6
23b5c33d23efacc9d7692fad170cd8fbf704eef8,ESTWVC,US,CA,Spring Valley CDP,39.076053,-122.584512,Yes,census.gov,Row House,1501,1,72,0,True,False,False,"5, 10",4B,2,POINT (-122.584512 39.076053),673690.0,Spring Valley,57.0,6033,Lake,6
23ebc782299181e97cf40c193542fdd65cea7089,ecobee3,US,CA,Modesto City,37.637533,-121.003049,Yes,census.gov,Other,2500,1,35,2,False,False,False,"1, 2",3B,12,POINT (-121.003049 37.637533),648354.0,Modesto,25.0,6099,Stanislaus,6
2412c36b9a6912ef246c6f10666f1bf70ea67122,ESTWVC,US,CA,Truckee Town,39.350548,-120.193943,Yes,census.gov,Detached,2000,1,30,0,True,False,False,0,5B,16,POINT (-120.193943 39.350548),680588.0,Truckee,43.0,6057,Nevada,6
2426f3c7643623e75813c9d2c0ef38d57bff9613,ecobee3Lite,US,CA,Thousand Oaks City,34.19329,-118.874235,Yes,census.gov,Null,2000,2,10,2,False,False,False,"2, 4",3C,9,POINT (-118.874235 34.19329),678582.0,Thousand Oaks,25.0,6111,Ventura,6
248d26024214e940145454539b338bba286ff4a0,ecobee3Lite,US,CA,La Mesa City,32.769495,-117.021923,Yes,census.gov,Detached,1500,1,75,3,False,False,False,0,3B,7,POINT (-117.021923 32.769495),640004.0,La Mesa,25.0,6073,San Diego,6
2502bd784a504e85cfb9d6205935e70555b4eac4,ESTWVC,US,CA,Simi Valley City,34.266887,-118.748458,Yes,census.gov,Detached,2000,1,40,2,True,False,False,"3, 6",3C,9,POINT (-118.748458 34.266887),672016.0,Simi Valley,25.0,6111,Ventura,6
252bc14f872e8764f425cecf8cfca7e83bc57ff1,ecobee4,US,CA,Live Oak CDP,36.986024,-121.980414,Yes,census.gov,Detached,2500,1,17,4,False,False,False,"4, 5, 8",3C,3,POINT (-121.980414 36.986024),641922.0,Live Oak,57.0,6087,Santa Cruz,6
253035a248437e53012b0965a24b578147838f26,undefined,US,CA,Palmdale City,34.591038,-118.105403,Yes,census.gov,Detached,2001,1,12,0,True,False,False,0,3B,14,POINT (-118.105403 34.591038),655156.0,Palmdale,25.0,6037,Los Angeles,6
2530cef4781b16bc68e3d0fb7b02c2f5b920c420,ecobee3Lite,US,CA,South Lake Tahoe City,38.928218,-119.981,Yes,census.gov,Other,1501,2,40,0,True,False,False,0,4B,16,POINT (-119.981 38.928218),673108.0,South Lake Tahoe,25.0,6017,El Dorado,6
2555a2a2a58a2fc73c6f693cfe1b9c03d6495d76,ESTWVC,US,CA,Merced City,37.31138,-120.470408,Yes,census.gov,Row House,2000,2,1,5,True,False,False,"1, 2",3B,12,POINT (-120.470408 37.31138),646898.0,Merced,25.0,6047,Merced,6
25758b767757b5a7ba1029dae8d9181a9b88e89a,ecobee3,US,CA,South Lake Tahoe City,38.928218,-119.981,Yes,census.gov,Detached,3500,2,40,0,False,False,False,"5, 10",4B,16,POINT (-119.981 38.928218),673108.0,South Lake Tahoe,25.0,6017,El Dorado,6
2579c3e93460bae619b8df9690ef53e22b1d40ba,ecobee3,US,CA,Merced City,37.31138,-120.470408,Yes,census.gov,Detached,2000,2,25,3,False,False,False,"3, 6",3B,12,POINT (-120.470408 37.31138),646898.0,Merced,25.0,6047,Merced,6
258e0338a635e4bae5246949edbc47f7f639ad97,ecobee3Lite,US,CA,Palm Desert City,33.737635,-116.364145,Yes,census.gov,Detached,3000,1,20,0,False,False,False,"2, 4",3B,15,POINT (-116.364145 33.737635),655184.0,Palm Desert,25.0,6065,Riverside,6
2599eef95dc153762de78a74b85d61fcff6cccb4,ESTWVC,US,CA,Irvine City,33.678399,-117.771254,Yes,census.gov,Condominium,2001,2,52,0,True,False,False,"6, 7",3B,8,POINT (-117.771254 33.678399),636770.0,Irvine,25.0,6059,Orange,6
25c97fb27041ff342c4467d859c0aee24e817375,ecobee3,US,CA,Roseville City,38.770296,-121.319634,Yes,census.gov,Detached,2180,2,0,0,False,False,False,"2, 4",3B,11,POINT (-121.319634 38.770296),662938.0,Roseville,25.0,6061,Placer,6
25d74e6ce290f444a279fa9e28e8cb29f1396dd5,ESTWVC,US,CA,Truckee Town,39.350548,-120.193943,Yes,census.gov,Detached,1501,3,31,0,True,False,False,"1, 2",5B,16,POINT (-120.193943 39.350548),680588.0,Truckee,43.0,6057,Nevada,6
25ddfb98ba27944411ab56ee1f0e8ef665bae7cf,ecobee3,US,CA,Los Altos Hills Town,37.366808,-122.13865,Yes,census.gov,Detached,1800,1,65,5,False,False,False,0,3C,4,POINT (-122.13865 37.366808),643294.0,Los Altos Hills,43.0,6085,Santa Clara,6
2605f3fe6f387f0b513d0c5c86eca8f8bc6b547c,ecobee3Lite,US,CA,Trabuco Canyon CDP,33.678228,-117.594009,Yes,census.gov,Detached,5500,2,10,0,True,False,False,"0, 1, 2",3B,8,POINT (-117.594009 33.678228),680210.0,Trabuco Canyon,57.0,6059,Orange,6
2622b3ca9f11fefd32c93c314ae3eb3e77f9999a,ESTWVC,US,CA,Sunnyvale City,37.385797,-122.026316,Yes,census.gov,Detached,2500,1,20,2,True,False,False,"4, 8",3C,4,POINT (-122.026316 37.385797),677000.0,Sunnyvale,25.0,6085,Santa Clara,6
2665fdd86502dbae68626aee78d82e22f1b56ac5,ESTWVC,US,CA,Fresno City,36.782684,-119.793359,Yes,census.gov,Other,1001,2,41,0,True,False,True,0,3B,13,POINT (-119.793359 36.782684),627000.0,Fresno,25.0,6019,Fresno,6
266bd63b05873283efc17cdd76e46a6d4c42497c,ESTWVC,US,CA,Truckee Town,39.350548,-120.193943,Yes,census.gov,Detached,2500,2,120,1,True,False,False,1,5B,16,POINT (-120.193943 39.350548),680588.0,Truckee,43.0,6057,Nevada,6
266d02840f6626a69f0fe9e419b68eab65686bfb,undefined,US,CA,Hayward City,37.626826,-122.104015,Yes,census.gov,Townhouse,1500,3,5,0,True,False,False,"0, 2, 4",3C,3,POINT (-122.104015 37.626826),633000.0,Hayward,25.0,6001,Alameda,6
267330bfd0975aea5a06d425f5c3d3ef0550808f,ecobee3,US,CA,Cypress City,33.818477,-118.038307,Yes,census.gov,Detached,4000,2,0,0,False,False,False,3,3B,8,POINT (-118.038307 33.818477),617750.0,Cypress,25.0,6059,Orange,6
26cda563cffefdec134ca6663613811639531b67,ecobee4,US,CA,Oceanside City,33.224601,-117.306291,Yes,census.gov,Detached,3500,2,17,0,False,False,False,"2, 3, 5, 10",3B,7,POINT (-117.306291 33.224601),653322.0,Oceanside,25.0,6073,San Diego,6
26e119bd7950de8da9bd1781fddcda0b0bcc3c1f,ecobee4,US,CA,Vacaville City,38.358621,-121.968601,Yes,census.gov,Detached,2500,3,47,3,False,False,False,"2, 4",3B,12,POINT (-121.968601 38.358621),681554.0,Vacaville,25.0,6095,Solano,6
272addbaf3c751c1a2287a81c6dd9290ecf76ced,ecobee4,US,CA,Escondido City,33.133053,-117.074043,Yes,census.gov,Row House,1500,1,50,0,False,False,False,"1, 2",3B,10,POINT (-117.074043 33.133053),622804.0,Escondido,25.0,6073,San Diego,6
272d662944636f939c33582924cb3e35d655fcc1,ecobee4,US,CA,Mckinleyville CDP,40.951571,-124.077357,Yes,census.gov,Detached,3500,2,30,0,False,False,False,"1, 2",4C,1,POINT (-124.077357 40.951571),644910.0,McKinleyville,57.0,6023,Humboldt,6
27e1efab5ebc93f0497b2f46e917635ff91078c2,undefined,US,CA,Sacramento City,38.567694,-121.468161,Yes,census.gov,Detached,1501,1,22,0,True,False,True,2,3B,12,POINT (-121.468161 38.567694),664000.0,Sacramento,25.0,6067,Sacramento,6
283dd8dcd73bf249b3c6292daefcd37aff4c7ef2,undefined,US,CA,Chico City,39.758951,-121.81772,Yes,census.gov,Detached,3000,1,120,1,True,False,False,"3, 4, 5",3B,11,POINT (-121.81772 39.758951),613014.0,Chico,25.0,6007,Butte,6
28b6a9c042a5a84e68949ad886b950f50e56b4c7,ecobee3Lite,US,CA,Oakley City,37.996149,-121.693624,Yes,census.gov,Detached,2500,2,10,4,False,False,False,"2, 4",3B,12,POINT (-121.693624 37.996149),653070.0,Oakley,25.0,6013,Contra Costa,6
28c42eab0f805310200635ac1d0cca6f71b6425d,ecobee3,US,CA,Sunnyvale City,37.385797,-122.026316,Yes,census.gov,Detached,2500,2,50,1,False,False,False,"3, 6",3C,4,POINT (-122.026316 37.385797),677000.0,Sunnyvale,25.0,6085,Santa Clara,6
28e43b545e0da9c86dd081a665a88be2d434776e,ecobee3,US,CA,South Lake Tahoe City,38.928218,-119.981,Yes,census.gov,Detached,3500,2,40,0,False,False,False,"1, 2",4B,16,POINT (-119.981 38.928218),673108.0,South Lake Tahoe,25.0,6017,El Dorado,6
290cbcde288683ae8ca850d8604f29babbe26a5a,ecobee3Lite,US,CA,Gilroy City,37.006407,-121.585321,Yes,census.gov,Detached,4500,2,17,0,False,False,False,"1, 2",3C,4,POINT (-121.585321 37.006407),629504.0,Gilroy,25.0,6085,Santa Clara,6
29e97e3a83672b558427d557553322d2366adf9a,ecobee3Lite,US,CA,Sacramento City,38.567694,-121.468161,Yes,census.gov,Detached,1500,1,100,3,False,False,False,0,3B,12,POINT (-121.468161 38.567694),664000.0,Sacramento,25.0,6067,Sacramento,6
29ec64ef3d71df20e7f63b95cb43ac02f7cf019e,ecobee3,US,CA,Irvine City,33.678399,-117.771254,Yes,census.gov,Detached,2500,2,5,0,False,False,False,"1, 2",3B,8,POINT (-117.771254 33.678399),636770.0,Irvine,25.0,6059,Orange,6
2a36a9827e4c2a50f3d075b7aef004b4321573fb,ESTWVC,US,CA,Merced City,37.31138,-120.470408,Yes,census.gov,Detached,2501,2,0,0,True,False,False,0,3B,12,POINT (-120.470408 37.31138),646898.0,Merced,25.0,6047,Merced,6
2a37fc621bc4365702495266e19d8e32ee121a74,ecobee3,US,CA,Murrieta City,33.573214,-117.191007,Yes,census.gov,Apartment,500,1,0,0,True,False,False,"1, 2",3B,10,POINT (-117.191007 33.573214),650076.0,Murrieta,25.0,6065,Riverside,6
2a8674dbf48a73f19ab574ad4420ec719841e5bd,ecobee4,US,CA,Burbank City,34.190079,-118.326405,Yes,census.gov,Null,0,0,0,0,False,False,False,0,3B,9,POINT (-118.326405 34.190079),608954.0,Burbank,25.0,6037,Los Angeles,6
2aa563c4e9dca3608c89b132dbcd2990840335a2,ecobee3Lite,US,CA,Porterville City,36.063542,-119.0336,Yes,census.gov,Null,0,0,0,0,False,False,False,0,3B,13,POINT (-119.0336 36.063542),658240.0,Porterville,25.0,6107,Tulare,6
2ab2161503f9803028c3a05dd3e0e7d3bf5e7330,undefined,US,CA,Fremont City,37.49446,-121.94115,Yes,census.gov,Detached,1001,1,42,0,True,False,False,1,3C,3,POINT (-121.94115 37.49446),626000.0,Fremont,25.0,6001,Alameda,6
2af167bf9c87e3e1d1a434cc6ed0f97ea9ecf9db,ecobee4,US,CA,Aliso Viejo City,33.57921,-117.728898,Yes,census.gov,Condominium,1500,2,20,0,False,False,False,"1, 2",3B,6,POINT (-117.728898 33.57921),600947.0,Aliso Viejo,25.0,6059,Orange,6
2af3322340c7d55b330a47332f8260980b98b5e7,ecobee3Lite,US,CA,Sacramento City,38.567694,-121.468161,Yes,census.gov,Null,0,0,0,0,False,False,False,"0, 2",3B,12,POINT (-121.468161 38.567694),664000.0,Sacramento,25.0,6067,Sacramento,6
2b0ed3cbb42a6a0214b3946f40db50b0bc388f8e,ESTWVC,US,CA,El Centro City,32.786351,-115.560206,Yes,census.gov,Null,0,0,0,0,True,False,False,"0, 1, 2, 4",2B,15,POINT (-115.560206 32.786351),621782.0,El Centro,25.0,6025,Imperial,6
2b14fbc482ee29fe440176cc35e12702b1bee582,ecobee3Lite,US,CA,Elk Grove City,38.414621,-121.384961,Yes,census.gov,Detached,2000,2,20,0,False,False,False,0,3B,12,POINT (-121.384961 38.414621),622020.0,Elk Grove,25.0,6067,Sacramento,6
2b39bfe0e9b29f16b24b605d64599dc8bc3b7a1b,ecobee3Lite,US,CA,Sacramento City,38.567694,-121.468161,Yes,census.gov,Null,1500,1,10,4,True,False,False,0,3B,12,POINT (-121.468161 38.567694),664000.0,Sacramento,25.0,6067,Sacramento,6
2b4411ad6e12d10cbc62937097129230c1db2ee3,ecobee4,US,CA,Sacramento City,38.567694,-121.468161,Yes,census.gov,Detached,1500,1,70,0,False,False,False,"1, 2",3B,12,POINT (-121.468161 38.567694),664000.0,Sacramento,25.0,6067,Sacramento,6
2b9d05e71ccd94c60cd8a2f6d0142290d507e889,ESTWVC,US,CA,Placerville City,38.731116,-120.797677,Yes,census.gov,Detached,1001,1,30,0,True,False,False,"0, 1, 2",4B,12,POINT (-120.797677 38.731116),657540.0,Placerville,25.0,6017,El Dorado,6
2ba1d1aaa445a6bd5b821f68e0421943cb20daae,ecobee3,US,CA,Loomis Town,38.809358,-121.195383,Yes,census.gov,Null,0,0,0,0,True,False,False,0,3B,11,POINT (-121.195383 38.809358),643140.0,Loomis,43.0,6061,Placer,6
2bf7654c53bc8ef309d87047bdcb148baf0449f9,ecobee3Lite,US,CA,Cupertino City,37.3194,-122.044957,Yes,census.gov,Detached,1500,1,15,1,False,False,False,0,3C,4,POINT (-122.044957 37.3194),617610.0,Cupertino,25.0,6085,Santa Clara,6
2c232507bf9be076779a1c22076600713f1b53e6,ESTWVC,US,CA,Union City,37.5872576,-122.0215737,Yes,photon,Detached,2001,2,19,0,True,False,False,"0, 1, 2, 5, 10",3C,3,POINT (-122.0215737 37.5872576),681204.0,Union City,25.0,6001,Alameda,6
2c575fdbf998979c592e98645c91c4796f3cc981,ecobee3,US,CA,San Jose City,37.296011,-121.814552,Yes,census.gov,Condominium,1500,2,30,0,False,False,False,"1, 2",3C,4,POINT (-121.814552 37.296011),668000.0,San Jose,25.0,6085,Santa Clara,6
2ccd1b91bf58f152c6bb1374d7a03e5e0bffe403,ESTWVC,US,CA,Los Angeles City,34.019394,-118.410825,Yes,census.gov,Detached,2000,1,60,0,True,False,False,"1, 2",3B,8,POINT (-118.410825 34.019394),644000.0,Los Angeles,25.0,6037,Los Angeles,6
2d0f3db4e66ea54e74110fd41df957b736e01cfa,ecobee4,US,CA,Simi Valley City,34.266887,-118.748458,Yes,census.gov,Detached,2500,2,17,0,False,False,False,"3, 6",3C,9,POINT (-118.748458 34.266887),672016.0,Simi Valley,25.0,6111,Ventura,6
2d74b456aedb21cc5c0320e81f00cfbc554517e1,ecobee3Lite,US,CA,Penn Valley CDP,39.195297,-121.194153,Yes,census.gov,Other,2000,1,50,0,False,False,False,0,5B,11,POINT (-121.194153 39.195297),656518.0,Penn Valley,57.0,6057,Nevada,6
2dc1ad821b9d3dca7f26daf5d8366a58a7dbd873,undefined,US,CA,El Dorado Hills CDP,38.676082,-121.0477,Yes,census.gov,Detached,3000,2,120,1,True,False,False,1,4B,12,POINT (-121.0477 38.676082),621880.0,El Dorado Hills,57.0,6017,El Dorado,6
2dc6335692bfa1ec6e19884ee92918efdcd4923a,ESTWVC,US,CA,Pomona City,34.058494,-117.761091,Yes,census.gov,Condominium,1501,3,19,0,True,False,False,0,3B,9,POINT (-117.761091 34.058494),658072.0,Pomona,25.0,6037,Los Angeles,6
2e2e32c5f1201464cc7f0bd4295ca0412eaa25a0,undefined,US,CA,Lake Elsinore City,33.685956,-117.335404,Yes,census.gov,Detached,2000,1,120,1,True,False,False,"0, 1",3B,10,POINT (-117.335404 33.685956),639486.0,Lake Elsinore,25.0,6065,Riverside,6
2e4c65c20fe9c4e2dd0759fb6bcf9b1be41a4db9,ecobee4,US,CA,Belmont City,37.514398,-122.294475,Yes,census.gov,Detached,2500,2,55,5,False,False,False,"1, 2",3C,3,POINT (-122.294475 37.514398),605108.0,Belmont,25.0,6081,San Mateo,6
2e748b40657565f83e021f6ddbac8518f7b87b05,ecobee4,US,CA,Chino Hills City,33.942969,-117.725648,Yes,census.gov,Detached,2000,2,30,3,False,False,False,"4, 8",3B,10,POINT (-117.725648 33.942969),613214.0,Chino Hills,25.0,6071,San Bernardino,6
2ea60bbb9bf8cbe1338405480059eda0f98951a0,undefined,US,CA,Los Angeles City,34.019394,-118.410825,Yes,census.gov,Detached,2001,2,62,0,True,False,False,"0, 2",3B,8,POINT (-118.410825 34.019394),644000.0,Los Angeles,25.0,6037,Los Angeles,6
2eb13e6b75520a5c824ce14dd0e89f46278178ff,ecobee3Lite,US,CA,Elverta CDP,38.718464,-121.445475,Yes,census.gov,Detached,1500,1,40,0,False,False,True,0,3B,12,POINT (-121.445475 38.718464),622524.0,Elverta,57.0,6067,Sacramento,6
2ed6029d299266df00db994d0bf0db12cd3e4a2a,ESTWVC,US,CA,Palmdale City,34.591038,-118.105403,Yes,census.gov,Null,3500,2,25,0,True,False,False,"0, 1, 2",3B,14,POINT (-118.105403 34.591038),655156.0,Palmdale,25.0,6037,Los Angeles,6
2eddf01326e15d01acea2a1a7e30ed111441b3a3,ESTWVC,US,CA,Dublin City,37.716137,-121.896229,Yes,census.gov,Null,0,0,0,0,True,False,False,"1, 2",3C,12,POINT (-121.896229 37.716137),620018.0,Dublin,25.0,6001,Alameda,6
2eed68e52765bd6892ead273b8b11f29af9666fe,ecobee4,US,CA,Davis City,38.556147,-121.737793,Yes,census.gov,Detached,4000,2,10,5,False,False,False,"3, 6",3B,12,POINT (-121.737793 38.556147),618100.0,Davis,25.0,6113,Yolo,6
2f10859f997dc7d1b8264f63d3116d328ed90b06,ecobee3Lite,US,CA,San Marcos City,33.132567,-117.169892,Yes,census.gov,Detached,4500,2,10,0,False,False,False,0,3B,10,POINT (-117.169892 33.132567),668196.0,San Marcos,25.0,6073,San Diego,6
2f5fb3f2e7afaca0b564d6a40a8a4b4ea9141831,ecobee3,US,CA,Brentwood City,37.935578,-121.71897,Yes,census.gov,Detached,3500,2,0,0,False,False,False,0,3B,12,POINT (-121.71897 37.935578),608142.0,Brentwood,25.0,6013,Contra Costa,6
302e2d2485886b0df3977201c9cf14c6e2dfa0bc,ecobee4,US,CA,El Dorado Hills CDP,38.676082,-121.0477,Yes,census.gov,Detached,4500,2,20,0,True,False,False,"3, 6",4B,12,POINT (-121.0477 38.676082),621880.0,El Dorado Hills,57.0,6017,El Dorado,6
303eaf001ff33fa15b8c41e75907701f49f53ddd,ecobee3,US,CA,Irvine City,33.678399,-117.771254,Yes,census.gov,Detached,2500,2,5,4,True,False,False,"2, 4",3B,8,POINT (-117.771254 33.678399),636770.0,Irvine,25.0,6059,Orange,6
3057e6f01d979c64e9215264abd6f6d4a78b3f46,ecobee3Lite,US,CA,Nevada City,39.259608,-121.033326,Yes,census.gov,Detached,2501,1,19,0,False,False,False,0,5B,11,POINT (-121.033326 39.259608),650874.0,Nevada City,25.0,6057,Nevada,6
3057f6a5aa599a3004b2f034f9ba3e917acea619,ecobee3Lite,US,CA,Sacramento City,38.567694,-121.468161,Yes,census.gov,Detached,1500,1,50,1,False,False,False,0,3B,12,POINT (-121.468161 38.567694),664000.0,Sacramento,25.0,6067,Sacramento,6
308a0d0dca4e48a67e124263f1f1d3a985847174,ecobee3,US,CA,Berkeley City,37.865673,-122.298725,Yes,census.gov,Detached,1500,1,90,0,False,False,False,"1, 2",3C,3,POINT (-122.298725 37.865673),606000.0,Berkeley,25.0,6001,Alameda,6
30b955b1c5365bde51a4bd637ecd298cc1e0f67c,ecobee3Lite,US,CA,Cupertino City,37.3194,-122.044957,Yes,census.gov,Townhouse,2500,3,30,5,True,False,False,"5, 10",3C,4,POINT (-122.044957 37.3194),617610.0,Cupertino,25.0,6085,Santa Clara,6
3106a0690c3e2293cf86991a54acb0e97c15487e,ecobee3,US,CA,Vista City,33.189528,-117.238582,Yes,census.gov,Detached,2300,2,30,0,False,False,False,"1, 2",3B,7,POINT (-117.238582 33.189528),682996.0,Vista,25.0,6073,San Diego,6
316dd3238ec78881761e48ce28845443998b3a03,ecobee4,US,CA,Los Angeles City,34.019394,-118.410825,Yes,census.gov,Apartment,2500,2,90,0,False,False,False,"3, 5, 6",3B,8,POINT (-118.410825 34.019394),644000.0,Los Angeles,25.0,6037,Los Angeles,6
320c57ef8aa831a0c2f7754744af223217586884,ecobee4,US,CA,Shingle Springs CDP,38.665855,-120.936208,Yes,census.gov,Detached,4500,2,30,3,False,False,False,"2, 4",4B,12,POINT (-120.936208 38.665855),671554.0,Shingle Springs,57.0,6017,El Dorado,6
3220d5f018f0d0c6e6ed0e62f5e6a8edb73a6b12,ecobee3,US,CA,Brawley City,32.978454,-115.528569,Yes,census.gov,Null,2450,2,0,0,False,False,False,"1, 2",2B,15,POINT (-115.528569 32.978454),608058.0,Brawley,25.0,6025,Imperial,6
3267efaca232bfae9e2c293aeb17d6bb1e7a1646,ecobee3Lite,US,CA,Ventura,34.2804923,-119.2945199,Yes,google,Other,1500,1,68,3,True,False,False,"2, 4",3C,6,POINT (-119.2945199 34.2804923),665042.0,San Buenaventura (Ventura),25.0,6111,Ventura,6
327e90e635ab510119c6ef6a665093731ea105bd,ESTWVC,US,CA,Bakersfield City,35.353171,-119.037919,Yes,census.gov,Row House,3000,1,20,0,True,False,False,0,3B,13,POINT (-119.037919 35.353171),603526.0,Bakersfield,25.0,6029,Kern,6
3297f51d40bdccce4fd96089cb3925fa7e7010bd,ecobee3Lite,US,CA,Newark City,37.504253,-122.03191,Yes,census.gov,Detached,3000,2,0,0,False,False,False,0,3C,3,POINT (-122.03191 37.504253),650916.0,Newark,25.0,6001,Alameda,6
32bad98c78ba20c7a936f84b63db7a7d6427e000,ecobee3Lite,US,CA,Covina City,34.090475,-117.882143,Yes,census.gov,Detached,2500,1,50,0,False,False,False,"2, 3, 4, 8",3B,9,POINT (-117.882143 34.090475),616742.0,Covina,25.0,6037,Los Angeles,6
32d1599808c844db4bae35de406ed6fc5c0e6274,ecobee4,US,CA,Calabasas City,34.134252,-118.666455,Yes,census.gov,Detached,10000,3,10,3,False,False,False,0,3B,9,POINT (-118.666455 34.134252),609598.0,Calabasas,25.0,6037,Los Angeles,6
32f46e763cdcbaa50fed28f189cc06be1ccba657,ecobee3Lite,US,CA,Soda Springs CDP,39.324788,-120.378665,Yes,census.gov,Null,0,0,0,0,True,False,False,"2, 4",5B,16,POINT (-120.378665 39.324788),672492.0,Soda Springs,57.0,6057,Nevada,6
3306df55905a2314b028195057880d1b7d911e9c,ecobee3Lite,US,CA,San Diego City,32.830391,-117.120923,Yes,census.gov,Detached,2000,1,60,2,False,False,False,0,3B,7,POINT (-117.120923 32.830391),666000.0,San Diego,25.0,6073,San Diego,6
334c23cb77121e0ebdb9c4f5c934a142964ada57,ecobee3,US,CA,Los Angeles City,34.019394,-118.410825,Yes,census.gov,Detached,2000,1,96,1,False,False,False,"1, 2",3B,8,POINT (-118.410825 34.019394),644000.0,Los Angeles,25.0,6037,Los Angeles,6
334ee7b8a1a818dab6abf3be26be2f279fa73fb0,ecobee3Lite,US,CA,Manteca City,37.792839,-121.226076,Yes,census.gov,Row House,1500,1,35,4,True,False,False,0,3B,12,POINT (-121.226076 37.792839),645484.0,Manteca,25.0,6077,San Joaquin,6
3389aff0d9d578c017a4e414b264e474e64f0892,ecobee3Lite,US,CA,Fairfield City,38.261965,-122.032389,Yes,census.gov,Detached,1500,1,30,0,False,False,False,0,3B,12,POINT (-122.032389 38.261965),623182.0,Fairfield,25.0,6095,Solano,6
33b8bd2f2eade6f387c8f03a6ee94a210e28a27f,undefined,US,CA,Sonora City,37.981707,-120.382755,Yes,census.gov,Detached,1501,1,52,0,True,False,False,0,4B,12,POINT (-120.382755 37.981707),672674.0,Sonora,25.0,6109,Tuolumne,6
33c513ca17c9c4cc83de59859d6f425a0b69a777,ecobee4,US,CA,El Dorado Hills CDP,38.676082,-121.0477,Yes,census.gov,Detached,4500,2,25,0,False,False,False,"3, 6",4B,12,POINT (-121.0477 38.676082),621880.0,El Dorado Hills,57.0,6017,El Dorado,6
33c61dde26e59c0636c9c6a4308de6e4bdbeb9e2,ecobee3Lite,US,CA,Downey City,33.938237,-118.130856,Yes,census.gov,Detached,1500,1,60,0,False,False,False,0,3B,8,POINT (-118.130856 33.938237),619766.0,Downey,25.0,6037,Los Angeles,6
3429c88daeb8dc23b7afeb33d65cb9e8a87f3e89,ecobee4,US,CA,Truckee Town,39.350548,-120.193943,Yes,census.gov,Null,0,0,0,0,False,False,False,"1, 2",5B,16,POINT (-120.193943 39.350548),680588.0,Truckee,43.0,6057,Nevada,6
3470f440062154757414dba19f8a02bf97e578b0,ecobee3Lite,US,CA,Lake Forest City,33.654946,-117.675848,Yes,census.gov,Detached,2500,2,40,5,True,False,False,0,3B,8,POINT (-117.675848 33.654946),639496.0,Lake Forest,25.0,6059,Orange,6
349d784ab5ec0c8af4a2bd3580f3ff622ac71a61,ESTWVC,US,CA,La Mesa City,32.769495,-117.021923,Yes,census.gov,Detached,2500,1,85,5,True,False,False,"1, 2",3B,7,POINT (-117.021923 32.769495),640004.0,La Mesa,25.0,6073,San Diego,6
35d5ece933f2b8240a4e1d4c33c2c5e234ec62e4,undefined,US,CA,Grass Valley City,39.220305,-121.052654,Yes,census.gov,Detached,2500,2,120,2,True,False,False,"0, 1",5B,11,POINT (-121.052654 39.220305),630798.0,Grass Valley,25.0,6057,Nevada,6
36360da5abe269f9acf5f09656e501893070fa7c,SmartSi,US,CA,Napa City,38.297872,-122.300741,Yes,census.gov,Detached,2500,4,0,0,False,False,False,0,3C,2,POINT (-122.300741 38.297872),650258.0,Napa,25.0,6055,Napa,6
3651665149b5da48b491a8c6368763d0011b5444,ESTWVC,US,CA,San Diego City,32.830391,-117.120923,Yes,census.gov,Detached,4501,2,11,0,True,False,False,0,3B,7,POINT (-117.120923 32.830391),666000.0,San Diego,25.0,6073,San Diego,6
3661e3f2946ec0a69ac0761bfeb7e1cca077dc79,ecobee3Lite,US,CA,Riverside City,33.938143,-117.393168,Yes,census.gov,Other,4500,1,10,0,True,False,False,"1, 2",3B,10,POINT (-117.393168 33.938143),662000.0,Riverside,25.0,6065,Riverside,6
36b853226315d48444154d18db2c063151c5b146,ecobee4,US,CA,La Crescenta,34.230429,-118.2350733,Yes,photon,Detached,3000,2,100,4,False,False,False,"3, 6",3B,9,POINT (-118.2350733 34.230429),639045.0,La Crescenta-Montrose,57.0,6037,Los Angeles,6
36c2c1d95e7f769858c824bc2992f3fec13776ee,undefined,US,CA,Mckinleyville CDP,40.951571,-124.077357,Yes,census.gov,Detached,2501,2,43,0,True,False,False,"1, 2",4C,1,POINT (-124.077357 40.951571),644910.0,McKinleyville,57.0,6023,Humboldt,6
36cf94c7a91188a7fe639db6146c0ca76b466606,SmartSi,US,CA,Carlsbad City,33.129284,-117.284183,Yes,census.gov,Detached,4000,2,16,0,False,False,False,0,3B,7,POINT (-117.284183 33.129284),611194.0,Carlsbad,25.0,6073,San Diego,6
36f958f49ae064b1aeee4ee0585c89bbd5b4b6bd,ecobee3,US,CA,San Diego City,32.830391,-117.120923,Yes,census.gov,Detached,1500,1,45,5,False,False,False,0,3B,7,POINT (-117.120923 32.830391),666000.0,San Diego,25.0,6073,San Diego,6
3732adc990d1dc9e9db68f8975569263e237f178,ecobee3Lite,US,CA,San Diego City,32.830391,-117.120923,Yes,census.gov,Detached,2500,1,55,2,False,False,False,"2, 4",3B,7,POINT (-117.120923 32.830391),666000.0,San Diego,25.0,6073,San Diego,6
375c32b698f3f912e39d8d085181500ff4ba27c4,ecobee3,US,CA,Truckee Town,39.350548,-120.193943,Yes,census.gov,Detached,3500,3,10,2,False,False,False,0,5B,16,POINT (-120.193943 39.350548),680588.0,Truckee,43.0,6057,Nevada,6
37df47578c4c213e2237d8b7b0f41582ef44f1c1,undefined,US,CA,Visalia City,36.32921,-119.326984,Yes,census.gov,Other,500,2,22,0,True,False,False,0,3B,13,POINT (-119.326984 36.32921),682954.0,Visalia,25.0,6107,Tulare,6
37f09381237d65271547a3117f015b6884ba9938,ecobee4,US,CA,Brentwood City,37.935578,-121.71897,Yes,census.gov,Detached,2000,2,0,0,False,False,False,"1, 2",3B,12,POINT (-121.71897 37.935578),608142.0,Brentwood,25.0,6013,Contra Costa,6
381344b28e6c203de1dacda5c71267d02cbcce70,ESTWVC,US,CA,Santa Clara City,37.364621,-121.967973,Yes,census.gov,Detached,3001,1,21,0,True,False,False,"1, 2",3C,4,POINT (-121.967973 37.364621),669084.0,Santa Clara,25.0,6085,Santa Clara,6
382cdbf2165ebb1216cb3c736b33dcfd26903c30,ecobee4,US,CA,Brentwood City,37.935578,-121.71897,Yes,census.gov,Detached,4000,2,10,4,False,False,False,"4, 8",3B,12,POINT (-121.71897 37.935578),608142.0,Brentwood,25.0,6013,Contra Costa,6
38659ae553651a0874dfa0f210d3cd5a53ea6343,ESTWVC,US,CA,Mission Viejo City,33.609335,-117.656471,Yes,census.gov,Detached,3001,2,39,0,True,False,False,4,3B,8,POINT (-117.656471 33.609335),648256.0,Mission Viejo,25.0,6059,Orange,6
38d510ed24768e6c9aaa4400466eb1934363dbdc,ESTWVC,US,CA,Copperopolis CDP,37.939092,-120.625141,Yes,census.gov,Detached,1500,1,5,2,True,False,False,1,4B,12,POINT (-120.625141 37.939092),616210.0,Copperopolis,57.0,6009,Calaveras,6
38e54c0e13294bffe489a7544f3baf6f8adc55c1,ecobee3,US,CA,Newport Beach City,33.626595,-117.865392,Yes,census.gov,Null,2000,2,45,0,False,False,False,"1, 2",3B,6,POINT (-117.865392 33.626595),651182.0,Newport Beach,25.0,6059,Orange,6
38e8513c369dcac9025a4d240c059f514535a15e,ecobee3Lite,US,CA,Irvine City,33.678399,-117.771254,Yes,census.gov,Detached,2500,2,7,0,False,False,False,0,3B,8,POINT (-117.771254 33.678399),636770.0,Irvine,25.0,6059,Orange,6
3911b5f998f794e956e95e135fb3245035ef8a03,undefined,US,CA,Milpitas City,37.433136,-121.890934,Yes,census.gov,Townhouse,1500,3,120,2,True,False,False,"4, 5, 6",3C,4,POINT (-121.890934 37.433136),647766.0,Milpitas,25.0,6085,Santa Clara,6
39264f83c97a383162cf0417aee4c017acadd4c3,ecobee3Lite,US,CA,Anaheim City,33.855502,-117.758657,Yes,census.gov,Detached,1500,2,19,4,True,False,False,"2, 4",3B,8,POINT (-117.758657 33.855502),602000.0,Anaheim,25.0,6059,Orange,6
395202d1e22ecc45e6d4c78513527b99dd6b9d9c,ecobee3Lite,US,CA,Gilroy City,37.006407,-121.585321,Yes,census.gov,Detached,3500,2,10,0,False,False,False,0,3C,4,POINT (-121.585321 37.006407),629504.0,Gilroy,25.0,6085,Santa Clara,6
3a410ea3f6b01961e94f5e3c148596fd5265597c,undefined,US,CA,Placentia City,33.881158,-117.854783,Yes,census.gov,Other,1001,1,52,0,True,False,False,1,3B,8,POINT (-117.854783 33.881158),657526.0,Placentia,25.0,6059,Orange,6
3a79e681cc21573eacc5c8bd7807ffe108635c75,ecobee3Lite,US,CA,Aptos CDP,36.99115,-121.893457,Yes,census.gov,Detached,2000,1,40,0,False,False,False,"3, 6",3C,3,POINT (-121.893457 36.99115),602378.0,Aptos,57.0,6087,Santa Cruz,6
3aae7ba6681d1c10d99c0227761d19000f17db1d,ecobee4,US,CA,San Francisco City,37.727239,-123.032229,Yes,census.gov,Row House,2500,2,70,3,False,False,False,"3, 5, 6",3C,3,POINT (-123.032229 37.727239),667000.0,San Francisco,25.0,6075,San Francisco,6
3b248abfe4f9064da39cb4bd2616b088425f629c,SmartSi,US,CA,Spring Valley CDP,39.076053,-122.584512,Yes,census.gov,Detached,2500,2,35,0,False,False,False,0,4B,2,POINT (-122.584512 39.076053),673690.0,Spring Valley,57.0,6033,Lake,6
3b296af756a7c888f351542d01ca701378e2f51f,ecobee3Lite,US,CA,Rancho Cordova City,38.577079,-121.236187,Yes,census.gov,Other,2500,2,0,0,True,False,False,0,3B,12,POINT (-121.236187 38.577079),659444.0,Rancho Cordova,25.0,6067,Sacramento,6
3b3db8d3f6bd82e6ca19c166a4892b14a0647184,SmartSi,US,CA,Palm Springs City,33.803361,-116.53828,Yes,census.gov,Detached,1500,1,35,2,False,False,False,0,3B,15,POINT (-116.53828 33.803361),655254.0,Palm Springs,25.0,6065,Riverside,6
3b3faa4dfbba3ece29402341f26bb793aeed1933,ecobee4,US,CA,La Caã±Ada Flintridge City,34.20969,-118.200139,Yes,census.gov,Detached,1500,1,50,2,False,False,False,0,3B,9,POINT (-118.200139 34.20969),639003.0,La Cañada Flintridge,25.0,6037,Los Angeles,6
3b453b59dbf22f32952b7752eea827223cb3ee20,undefined,US,CA,Fresno City,36.782684,-119.793359,Yes,census.gov,Row House,2000,1,60,2,False,False,False,0,3B,13,POINT (-119.793359 36.782684),627000.0,Fresno,25.0,6019,Fresno,6
3c1370d543af4c4c0dc9d882be45446832d8d1b5,ecobee3,US,CA,San Ramon City,37.765258,-121.931987,Yes,census.gov,Detached,2209,2,46,0,True,False,True,"1, 2",3B,12,POINT (-121.931987 37.765258),668378.0,San Ramon,25.0,6013,Contra Costa,6
3c5c6e34e7d711ec43d00c5731995c8f71e9cf2f,ecobee3Lite,US,CA,Palm Desert City,33.737635,-116.364145,Yes,census.gov,Detached,2500,1,20,0,False,False,False,"1, 2",3B,15,POINT (-116.364145 33.737635),655184.0,Palm Desert,25.0,6065,Riverside,6
3c6d63ceedad1301f1c3d260918025f0276e24e4,undefined,US,CA,Santa Clarita City,34.416504,-118.500693,Yes,census.gov,Other,1000,1,2,0,True,False,False,1,3B,9,POINT (-118.500693 34.416504),669088.0,Santa Clarita,25.0,6037,Los Angeles,6
3cbfb86393398ca87fc1f05c4e84bbeab4e40845,ecobee3,US,CA,Brawley City,32.978454,-115.528569,Yes,census.gov,Detached,3000,2,10,0,False,False,False,"1, 2",2B,15,POINT (-115.528569 32.978454),608058.0,Brawley,25.0,6025,Imperial,6
3cded05a34c4c3dd20cea31cd22ed95143d42c84,undefined,US,CA,Stockton City,37.976553,-121.308598,Yes,census.gov,Semi-Detached,1001,1,62,0,True,False,False,0,3B,12,POINT (-121.308598 37.976553),675000.0,Stockton,25.0,6077,San Joaquin,6
3cfca46e1401912875e3f344a9eb0e75b65d8029,ecobee4,US,CA,Temecula City,33.493073,-117.131734,Yes,census.gov,Detached,2500,2,5,0,False,False,False,"1, 2",3B,10,POINT (-117.131734 33.493073),678120.0,Temecula,25.0,6065,Riverside,6
3d0d5341d46353bf1bea7a2782baff9e287a8571,ESTWVC,US,CA,San Rafael City,37.981003,-122.50693,Yes,census.gov,Detached,2501,2,51,0,True,False,False,"1, 2",3C,2,POINT (-122.50693 37.981003),668364.0,San Rafael,25.0,6041,Marin,6
3d47a2f135b3987c2a0f5b39295c3ef3b13db135,ecobee4,US,CA,La Mirada City,33.902045,-118.008961,Yes,census.gov,Detached,2000,1,60,0,False,False,False,"3, 5, 6",3B,9,POINT (-118.008961 33.902045),640032.0,La Mirada,25.0,6037,Los Angeles,6
3dbd0aea053fea0066bf61e6282266578960e5e8,ecobee3Lite,US,CA,Los Angeles City,34.019394,-118.410825,Yes,census.gov,Detached,1500,1,77,0,False,False,False,0,3B,8,POINT (-118.410825 34.019394),644000.0,Los Angeles,25.0,6037,Los Angeles,6
3e0211dda373fb3c4bb5d6357489ed7602fecbf8,ecobee3,US,CA,Mountain View CDP,38.009205,-122.11685,Yes,census.gov,Townhouse,1500,2,40,1,False,False,False,0,3B,12,POINT (-122.11685 38.009205),649651.0,Mountain View,57.0,6013,Contra Costa,6
3e3da6666474d625bb119b9ebf223ffe0a2daba5,ecobee3Lite,US,CA,Elk Grove City,38.414621,-121.384961,Yes,census.gov,Other,2500,2,20,0,False,False,False,0,3B,12,POINT (-121.384961 38.414621),622020.0,Elk Grove,25.0,6067,Sacramento,6
3e3e41d6c4bed2e47a92cdd209247d473fbc63fb,ecobee3Lite,US,CA,Elk Grove City,38.414621,-121.384961,Yes,census.gov,Detached,3000,2,20,4,False,False,False,"2, 4",3B,12,POINT (-121.384961 38.414621),622020.0,Elk Grove,25.0,6067,Sacramento,6
3e6cd981bb6440c0d096d024cf3ee8f25b76b4d6,ecobee3Lite,US,CA,Los Angeles City,34.019394,-118.410825,Yes,census.gov,Detached,4700,2,0,0,False,False,False,"0, 1",3B,8,POINT (-118.410825 34.019394),644000.0,Los Angeles,25.0,6037,Los Angeles,6
3ee057dcf3c9076056ee7009e09275e71dee2f4a,ecobee3Lite,US,CA,Los Angeles City,34.019394,-118.410825,Yes,census.gov,Detached,4501,2,60,0,False,False,False,"1, 2",3B,8,POINT (-118.410825 34.019394),644000.0,Los Angeles,25.0,6037,Los Angeles,6
3f65e406de55d0d74a8eb69151bf2d22aa46fd00,undefined,US,CA,Cerritos City,33.867745,-118.069471,Yes,census.gov,Null,0,0,0,0,True,False,False,1,3B,8,POINT (-118.069471 33.867745),612552.0,Cerritos,25.0,6037,Los Angeles,6
3f76112e5e64e9ba23222c3e045f9849e161e521,ecobee3,US,CA,Aliso Viejo City,33.57921,-117.728898,Yes,census.gov,Condominium,2000,2,25,"0, 1",False,False,False,0,3B,6,POINT (-117.728898 33.57921),600947.0,Aliso Viejo,25.0,6059,Orange,6
3fce5a6433e03d055c937350d0059f0df87516c1,ESTWVC,US,CA,Fresno City,36.782684,-119.793359,Yes,census.gov,Row House,1501,1,9,0,True,False,False,0,3B,13,POINT (-119.793359 36.782684),627000.0,Fresno,25.0,6019,Fresno,6
3fe4a21cdf5a6194c31ee970124279c43e59cfc7,SmartSi,US,CA,Wilseyville CDP,38.376483,-120.486844,Yes,census.gov,Detached,3500,2,5,2,False,False,True,0,4B,12,POINT (-120.486844 38.376483),685810.0,Wilseyville,57.0,6009,Calaveras,6
3ff57c3bdef4fdd7ad76933fb7f31ba258af6589,ESTWVC,US,CA,Tustin City,33.730927,-117.810596,Yes,census.gov,Detached,3001,2,29,0,True,False,False,"5, 7, 10",3B,8,POINT (-117.810596 33.730927),680854.0,Tustin,25.0,6059,Orange,6
400086c9450aeea2a6f5d787eca301ad525beeaf,ecobee4,US,CA,Fullerton City,33.885716,-117.928025,Yes,census.gov,Detached,1500,1,60,0,False,False,False,0,3B,8,POINT (-117.928025 33.885716),628000.0,Fullerton,25.0,6059,Orange,6
4021424c6798e7d4f22744d6ffb70f8cd6b86fb4,ecobee4,US,CA,Fremont City,37.49446,-121.94115,Yes,census.gov,Detached,1001,2,9,0,False,False,False,"0, 1, 2",3C,3,POINT (-121.94115 37.49446),626000.0,Fremont,25.0,6001,Alameda,6
40235441eb20976e05a5a16692e0facd246c6395,ecobee3,US,CA,Walnut Creek City,37.902666,-122.040479,Yes,census.gov,Townhouse,1870,3,5,0,False,False,False,"1, 2",3B,12,POINT (-122.040479 37.902666),683346.0,Walnut Creek,25.0,6013,Contra Costa,6
404509d2837a363784fa5c2d869650debf068297,ESTWVC,US,CA,Pasadena City,34.160602,-118.137954,Yes,census.gov,Detached,1501,1,92,0,True,False,False,"1, 2, 3",3B,9,POINT (-118.137954 34.160602),656000.0,Pasadena,25.0,6037,Los Angeles,6
4063317dae5e2e92df5e56852cc246b1f1c4068f,SmartSi,US,CA,Ladera Ranch CDP,33.549146,-117.641741,Yes,census.gov,Detached,2500,2,0,0,False,False,False,0,3B,8,POINT (-117.641741 33.549146),639114.0,Ladera Ranch,57.0,6059,Orange,6
413fed624c03f2531df2bc1ea2b591d47e797a10,ecobee3,US,CA,San Diego City,32.830391,-117.120923,Yes,census.gov,Detached,2500,2,120,5,False,False,False,3,3B,7,POINT (-117.120923 32.830391),666000.0,San Diego,25.0,6073,San Diego,6
41691da4229802cf66f13af838aec9285293b2d3,ecobee3Lite,US,CA,Thousand Oaks City,34.19329,-118.874235,Yes,census.gov,Null,0,0,0,0,True,False,False,0,3C,9,POINT (-118.874235 34.19329),678582.0,Thousand Oaks,25.0,6111,Ventura,6
4174a06e3de119d1856762418f623cab7ca39d35,ecobee4,US,CA,Brea City,33.925178,-117.865111,Yes,census.gov,Condominium,1500,1,15,2,True,False,False,"0, 1, 2",3B,8,POINT (-117.865111 33.925178),608100.0,Brea,25.0,6059,Orange,6
4182b40555f2cf295b7d7945f962bcca443f1449,ESTWVC,US,CA,Bass Lake CDP,37.327282,-119.565326,Yes,census.gov,Other,2500,1,42,2,True,False,False,"2, 4",3B,16,POINT (-119.565326 37.327282),604198.0,Bass Lake,57.0,6039,Madera,6
418a5e4c5cb2d93cb43c56ed0fa712e79315eb46,ecobee3,US,CA,Grass Valley City,39.220305,-121.052654,Yes,census.gov,Detached,3000,2,15,1,False,False,False,"2, 3, 4, 5, 10",5B,11,POINT (-121.052654 39.220305),630798.0,Grass Valley,25.0,6057,Nevada,6
419188ca5ab1894b17baf6875a8d26d78d92707d,ESTWVC,US,CA,Livermore City,37.686977,-121.759781,Yes,census.gov,Detached,1501,2,29,0,True,False,False,"1, 2",3C,12,POINT (-121.759781 37.686977),641992.0,Livermore,25.0,6001,Alameda,6
41f02db5ee47ad6066f0b4a2fb79f97997db6c62,ecobee3Lite,US,CA,Orange City,33.786971,-117.861265,Yes,census.gov,Condominium,2000,2,20,0,False,False,False,"4, 8",3B,8,POINT (-117.861265 33.786971),653980.0,Orange,25.0,6059,Orange,6
426f117fe92a307d05837a27fcd151d1b49705c6,ecobee3Lite,US,CA,Galt City,38.268458,-121.298952,Yes,census.gov,Detached,3000,1,10,0,True,False,False,0,3B,12,POINT (-121.298952 38.268458),628112.0,Galt,25.0,6067,Sacramento,6
42809a3f7f7a32bd03540be01cdd636cbd0e50e7,ESTWVC,US,CA,Camarillo City,34.221823,-119.032154,Yes,census.gov,Townhouse,2000,1,20,2,True,False,True,"1, 2",3C,6,POINT (-119.032154 34.221823),610046.0,Camarillo,25.0,6111,Ventura,6
4310a4b7cc4d68b533ac733fa71fdb73185dc17e,ESTWVC,US,CA,Palm Springs City,33.803361,-116.53828,Yes,census.gov,Townhouse,1501,2,20,0,True,False,False,"1, 2",3B,15,POINT (-116.53828 33.803361),655254.0,Palm Springs,25.0,6065,Riverside,6
436a873625d38266f4b3551f329395de2bb41397,ecobee3,US,CA,San Luis Obispo City,35.266195,-120.668438,Yes,census.gov,Detached,1850,2,6,2,False,False,False,"1, 2",3C,5,POINT (-120.668438 35.266195),668154.0,San Luis Obispo,25.0,6079,San Luis Obispo,6
43a33f1883260162b5a3b4689d3dab2bcc058b6b,ecobee3Lite,US,CA,Roseville City,38.770296,-121.319634,Yes,census.gov,Other,2500,2,25,3,False,False,False,0,3B,11,POINT (-121.319634 38.770296),662938.0,Roseville,25.0,6061,Placer,6
43b60bc2aa14faf6ce9077266c88a48eea8e9736,ecobee3,US,CA,Menlo Park City,37.479731,-122.148055,Yes,census.gov,Other,1500,1,75,4,False,False,False,"1, 2",3C,3,POINT (-122.148055 37.479731),646870.0,Menlo Park,25.0,6081,San Mateo,6
44c19c282c1b16ad2461fb6d3af53d927caaaa20,ecobee4,US,CA,Lake Elsinore City,33.685956,-117.335404,Yes,census.gov,Detached,3500,2,25,6,True,False,False,"4, 5, 10",3B,10,POINT (-117.335404 33.685956),639486.0,Lake Elsinore,25.0,6065,Riverside,6
451effffb1c85b0547b54c6ac26d5d9381eedc91,ecobee3Lite,US,CA,Redding City,40.570277,-122.366766,Yes,census.gov,Detached,2000,2,30,0,False,False,False,0,3B,11,POINT (-122.366766 40.570277),659920.0,Redding,25.0,6089,Shasta,6
452fa4a4bba7fdade69f6b4262eaa060b59cfec4,SmartSi,US,CA,Spring Valley CDP,39.076053,-122.584512,Yes,census.gov,Other,3500,2,10,0,False,False,False,0,4B,2,POINT (-122.584512 39.076053),673690.0,Spring Valley,57.0,6033,Lake,6
4534a84cf39f9e60e4ae49123003c8fea78aabaf,SmartSi,US,CA,San Diego City,32.830391,-117.120923,Yes,census.gov,Detached,3500,2,20,4,False,False,False,0,3B,7,POINT (-117.120923 32.830391),666000.0,San Diego,25.0,6073,San Diego,6
45706045f5d20fdaa5f43832d1b99c1b1554df79,ecobee3Lite,US,CA,Grass Valley City,39.220305,-121.052654,Yes,census.gov,Detached,1000,1,85,1,False,False,False,"2, 4",5B,11,POINT (-121.052654 39.220305),630798.0,Grass Valley,25.0,6057,Nevada,6
459560f294ddc927de64fc951caf0a6164a92cc2,ecobee3,US,CA,Lone Pine CDP,36.574447,-118.08061,Yes,census.gov,Detached,2000,1,0,2,False,False,False,"1, 2",4B,16,POINT (-118.08061 36.574447),642580.0,Lone Pine,57.0,6027,Inyo,6
45c0dae77b14a604aa14eb2bf37c61fb008bc1f3,ESTWVC,US,CA,South Gate City,33.944159,-118.192761,Yes,census.gov,Other,1001,1,80,0,True,False,False,"5, 10",3B,8,POINT (-118.192761 33.944159),673080.0,South Gate,25.0,6037,Los Angeles,6
45fa52741f210701c1f53d75289f91056493ccc7,undefined,US,CA,Chester CDP,40.301675,-121.232503,Yes,census.gov,Detached,2500,2,120,3,True,False,False,0,5B,16,POINT (-121.232503 40.301675),612930.0,Chester,57.0,6063,Plumas,6
461300a9b4c9e5e5e10b54efb5379fe1bb5a5e8b,ESTWVC,US,CA,Bakersfield City,35.353171,-119.037919,Yes,census.gov,Null,0,0,0,0,True,False,False,0,3B,13,POINT (-119.037919 35.353171),603526.0,Bakersfield,25.0,6029,Kern,6
4695dd7132d5652b028fb465714399e64c17cd9b,SmartSi,US,CA,Wilseyville CDP,38.376483,-120.486844,Yes,census.gov,Detached,3500,2,5,2,False,False,True,0,4B,12,POINT (-120.486844 38.376483),685810.0,Wilseyville,57.0,6009,Calaveras,6
4697727aec1cff0b6ee1a36b03035d4e51d0e94b,ecobee3,US,CA,Truckee Town,39.350548,-120.193943,Yes,census.gov,Detached,3500,2,20,0,False,False,False,"4, 5, 8",5B,16,POINT (-120.193943 39.350548),680588.0,Truckee,43.0,6057,Nevada,6
46a2b7c5b9972083a9afd1ac4e2e03263b778f7e,ecobee3Lite,US,CA,Los Gatos Town,37.229944,-121.956874,Yes,census.gov,Detached,4500,2,10,0,False,False,False,"0, 3",3C,4,POINT (-121.956874 37.229944),644112.0,Los Gatos,43.0,6085,Santa Clara,6
46bff167845315c27bc1b708d618bc6d9defa9d0,ecobee4,US,CA,San Diego City,32.830391,-117.120923,Yes,census.gov,Detached,2000,1,60,0,False,False,True,"3, 6",3B,7,POINT (-117.120923 32.830391),666000.0,San Diego,25.0,6073,San Diego,6
46c943c0e56f959d0604e9ef4f7b881c00226872,undefined,US,CA,Kensington CDP,37.905144,-122.284226,Yes,census.gov,Detached,4000,3,0,1,True,False,False,1,3B,3,POINT (-122.284226 37.905144),638086.0,Kensington,57.0,6013,Contra Costa,6
46dc1499f79ee571f9e8a6406e0cefc388b959ce,ecobee4,US,CA,San Jose City,37.296011,-121.814552,Yes,census.gov,Detached,2000,1,50,0,False,False,False,"1, 2",3C,4,POINT (-121.814552 37.296011),668000.0,San Jose,25.0,6085,Santa Clara,6
46e5b50f2bfd4b119da072982b0633ba5ef778c2,undefined,US,CA,Truckee Town,39.350548,-120.193943,Yes,census.gov,Detached,2000,2,120,4,True,False,False,"1, 2",5B,16,POINT (-120.193943 39.350548),680588.0,Truckee,43.0,6057,Nevada,6
46ed9ef74370470f0d26be0dc848aa7e9a342fed,ecobee3Lite,US,CA,Visalia City,36.32921,-119.326984,Yes,census.gov,Null,2000,1,10,0,False,False,False,0,3B,13,POINT (-119.326984 36.32921),682954.0,Visalia,25.0,6107,Tulare,6
4719570544f456ca2df4040b956fb59128de234f,ecobee3,US,CA,Sebastopol City,38.400003,-122.827586,Yes,census.gov,Null,2000,1,60,2,False,False,False,"7, 14",3C,2,POINT (-122.827586 38.400003),670770.0,Sebastopol,25.0,6097,Sonoma,6
47346fd141676637043300d7e0553e87bf8f66a4,undefined,US,CA,Palo Alto City,37.39652,-122.143088,Yes,census.gov,Detached,3500,1,15,4,False,False,False,"0, 1, 2",3C,4,POINT (-122.143088 37.39652),655282.0,Palo Alto,25.0,6085,Santa Clara,6
474fd8951fd8d330495d465e11ea7d718d335ae0,ecobee4,US,CA,Canyon Country,34.4165,-118.4559,Yes,google,Detached,3000,2,15,4,False,False,False,"1, 2",3B,9,POINT (-118.4559 34.4165),669088.0,Santa Clarita,25.0,6037,Los Angeles,6
476166c704c1ccb95d4fd60cc8c5472484a80ad9,ESTWVC,US,CA,Hanford City,36.328141,-119.654773,Yes,census.gov,Detached,3001,1,29,0,True,False,False,0,3B,13,POINT (-119.654773 36.328141),631960.0,Hanford,25.0,6031,Kings,6
4762aee9bb4b4d0b39712b837823f7605da2fa51,ecobee3Lite,US,CA,San Diego City,32.830391,-117.120923,Yes,census.gov,Townhouse,2500,3,0,0,False,False,False,0,3B,7,POINT (-117.120923 32.830391),666000.0,San Diego,25.0,6073,San Diego,6
479e9ee79b8fbfd6d5fefb345817ece3eb0c0f53,undefined,US,CA,Fremont City,37.49446,-121.94115,Yes,census.gov,Detached,2500,3,5,0,True,False,False,0,3C,3,POINT (-121.94115 37.49446),626000.0,Fremont,25.0,6001,Alameda,6
47c29d2dcaed987aed3fe85cb667b797c980c1df,ecobee3Lite,US,CA,La Quinta City,33.641767,-116.273943,Yes,census.gov,Other,2500,1,20,2,False,False,False,0,3B,15,POINT (-116.273943 33.641767),640354.0,La Quinta,25.0,6065,Riverside,6
484af690d1451757a31b4422cd507a3b46dbae4e,undefined,US,CA,Irvine City,33.678399,-117.771254,Yes,census.gov,Detached,3000,1,52,4,True,False,True,"2, 3",3B,8,POINT (-117.771254 33.678399),636770.0,Irvine,25.0,6059,Orange,6
4893be9dd36b7cc0bf3001f34257b0384f53616a,ecobee4,US,CA,Temecula City,33.493073,-117.131734,Yes,census.gov,Detached,2500,2,5,2,False,False,False,"1, 2",3B,10,POINT (-117.131734 33.493073),678120.0,Temecula,25.0,6065,Riverside,6
48b1efdfe5a78799e1b77c1ecf7e92deacbc6652,ecobee4,US,CA,Morgan Hill City,37.132495,-121.641891,Yes,census.gov,Semi-Detached,2000,2,20,0,False,False,False,0,3C,4,POINT (-121.641891 37.132495),649278.0,Morgan Hill,25.0,6085,Santa Clara,6
48bada30449b156fc16200d64d224c33747d16ad,ecobee3,US,CA,San Diego City,32.830391,-117.120923,Yes,census.gov,Detached,1500,1,45,0,True,False,False,"1, 2",3B,7,POINT (-117.120923 32.830391),666000.0,San Diego,25.0,6073,San Diego,6
49193a5f5591090882faa4946fa6996f7c83ecef,ecobee3Lite,US,CA,San Diego City,32.830391,-117.120923,Yes,census.gov,Detached,3000,2,50,0,False,False,False,0,3B,7,POINT (-117.120923 32.830391),666000.0,San Diego,25.0,6073,San Diego,6
493c7e3672eb6aa827f9ccfff031d44446d1f2ef,ecobee3,US,CA,Sacramento City,38.567694,-121.468161,Yes,census.gov,Detached,1501,2,19,0,False,False,False,"1, 2",3B,12,POINT (-121.468161 38.567694),664000.0,Sacramento,25.0,6067,Sacramento,6
496b05d6b84779afec2ec2d125bd1abc3f2638e5,undefined,US,CA,Santa Clarita City,34.416504,-118.500693,Yes,census.gov,Detached,"1000, 3501",1,2,0,True,False,False,"1, 2",3B,9,POINT (-118.500693 34.416504),669088.0,Santa Clarita,25.0,6037,Los Angeles,6
49947600cc2ac39c6af60f6085d711f99a33885f,ESTWVC,US,CA,Orange City,33.786971,-117.861265,Yes,census.gov,Apartment,1001,1,9,0,True,False,True,"1, 2",3B,8,POINT (-117.861265 33.786971),653980.0,Orange,25.0,6059,Orange,6
49b64ead668f58a03896a0a60f28fc20cad60e91,undefined,US,CA,Walnut Creek City,37.902666,-122.040479,Yes,census.gov,Townhouse,501,1,52,0,True,False,False,1,3B,12,POINT (-122.040479 37.902666),683346.0,Walnut Creek,25.0,6013,Contra Costa,6
49e5a909efc0201f2971e792822ab7cbdf277107,ecobee4,US,CA,Whittier City,33.966827,-118.020122,Yes,census.gov,Condominium,1500,1,37,0,False,False,True,"3, 6",3B,9,POINT (-118.020122 33.966827),685292.0,Whittier,25.0,6037,Los Angeles,6
4a320e6208fa9c05c45665180cf3569c4b5f9b68,ecobee3Lite,US,CA,Grass Valley City,39.220305,-121.052654,Yes,census.gov,Detached,3500,2,15,2,False,False,False,"1, 2",5B,11,POINT (-121.052654 39.220305),630798.0,Grass Valley,25.0,6057,Nevada,6
4a75d5a710dd7c69c1409488440713c44409b9a0,ESTWVC,US,CA,Santa Clara City,37.364621,-121.967973,Yes,census.gov,Detached,2000,1,60,2,True,False,False,"1, 2",3C,4,POINT (-121.967973 37.364621),669084.0,Santa Clara,25.0,6085,Santa Clara,6
4a8c8afbabaa2bdede79d74239c157df59ecbfff,ecobee3,US,CA,Santa Barbara City,34.403592,-119.713714,Yes,census.gov,Townhouse,0,1,60,8,False,False,False,"0, 1, 2",3C,6,POINT (-119.713714 34.403592),669070.0,Santa Barbara,25.0,6083,Santa Barbara,6
4a97391d8842feeedb5cd192315677a371b01bcb,ecobee4,US,CA,Salinas City,36.690217,-121.633793,Yes,census.gov,Detached,1501,2,29,0,True,False,True,0,3C,3,POINT (-121.633793 36.690217),664224.0,Salinas,25.0,6053,Monterey,6
4b56700e79a6fcec9d1e3f4966d6aaa9d023468a,ecobee4,US,CA,Santa Clarita City,34.416504,-118.500693,Yes,census.gov,Null,0,0,0,0,False,False,False,"3, 6",3B,9,POINT (-118.500693 34.416504),669088.0,Santa Clarita,25.0,6037,Los Angeles,6
4ba28373d3b3c2a50b82336a7c16bf914ae75445,ecobee3Lite,US,CA,Simi Valley City,34.266887,-118.748458,Yes,census.gov,Other,2500,2,10,0,True,False,False,0,3C,9,POINT (-118.748458 34.266887),672016.0,Simi Valley,25.0,6111,Ventura,6
4c2a54cf489d33efa5f7d3b84cec3aadead08eb8,ecobee3Lite,US,CA,San Carlos City,37.499034,-122.267572,Yes,census.gov,Detached,2500,1,80,0,True,False,False,"2, 4",3C,3,POINT (-122.267572 37.499034),665070.0,San Carlos,25.0,6081,San Mateo,6
4c32fbc22518b441e615335a4cefbea114972403,ESTWVC,US,CA,Indio City,33.731639,-116.235971,Yes,census.gov,Other,1501,2,19,0,True,False,False,"1, 2",3B,15,POINT (-116.235971 33.731639),636448.0,Indio,25.0,6065,Riverside,6
4c3f1bcac09f50427dc59ad27d0f18e239c2f69d,ecobee4,US,CA,Altadena CDP,34.192212,-118.135589,Yes,census.gov,Detached,2500,2,80,2,True,False,False,"2, 4",3B,9,POINT (-118.135589 34.192212),601290.0,Altadena,57.0,6037,Los Angeles,6
4c6567cbab076f7596085660b8a6694c026a7d38,ecobee3,US,CA,San Diego City,32.830391,-117.120923,Yes,census.gov,Detached,1500,1,45,5,False,False,False,"2, 4",3B,7,POINT (-117.120923 32.830391),666000.0,San Diego,25.0,6073,San Diego,6
4c87a4551f081fb6c40d77894054ee8cc3194103,ESTWVC,US,CA,Oxnard City,34.199436,-119.207515,Yes,census.gov,Detached,1501,2,11,0,True,False,False,"1, 2",3C,6,POINT (-119.207515 34.199436),654652.0,Oxnard,25.0,6111,Ventura,6
4d5ce422c773ba74c3c6d4f94e461ef22d85917d,ecobee3,US,CA,El Dorado Hills CDP,38.676082,-121.0477,Yes,census.gov,Detached,2000,1,10,2,False,False,False,"3, 6",4B,12,POINT (-121.0477 38.676082),621880.0,El Dorado Hills,57.0,6017,El Dorado,6
4d68294d1479fe422cf84afb25dad9fa2ec33e02,ecobee3Lite,US,CA,Manteca City,37.792839,-121.226076,Yes,census.gov,Other,2500,2,0,0,False,False,False,0,3B,12,POINT (-121.226076 37.792839),645484.0,Manteca,25.0,6077,San Joaquin,6
4d6c370b56b1dc56b5ef9b388379333045b61d0f,undefined,US,CA,Brawley City,32.978454,-115.528569,Yes,census.gov,Detached,1500,1,120,2,True,False,True,1,2B,15,POINT (-115.528569 32.978454),608058.0,Brawley,25.0,6025,Imperial,6
4db653eac2d4ae82a968b082ceb6c4b0ff80a9d9,ecobee3,US,CA,El Dorado Hills CDP,38.676082,-121.0477,Yes,census.gov,Row House,2000,1,55,0,False,False,False,"1, 2",4B,12,POINT (-121.0477 38.676082),621880.0,El Dorado Hills,57.0,6017,El Dorado,6
4dcc09a3a886e243192cd80500378bcea7beed4b,ecobee3Lite,US,CA,Fair Oaks CDP,38.650154,-121.25097,Yes,census.gov,Detached,2000,2,47,2,False,False,False,"2, 4",3B,12,POINT (-121.25097 38.650154),623294.0,Fair Oaks,57.0,6067,Sacramento,6
4dd2b11c4abba1717abb19b950e3e5070f0f1d67,undefined,US,CA,Brea City,33.925178,-117.865111,Yes,census.gov,Townhouse,2500,2,45,5,True,False,False,"6, 12",3B,8,POINT (-117.865111 33.925178),608100.0,Brea,25.0,6059,Orange,6
4ddbf5ea6dbc1cb7bc4d60516d2cdb806e469c00,undefined,US,CA,Pleasanton City,37.667185,-121.88123,Yes,census.gov,Detached,1500,1,120,1,True,False,False,1,3C,12,POINT (-121.88123 37.667185),657792.0,Pleasanton,25.0,6001,Alameda,6
4dee3673b1a8a5a37e28aa6f08961700b89f3c4a,ecobee3Lite,US,CA,San Francisco City,37.727239,-123.032229,Yes,census.gov,Multi-plex,1500,1,90,0,False,False,False,"2, 4",3C,3,POINT (-123.032229 37.727239),667000.0,San Francisco,25.0,6075,San Francisco,6
4e0a4bf00f76a9c6113aa03b56f323ae5cbb980a,undefined,US,CA,Port Hueneme City,34.162143,-119.204177,Yes,census.gov,Row House,2001,2,12,0,True,False,False,2,3C,6,POINT (-119.204177 34.162143),658296.0,Port Hueneme,25.0,6111,Ventura,6
4e231470f9ff8481e5ebf785aeab69fddb3eb0d3,ecobee3,US,CA,Truckee Town,39.350548,-120.193943,Yes,census.gov,Detached,2000,2,20,2,False,False,False,"3, 6",5B,16,POINT (-120.193943 39.350548),680588.0,Truckee,43.0,6057,Nevada,6
4e3c8560edff5318601004257c900fd9ff8be8d6,ecobee3Lite,US,CA,Los Angeles City,34.019394,-118.410825,Yes,census.gov,Null,0,0,0,0,False,False,False,"3, 6",3B,8,POINT (-118.410825 34.019394),644000.0,Los Angeles,25.0,6037,Los Angeles,6
4e6fe1ba3370a79afc9070f73016eca58886bbcd,ESTWVC,US,CA,Oakland City,37.769846,-122.22569,Yes,census.gov,Detached,1501,2,90,0,True,False,False,"1, 2",3C,3,POINT (-122.22569 37.769846),653000.0,Oakland,25.0,6001,Alameda,6
4e95ada48bdf07bb16e5d431bb52dafda18ebd80,ecobee3,US,CA,Bakersfield City,35.353171,-119.037919,Yes,census.gov,Row House,3500,2,5,5,False,False,False,"3, 6",3B,13,POINT (-119.037919 35.353171),603526.0,Bakersfield,25.0,6029,Kern,6
4e95cdf8fa7433056855d7bb9279c971a376306c,SmartSi,US,CA,Laguna Hills City,33.591216,-117.697621,Yes,census.gov,Null,0,0,0,0,False,False,False,0,3B,6,POINT (-117.697621 33.591216),639220.0,Laguna Hills,25.0,6059,Orange,6
4ebbe20b7506c4f81e82dde53ecb6bcfd50e7c82,undefined,US,CA,Sacramento City,38.567694,-121.468161,Yes,census.gov,Detached,2001,2,92,0,True,False,False,"0, 1",3B,12,POINT (-121.468161 38.567694),664000.0,Sacramento,25.0,6067,Sacramento,6
4eeadf6d7a56c8d4d585b8f1718f510764d45eb7,ecobee4,US,CA,Sacramento City,38.567694,-121.468161,Yes,census.gov,Detached,1500,1,67,0,False,False,False,"3, 6",3B,12,POINT (-121.468161 38.567694),664000.0,Sacramento,25.0,6067,Sacramento,6
4f6c50a077f5f0d2a3d860c73c10f4bd9922ccab,ecobee3Lite,US,CA,Redding City,40.570277,-122.366766,Yes,census.gov,Null,0,0,0,0,False,False,False,0,3B,11,POINT (-122.366766 40.570277),659920.0,Redding,25.0,6089,Shasta,6
4fb42e5b21174ce93375571d300e9a969d8389e5,ESTWVC,US,CA,Chino City,33.975627,-117.667351,Yes,census.gov,Detached,2501,2,9,0,True,False,False,"1, 2",3B,10,POINT (-117.667351 33.975627),613210.0,Chino,25.0,6071,San Bernardino,6
5075dc57153a1f292ae2b5ff1442cc85d0350a46,ecobee4,US,CA,El Dorado Hills CDP,38.676082,-121.0477,Yes,census.gov,Other,3500,2,30,0,False,False,False,"1, 2",4B,12,POINT (-121.0477 38.676082),621880.0,El Dorado Hills,57.0,6017,El Dorado,6
50cd797b0f9336701d0d8f292653c2c7ab43c857,ecobee3Lite,US,CA,Vallejo City,38.106909,-122.262339,Yes,census.gov,Detached,3000,2,20,0,False,False,False,"2, 4",3B,3,POINT (-122.262339 38.106909),681666.0,Vallejo,25.0,6095,Solano,6
50ef2fec05bd3acd9f491cd95b57304b909d8aff,ecobee3Lite,US,CA,San Diego City,32.830391,-117.120923,Yes,census.gov,Detached,2000,1,50,2,False,False,False,"2, 4",3B,7,POINT (-117.120923 32.830391),666000.0,San Diego,25.0,6073,San Diego,6
50fe0d0a6788a3c956a4e48cf84f765dbc262ea6,undefined,US,CA,Roseville City,38.770296,-121.319634,Yes,census.gov,Detached,3000,1,120,2,True,False,False,"5, 6",3B,11,POINT (-121.319634 38.770296),662938.0,Roseville,25.0,6061,Placer,6
515bc78ac4fd23e6ea904a9019ffb44c7a1409fe,ecobee3,US,CA,Walnut Creek City,37.902666,-122.040479,Yes,census.gov,Townhouse,2000,3,5,4,False,False,False,"1, 2",3B,12,POINT (-122.040479 37.902666),683346.0,Walnut Creek,25.0,6013,Contra Costa,6
517440bef60a1eb3e14aa4b7c5034e04bb1700c4,ecobee4,US,CA,Chino City,33.975627,-117.667351,Yes,census.gov,Other,1001,2,120,0,True,False,False,0,3B,10,POINT (-117.667351 33.975627),613210.0,Chino,25.0,6071,San Bernardino,6
51c7c0cf057df14489b12ddfde7c3c5d8483aa43,ecobee3,US,CA,Santa Clara City,37.364621,-121.967973,Yes,census.gov,Detached,1500,1,56,2,False,False,False,"5, 10",3C,4,POINT (-121.967973 37.364621),669084.0,Santa Clara,25.0,6085,Santa Clara,6
51d9971ccec68bf94acc503dea98cc26f95bb007,undefined,US,CA,Alameda City,37.741911,-122.259914,Yes,census.gov,Detached,1000,1,120,4,True,False,False,2,3C,3,POINT (-122.259914 37.741911),600562.0,Alameda,25.0,6001,Alameda,6
522fdf7e0f7fcf3a028c66b4800e5d22e8426140,ecobee3Lite,US,CA,Redding City,40.570277,-122.366766,Yes,census.gov,Detached,1500,1,25,4,False,False,False,0,3B,11,POINT (-122.366766 40.570277),659920.0,Redding,25.0,6089,Shasta,6
5286ef28ae3a4aef0d061ebbe92b2ea3e2db2103,ESTWVC,US,CA,Redondo Beach City,33.849538,-118.400755,Yes,census.gov,Condominium,2001,2,19,0,True,False,False,"1, 2, 4",3B,6,POINT (-118.400755 33.849538),660018.0,Redondo Beach,25.0,6037,Los Angeles,6
52910ebbacc021bcbd11623d34427ca39da976c7,ecobee3Lite,US,CA,Seal Beach City,33.754399,-118.07132,Yes,census.gov,Detached,2000,1,47,3,False,False,False,0,3B,6,POINT (-118.07132 33.754399),670686.0,Seal Beach,25.0,6059,Orange,6
536a8f6ad5852b7427f18570a306b0464acb2ba7,ESTWVC,US,CA,Concord City,37.972184,-122.001587,Yes,census.gov,Other,1501,1,31,0,True,False,False,"1, 2",3B,12,POINT (-122.001587 37.972184),616000.0,Concord,25.0,6013,Contra Costa,6
53de3102407c425aaaa9d07f3efa847d6855201d,ecobee3Lite,US,CA,Bakersfield City,35.353171,-119.037919,Yes,census.gov,Townhouse,2000,1,15,2,True,False,False,0,3B,13,POINT (-119.037919 35.353171),603526.0,Bakersfield,25.0,6029,Kern,6
540100af8d4d7d6b9a222df1c8b9d1dad5578fde,ecobee3,US,CA,South Pasadena City,34.108967,-118.156618,Yes,census.gov,Detached,3000,2,110,3,False,False,False,"1, 2",3B,9,POINT (-118.156618 34.108967),673220.0,South Pasadena,25.0,6037,Los Angeles,6
5422e38a78ba7a7302d481c15c5c6a0adc4a3e26,ecobee4,US,CA,Folsom City,38.666597,-121.141635,Yes,census.gov,Detached,3000,2,0,6,False,False,False,"1, 2",3B,12,POINT (-121.141635 38.666597),624638.0,Folsom,25.0,6067,Sacramento,6
5475fa524dc040464865cfd856993f854a863a91,ecobee3Lite,US,CA,Winchester CDP,33.71463,-117.077398,Yes,census.gov,Detached,3400,2,0,0,False,False,False,"1, 2",3B,10,POINT (-117.077398 33.71463),685894.0,Winchester,57.0,6065,Riverside,6
547e99b6547579d8db8457843e21e6a18f3e0db8,ecobee3Lite,US,CA,Calabasas City,34.134252,-118.666455,Yes,census.gov,Null,0,0,0,0,False,False,False,"2, 4",3B,9,POINT (-118.666455 34.134252),609598.0,Calabasas,25.0,6037,Los Angeles,6
54d4054661c7c6f486369afd03c4e08d47795fc1,ecobee3Lite,US,CA,Brentwood City,37.935578,-121.71897,Yes,census.gov,Detached,2000,2,18,4,False,False,False,"3, 6",3B,12,POINT (-121.71897 37.935578),608142.0,Brentwood,25.0,6013,Contra Costa,6
54da8ecac4674b49fa88a44f9ec736eee7b5b1db,ecobee3Lite,US,CA,El Dorado Hills CDP,38.676082,-121.0477,Yes,census.gov,Detached,3500,2,35,0,True,False,False,0,4B,12,POINT (-121.0477 38.676082),621880.0,El Dorado Hills,57.0,6017,El Dorado,6
54e40308e4ffc60eecd79ceab4a24d3e8bd6b7c3,ecobee4,US,CA,Salinas City,36.690217,-121.633793,Yes,census.gov,Other,2000,2,20,0,False,False,False,"1, 2",3C,3,POINT (-121.633793 36.690217),664224.0,Salinas,25.0,6053,Monterey,6
5541385d737660341072c6cdeb05f78d0b296235,ecobee3Lite,US,CA,San Diego City,32.830391,-117.120923,Yes,census.gov,Detached,3000,2,35,4,False,False,False,0,3B,7,POINT (-117.120923 32.830391),666000.0,San Diego,25.0,6073,San Diego,6
557d5303701a0e7f4ce1d62f0af6dcb7b3e1847d,ecobee3Lite,US,CA,San Diego City,32.830391,-117.120923,Yes,census.gov,Detached,1500,1,35,1,False,False,False,"2, 3, 4",3B,7,POINT (-117.120923 32.830391),666000.0,San Diego,25.0,6073,San Diego,6
559296d6d5965572547ae29daad53c7e860257c6,SmartSi,US,CA,El Cajon City,32.801673,-116.960468,Yes,census.gov,Detached,2000,1,0,0,False,False,False,0,3B,10,POINT (-116.960468 32.801673),621712.0,El Cajon,25.0,6073,San Diego,6
55b5144dccf4734250c09ffd176f038089a83adc,ESTWVC,US,CA,Pasadena City,34.160602,-118.137954,Yes,census.gov,Detached,2001,2,79,0,True,False,False,"1, 2",3B,9,POINT (-118.137954 34.160602),656000.0,Pasadena,25.0,6037,Los Angeles,6
55d87a9350d096725d8b4e7dc3f819d34edaecd8,ecobee3Lite,US,CA,San Jose City,37.296011,-121.814552,Yes,census.gov,Apartment,1000,1,40,0,False,False,True,0,3C,4,POINT (-121.814552 37.296011),668000.0,San Jose,25.0,6085,Santa Clara,6
55ed12439c7f6b742199b9775dc1e40e6d73134b,ecobee3Lite,US,CA,Yuba City,39.129842,-121.641549,Yes,census.gov,Other,2500,2,60,2,True,False,False,"0, 2, 4",3B,11,POINT (-121.641549 39.129842),686972.0,Yuba City,25.0,6101,Sutter,6
56290800a5d88d6313a343f606a788798f16be23,ecobee3Lite,US,CA,Fontana City,34.109686,-117.462888,Yes,census.gov,Row House,1500,1,40,0,False,False,False,0,3B,10,POINT (-117.462888 34.109686),624680.0,Fontana,25.0,6071,San Bernardino,6
563431218c5bb8cae27ec9c7ec1785605dd20bcf,ecobee4,US,CA,Fontana City,34.109686,-117.462888,Yes,census.gov,Row House,3000,1,10,0,True,False,False,"1, 2",3B,10,POINT (-117.462888 34.109686),624680.0,Fontana,25.0,6071,San Bernardino,6
565ccdc80a58263c3e4622eea22be588880236ad,ecobee3,US,CA,Truckee Town,39.350548,-120.193943,Yes,census.gov,Detached,2500,2,20,3,False,False,False,"5, 10",5B,16,POINT (-120.193943 39.350548),680588.0,Truckee,43.0,6057,Nevada,6
5686e195b0340c6e19e9efdc288536997282ae74,ecobee3,US,CA,San Francisco City,37.727239,-123.032229,Yes,census.gov,Row House,3000,3,95,2,False,False,False,"2, 4",3C,3,POINT (-123.032229 37.727239),667000.0,San Francisco,25.0,6075,San Francisco,6
56c5a18c7855a3b0330d74c373cbe9591899a940,ecobee3Lite,US,CA,Concord City,37.972184,-122.001587,Yes,census.gov,Detached,2000,1,60,0,True,False,False,"4, 8",3B,12,POINT (-122.001587 37.972184),616000.0,Concord,25.0,6013,Contra Costa,6
5725ab18403628d8f348a6782e56f20b7b3cdb8a,ecobee3Lite,US,CA,Escondido City,33.133053,-117.074043,Yes,census.gov,Detached,3500,2,10,5,False,False,False,0,3B,10,POINT (-117.074043 33.133053),622804.0,Escondido,25.0,6073,San Diego,6
575e8f6027e1fea80705191aa626bdd2966e47f1,ecobee4,US,CA,Truckee Town,39.350548,-120.193943,Yes,census.gov,Detached,2500,2,20,0,False,False,False,"1, 2",5B,16,POINT (-120.193943 39.350548),680588.0,Truckee,43.0,6057,Nevada,6
5761c061b9bb8033ad8f24e1cfcb32e67c16b961,undefined,US,CA,Ojai City,34.449199,-119.246664,Yes,census.gov,Detached,1001,1,32,0,True,False,False,1,3C,16,POINT (-119.246664 34.449199),653476.0,Ojai,25.0,6111,Ventura,6
57df7a4ff6e8a9828d7eab417fc8ef6f4bf1a94d,ecobee4,US,CA,Fresno City,36.782684,-119.793359,Yes,census.gov,Townhouse,3000,2,25,0,False,False,False,0,3B,13,POINT (-119.793359 36.782684),627000.0,Fresno,25.0,6019,Fresno,6
58aeea4c41b6a269ef9c2a83b4b7137ded040f01,ecobee3Lite,US,CA,Sacramento City,38.567694,-121.468161,Yes,census.gov,Detached,2500,2,20,4,False,False,False,0,3B,12,POINT (-121.468161 38.567694),664000.0,Sacramento,25.0,6067,Sacramento,6
58fcb45be336b706894d9173db6d1f4f16ecff9d,undefined,US,CA,Truckee Town,39.350548,-120.193943,Yes,census.gov,Detached,1501,2,32,0,True,False,False,0,5B,16,POINT (-120.193943 39.350548),680588.0,Truckee,43.0,6057,Nevada,6
5981b2128afc837b5049ccdf5006cab0243e1b3f,ecobee3,US,CA,San Diego City,32.830391,-117.120923,Yes,census.gov,Detached,2500,2,35,2,False,False,False,"1, 2",3B,7,POINT (-117.120923 32.830391),666000.0,San Diego,25.0,6073,San Diego,6
599ff5339f1d82d2f34cad6232d5fd59771c5cec,ecobee3Lite,US,CA,Simi Valley City,34.266887,-118.748458,Yes,census.gov,Detached,2000,1,120,2,False,False,False,"1, 3",3C,9,POINT (-118.748458 34.266887),672016.0,Simi Valley,25.0,6111,Ventura,6
59a8731d6d4fb9103387cbba29963404d4c6e531,undefined,US,CA,San Diego City,32.830391,-117.120923,Yes,census.gov,Detached,2000,1,52,8,True,False,False,2,3B,7,POINT (-117.120923 32.830391),666000.0,San Diego,25.0,6073,San Diego,6
59b22db0cd5142715cdb38e4bda872a80ac483af,ecobee3,US,CA,Turlock City,37.505524,-120.859269,Yes,census.gov,Detached,1500,1,0,4,True,False,True,"0, 1, 2",3B,12,POINT (-120.859269 37.505524),680812.0,Turlock,25.0,6099,Stanislaus,6
59cc7a72d19a3a3faf88ea6eb5414615d623f625,ecobee3Lite,US,CA,Palm Desert City,33.737635,-116.364145,Yes,census.gov,Detached,3000,1,20,0,False,False,False,0,3B,15,POINT (-116.364145 33.737635),655184.0,Palm Desert,25.0,6065,Riverside,6
59f71678c233274664f248de92f81e07c967f4b4,ecobee3,US,CA,Valencia,34.39231695,-118.5666724,Yes,photon,Other,3160,2,0,0,False,False,False,"1, 2",3B,9,POINT (-118.5666724 34.39231695),669088.0,Santa Clarita,25.0,6037,Los Angeles,6
59f827a1b191896d6368248676b82142894b88a5,ecobee3Lite,US,CA,El Dorado Hills CDP,38.676082,-121.0477,Yes,census.gov,Detached,3500,2,10,0,False,False,False,"0, 2",4B,12,POINT (-121.0477 38.676082),621880.0,El Dorado Hills,57.0,6017,El Dorado,6
5a0bfa6d8abbf3a191c4e7c1ab550cff2621259e,ecobee3Lite,US,CA,El Dorado Hills CDP,38.676082,-121.0477,Yes,census.gov,Detached,3500,2,10,0,False,False,False,0,4B,12,POINT (-121.0477 38.676082),621880.0,El Dorado Hills,57.0,6017,El Dorado,6
5a39da8e4e82e418fcf08488110fce8c26fcc621,ecobee4,US,CA,Rancho Santa Margarita City,33.632332,-117.599008,Yes,census.gov,Townhouse,1500,2,27,0,False,False,False,"2, 4",3B,8,POINT (-117.599008 33.632332),659587.0,Rancho Santa Margarita,25.0,6059,Orange,6
5a4c83976133dea2263acae5e39dda671f26e791,ecobee3,US,CA,Novato City,38.085087,-122.548272,Yes,census.gov,Detached,2500,1,50,2,False,False,False,"3, 6",3C,2,POINT (-122.548272 38.085087),652582.0,Novato,25.0,6041,Marin,6
5a545c4cbb98e8ed995b8a5aaa822b317c196d41,ecobee3Lite,US,CA,Vacaville City,38.358621,-121.968601,Yes,census.gov,Detached,3000,2,5,0,True,False,False,0,3B,12,POINT (-121.968601 38.358621),681554.0,Vacaville,25.0,6095,Solano,6
5a693068ea14a807e92cc07886edbf14ab26f479,ESTWVC,US,CA,Baldwin Park City,34.082824,-117.971286,Yes,census.gov,Other,1001,1,79,0,True,False,False,0,3B,9,POINT (-117.971286 34.082824),603666.0,Baldwin Park,25.0,6037,Los Angeles,6
5a8ab3cfa0490bd2357c520293e4f41be206f641,ecobee3Lite,US,CA,Fair Oaks CDP,38.650154,-121.25097,Yes,census.gov,Detached,3500,2,15,0,False,False,False,0,3B,12,POINT (-121.25097 38.650154),623294.0,Fair Oaks,57.0,6067,Sacramento,6
5ace3bfb2311c3df3352c06d5bc6589f38623433,ecobee3Lite,US,CA,El Cerrito City,37.919574,-122.302519,Yes,census.gov,Detached,1500,1,90,2,False,False,False,0,3B,3,POINT (-122.302519 37.919574),621796.0,El Cerrito,25.0,6013,Contra Costa,6
5ad174ef6ab5bf451ad954964e533915e1168afd,ecobee4,US,CA,Davis City,38.556147,-121.737793,Yes,census.gov,Detached,4000,2,10,5,False,False,False,"2, 4",3B,12,POINT (-121.737793 38.556147),618100.0,Davis,25.0,6113,Yolo,6
5b59dfbc12b150a12465dd6ccba50e947e1cbceb,ESTWVC,US,CA,Martinez City,37.998116,-122.114419,Yes,census.gov,Detached,3000,2,30,0,True,False,False,"1, 2",3B,12,POINT (-122.114419 37.998116),646114.0,Martinez,25.0,6013,Contra Costa,6
5b799f87fef74732f8d0c3f05a8e13c8d92d9f60,ecobee3,US,CA,Imperial City,32.838801,-115.572012,Yes,census.gov,Null,1500,1,10,4,False,False,False,3,2B,15,POINT (-115.572012 32.838801),636280.0,Imperial,25.0,6025,Imperial,6
5bdf4f55a852885bc9ec98cc262408666889320d,ecobee3Lite,US,CA,Truckee Town,39.350548,-120.193943,Yes,census.gov,Detached,3500,3,15,2,False,False,False,0,5B,16,POINT (-120.193943 39.350548),680588.0,Truckee,43.0,6057,Nevada,6
5bf61c830d5fb2e4c01ab64769053708fad94b55,ESTWVC,US,CA,Desert Hot Springs City,33.957591,-116.542284,Yes,census.gov,Detached,2000,1,20,2,True,False,True,3,3B,15,POINT (-116.542284 33.957591),618996.0,Desert Hot Springs,25.0,6065,Riverside,6
5c52fa5b6472211bdf584c55342bb6a8521290d7,ecobee3,US,CA,Pasadena City,34.160602,-118.137954,Yes,census.gov,Detached,3500,3,120,2,False,False,False,"3, 6",3B,9,POINT (-118.137954 34.160602),656000.0,Pasadena,25.0,6037,Los Angeles,6
5c85d6f953fb7dbcd6e7cb5bf68e77727a6a83fc,ecobee4,US,CA,Kirkwood CDP,38.689265,-120.054979,Yes,census.gov,Null,0,0,0,0,False,False,False,"1, 2",6B,16,POINT (-120.054979 38.689265),638646.0,Kirkwood,57.0,6003,Alpine,6
5d1c1db925822c9782e533f4873a9bbd1563b185,undefined,US,CA,Grass Valley City,39.220305,-121.052654,Yes,census.gov,Detached,2500,2,120,2,True,False,False,1,5B,11,POINT (-121.052654 39.220305),630798.0,Grass Valley,25.0,6057,Nevada,6
5d707cb1a9c066ab90b3b88efd73841478597358,ecobee3Lite,US,CA,Walnut Creek City,37.902666,-122.040479,Yes,census.gov,Detached,3000,2,10,0,False,False,False,"2, 3, 4",3B,12,POINT (-122.040479 37.902666),683346.0,Walnut Creek,25.0,6013,Contra Costa,6
5e47c0a0d448a33de498e6e9eb720246ed8ed2d9,ecobee3Lite,US,CA,Escondido City,33.133053,-117.074043,Yes,census.gov,Detached,3500,2,10,5,False,False,False,"1, 2",3B,10,POINT (-117.074043 33.133053),622804.0,Escondido,25.0,6073,San Diego,6
5e5889a3a9e1c8064ca550e7fe57b4194a337d02,ecobee4,US,CA,Hanford City,36.328141,-119.654773,Yes,census.gov,Other,1501,1,62,0,False,False,False,"3, 6",3B,13,POINT (-119.654773 36.328141),631960.0,Hanford,25.0,6031,Kings,6
5e88bf4f96c5c724111107a2596248af92692aed,ecobee3Lite,US,CA,Redwood City,37.515274,-122.213672,Yes,census.gov,Detached,1500,1,78,0,True,False,False,"3, 6",3C,3,POINT (-122.213672 37.515274),660102.0,Redwood City,25.0,6081,San Mateo,6
5edf5def05e3fe9873fa904950bd4d4dcda285e5,ecobee4,US,CA,Placentia City,33.881158,-117.854783,Yes,census.gov,Townhouse,2000,2,20,0,False,False,False,"1, 2",3B,8,POINT (-117.854783 33.881158),657526.0,Placentia,25.0,6059,Orange,6
5efc330acd1f2f073bf23cac090707ea28b19a68,ecobee3,US,CA,Thousand Oaks City,34.19329,-118.874235,Yes,census.gov,Detached,2000,1,55,3,False,False,False,"5, 10",3C,9,POINT (-118.874235 34.19329),678582.0,Thousand Oaks,25.0,6111,Ventura,6
5f07fb785330fa94305e352142c59e795b68125a,ecobee4,US,CA,Brentwood City,37.935578,-121.71897,Yes,census.gov,Detached,4000,2,10,4,False,False,False,"2, 4",3B,12,POINT (-121.71897 37.935578),608142.0,Brentwood,25.0,6013,Contra Costa,6
5f2f69ff7b14933dff0053214d8d188044dd6744,ecobee3Lite,US,CA,Roseville City,38.770296,-121.319634,Yes,census.gov,Detached,2000,2,0,0,False,False,False,0,3B,11,POINT (-121.319634 38.770296),662938.0,Roseville,25.0,6061,Placer,6
5f396934b63b6fb833455b618bf8dff0ae8872ed,ecobee3Lite,US,CA,Livermore City,37.686977,-121.759781,Yes,census.gov,Detached,3000,2,5,0,False,False,False,0,3C,12,POINT (-121.759781 37.686977),641992.0,Livermore,25.0,6001,Alameda,6
5f53b69d6bedcba1c25cb7fcbe5fe1ea07240679,ecobee3,US,CA,South Lake Tahoe City,38.928218,-119.981,Yes,census.gov,Condominium,1500,2,40,0,False,False,False,"2, 4",4B,16,POINT (-119.981 38.928218),673108.0,South Lake Tahoe,25.0,6017,El Dorado,6
5f96d13395175b5025374c9da54feac2d3d165a4,ecobee4,US,CA,Mission Viejo City,33.609335,-117.656471,Yes,census.gov,Detached,2000,1,47,2,True,False,False,"3, 6",3B,8,POINT (-117.656471 33.609335),648256.0,Mission Viejo,25.0,6059,Orange,6
5fa9f218378c70ab108e91b2bf8b295f8bceaf8e,ecobee3Lite,US,CA,Murrieta City,33.573214,-117.191007,Yes,census.gov,Detached,2500,2,27,0,False,False,False,"0, 1, 2",3B,10,POINT (-117.191007 33.573214),650076.0,Murrieta,25.0,6065,Riverside,6
5fbbd3a0ab4a1feb9cc56e54287119468b093cde,ecobee4,US,CA,Los Angeles City,34.019394,-118.410825,Yes,census.gov,Townhouse,2000,3,25,2,False,False,False,"4, 8",3B,8,POINT (-118.410825 34.019394),644000.0,Los Angeles,25.0,6037,Los Angeles,6
5fbd67b0601043d0c13ec6d5af429ac4d3e00100,ESTWVC,US,CA,Spring Valley CDP,39.076053,-122.584512,Yes,census.gov,Detached,2500,2,45,0,True,False,False,"5, 10",4B,2,POINT (-122.584512 39.076053),673690.0,Spring Valley,57.0,6033,Lake,6
5fd815aad1daff6cb5aeb00b781d26245b2a947c,ecobee3Lite,US,CA,Holtville City,32.813781,-115.378319,Yes,census.gov,Null,0,0,0,0,True,False,True,"2, 3, 4",2B,15,POINT (-115.378319 32.813781),634246.0,Holtville,25.0,6025,Imperial,6
603b4ad7e67bac85e75d83036a6c1a766445a3c2,ecobee3Lite,US,CA,South Lake Tahoe City,38.928218,-119.981,Yes,census.gov,Other,1500,1,10,0,True,False,False,0,4B,16,POINT (-119.981 38.928218),673108.0,South Lake Tahoe,25.0,6017,El Dorado,6
604dbc333bc90fd1ed5204b819371a70ea20ed00,ESTWVC,US,CA,Sonora City,37.981707,-120.382755,Yes,census.gov,Detached,2500,2,15,0,True,False,False,"1, 2",4B,12,POINT (-120.382755 37.981707),672674.0,Sonora,25.0,6109,Tuolumne,6
61460fd430e25a5f7c5179886dd2074f0afb2d67,ecobee4,US,CA,San Diego City,32.830391,-117.120923,Yes,census.gov,Other,2000,1,65,0,False,False,False,"3, 6",3B,7,POINT (-117.120923 32.830391),666000.0,San Diego,25.0,6073,San Diego,6
61a02e1d218c0fae4844e14c7d91a4fe0d8b5608,ecobee3Lite,US,CA,Mountain View CDP,38.009205,-122.11685,Yes,census.gov,Townhouse,2000,3,0,0,False,False,False,0,3B,12,POINT (-122.11685 38.009205),649651.0,Mountain View,57.0,6013,Contra Costa,6
61a74b62b60115b2e431f7d3a60f748ee071944e,ESTWVC,US,CA,Ontario City,34.037042,-117.605956,Yes,census.gov,Detached,1500,1,39,4,True,False,False,"1, 2, 3",3B,10,POINT (-117.605956 34.037042),653896.0,Ontario,25.0,6071,San Bernardino,6
61d99aa9e3ace64b54879a6421415d478501cb4c,ecobee4,US,CA,Eureka City,40.797594,-124.154191,Yes,census.gov,Detached,1000,1,40,4,False,False,False,"1, 2",4C,1,POINT (-124.154191 40.797594),623042.0,Eureka,25.0,6023,Humboldt,6
61e05a00c76e34cfd2d357b3ad3c08448f7cc456,ESTWVC,US,CA,Mountain View CDP,38.009205,-122.11685,Yes,census.gov,Detached,2000,2,25,3,True,False,False,"2, 3, 4",3B,12,POINT (-122.11685 38.009205),649651.0,Mountain View,57.0,6013,Contra Costa,6
6254971e8e05fb221827b611c9a94d8341571030,ecobee3Lite,US,CA,Walnut Creek City,37.902666,-122.040479,Yes,census.gov,Null,0,0,0,0,False,False,False,"1, 2",3B,12,POINT (-122.040479 37.902666),683346.0,Walnut Creek,25.0,6013,Contra Costa,6
625ce36dedddafd71daf20d2210d950eede0baef,ecobee3Lite,US,CA,Santa Rosa City,38.445824,-122.706181,Yes,census.gov,Detached,2500,2,20,3,False,False,False,"1, 2",3C,2,POINT (-122.706181 38.445824),670098.0,Santa Rosa,25.0,6097,Sonoma,6
629278cf957f95e55ffa170b71cd684a5d7a9018,ecobee3,US,CA,West Sacramento City,38.554368,-121.548663,Yes,census.gov,Null,0,0,0,0,False,False,False,0,3B,12,POINT (-121.548663 38.554368),684816.0,West Sacramento,25.0,6113,Yolo,6
62d9910fdc44c4a5e4cbbbad2d6516d10bf174cb,ecobee3Lite,US,CA,San Ramon City,37.765258,-121.931987,Yes,census.gov,Townhouse,2001,2,21,0,True,False,False,"4, 8",3B,12,POINT (-121.931987 37.765258),668378.0,San Ramon,25.0,6013,Contra Costa,6
62efc9fd65581a59538d824e50c76c1da2817618,ecobee3,US,CA,San Jose City,37.296011,-121.814552,Yes,census.gov,Detached,2000,1,60,0,False,False,False,"0, 1, 2",3C,4,POINT (-121.814552 37.296011),668000.0,San Jose,25.0,6085,Santa Clara,6
6338ae6d2e6b12f122b83aa228c0a449b3adaabb,undefined,US,CA,San Jose City,37.296011,-121.814552,Yes,census.gov,Detached,2000,1,72,3,True,False,False,"7, 14",3C,4,POINT (-121.814552 37.296011),668000.0,San Jose,25.0,6085,Santa Clara,6
6352ea5799f510a4326bb43a719ea45439af1e07,ecobee4,US,CA,Los Angeles City,34.019394,-118.410825,Yes,census.gov,Apartment,1000,1,10,0,False,False,True,"1, 2",3B,8,POINT (-118.410825 34.019394),644000.0,Los Angeles,25.0,6037,Los Angeles,6
638c379c645f211b4d4ac1dfe53254c035e7d79a,SmartSi,US,CA,Wilseyville CDP,38.376483,-120.486844,Yes,census.gov,Detached,3500,2,5,2,False,False,True,0,4B,12,POINT (-120.486844 38.376483),685810.0,Wilseyville,57.0,6009,Calaveras,6
6391af511b545c95f6efcea9bf9e41a53f643aed,ecobee3Lite,US,CA,Half Moon Bay City,37.467319,-122.440485,Yes,census.gov,Detached,2500,2,25,"2, 3",True,False,False,"1, 2, 4",3C,3,POINT (-122.440485 37.467319),631708.0,Half Moon Bay,25.0,6081,San Mateo,6
63a0009331d48d592d1f27adf740d0af84e73bc9,ecobee3Lite,US,CA,El Cajon City,32.801673,-116.960468,Yes,census.gov,Detached,2000,1,50,0,False,False,False,0,3B,10,POINT (-116.960468 32.801673),621712.0,El Cajon,25.0,6073,San Diego,6
63a6099672d5e8af5c8be1a337059021a0549c7e,ecobee3,US,CA,Irvine City,33.678399,-117.771254,Yes,census.gov,Row House,2500,2,5,4,True,False,False,"2, 4",3B,8,POINT (-117.771254 33.678399),636770.0,Irvine,25.0,6059,Orange,6
6413453ee75f4d5a3b015f841c2a62618765e1e8,ecobee3Lite,US,CA,Temecula City,33.493073,-117.131734,Yes,census.gov,Detached,4000,2,30,0,False,False,False,"4, 8",3B,10,POINT (-117.131734 33.493073),678120.0,Temecula,25.0,6065,Riverside,6
649b5f0206d4f12464c3f013eb60d03d87f5fe7a,ecobee3,US,CA,Livermore City,37.686977,-121.759781,Yes,census.gov,Other,2405,2,0,0,True,False,False,0,3C,12,POINT (-121.759781 37.686977),641992.0,Livermore,25.0,6001,Alameda,6
64dca3d3cc71ca93f42af1565021bec53a52afbd,ecobee3Lite,US,CA,Yuba City,39.129842,-121.641549,Yes,census.gov,Null,0,0,0,0,False,False,False,"2, 4",3B,11,POINT (-121.641549 39.129842),686972.0,Yuba City,25.0,6101,Sutter,6
65076ab6021d20b5f825c453e8925b34b29ab7e4,ecobee4,US,CA,San Diego City,32.830391,-117.120923,Yes,census.gov,Detached,2500,2,90,0,False,False,False,0,3B,7,POINT (-117.120923 32.830391),666000.0,San Diego,25.0,6073,San Diego,6
6508dab9e33ff94d1feb3cd08232a0753740d9a3,ecobee3Lite,US,CA,Livermore City,37.686977,-121.759781,Yes,census.gov,Condominium,2500,3,5,0,False,False,False,2,3C,12,POINT (-121.759781 37.686977),641992.0,Livermore,25.0,6001,Alameda,6
65384ba7fceca6fe7bd3a151d38f4bc3e852a4ac,ecobee3,US,CA,Nevada City,39.259608,-121.033326,Yes,census.gov,Detached,2001,2,40,0,True,False,False,"8, 16",5B,11,POINT (-121.033326 39.259608),650874.0,Nevada City,25.0,6057,Nevada,6
6557b5cc1ef99a1f58705733a102d13764a9e47a,ecobee3,US,CA,Truckee Town,39.350548,-120.193943,Yes,census.gov,Detached,3500,3,10,2,False,False,False,0,5B,16,POINT (-120.193943 39.350548),680588.0,Truckee,43.0,6057,Nevada,6
65d1aa21dab2d884d618d831bb6b06e6907c1b53,ecobee3,US,CA,Rancho Mirage City,33.763838,-116.430388,Yes,census.gov,Detached,3500,1,15,2,False,False,False,"2, 4",3B,15,POINT (-116.430388 33.763838),659500.0,Rancho Mirage,25.0,6065,Riverside,6
65e5f81db35ff308ac863daed65b16bdb27ff213,ecobee3,US,CA,Pleasant Hill City,37.954163,-122.075772,Yes,census.gov,Detached,3000,1,5,4,False,False,False,"1, 2",3B,12,POINT (-122.075772 37.954163),657764.0,Pleasant Hill,25.0,6013,Contra Costa,6
65edcd1d4d52643dd358e0fb7ee621ec1ba9352b,ecobee3,US,CA,Mammoth Lakes Town,37.624435,-118.988432,Yes,census.gov,Condominium,1001,2,50,0,False,False,False,"1, 2",6B,16,POINT (-118.988432 37.624435),645358.0,Mammoth Lakes,43.0,6051,Mono,6
661f9656f9f9123525a7f60d15609fac742e6762,ecobee3,US,CA,Truckee Town,39.350548,-120.193943,Yes,census.gov,Detached,2501,2,22,0,False,False,False,3,5B,16,POINT (-120.193943 39.350548),680588.0,Truckee,43.0,6057,Nevada,6
670390210959096d07a8844e7db46fc31df666df,ecobee3,US,CA,Mission Viejo City,33.609335,-117.656471,Yes,census.gov,Detached,2000,1,50,3,False,False,False,"1, 2",3B,8,POINT (-117.656471 33.609335),648256.0,Mission Viejo,25.0,6059,Orange,6
67305032785205fbecd68ec4189c00a49ee0440c,undefined,US,CA,Seeley CDP,32.790475,-115.684982,Yes,census.gov,Detached,2000,1,0,1,True,False,True,0,2B,15,POINT (-115.684982 32.790475),670798.0,Seeley,57.0,6025,Imperial,6
67a1ecb910ef9293617b566ac0c97870099725f0,ecobee3,US,CA,San Jose City,37.296011,-121.814552,Yes,census.gov,Detached,1600,1,66,0,False,False,False,"1, 2",3C,4,POINT (-121.814552 37.296011),668000.0,San Jose,25.0,6085,Santa Clara,6
67d9fe2753a92ab5fa487dbb891017cd4cb641f3,SmartSi,US,CA,San Diego City,32.830391,-117.120923,Yes,census.gov,Townhouse,2500,4,5,1,False,False,False,0,3B,7,POINT (-117.120923 32.830391),666000.0,San Diego,25.0,6073,San Diego,6
67f0e35fea994238ad275d4f1aed8569564f0fa6,ecobee3Lite,US,CA,Clearlake Oaks CDP,39.020605,-122.656939,Yes,census.gov,Null,0,0,0,0,True,False,True,"2, 4",4B,2,POINT (-122.656939 39.020605),613966.0,Clearlake Oaks,57.0,6033,Lake,6
680359538b1840b0e93c83f0becfeb5d42ea92ca,ecobee4,US,CA,Grass Valley City,39.220305,-121.052654,Yes,census.gov,Other,2000,1,20,4,False,False,False,"4, 8",5B,11,POINT (-121.052654 39.220305),630798.0,Grass Valley,25.0,6057,Nevada,6
689e4b9c90b708ac6ef66c6d8bca008f53b7e137,ecobee3Lite,US,CA,Garden Grove City,33.778782,-117.960472,Yes,census.gov,Detached,1500,1,58,0,True,False,False,0,3B,8,POINT (-117.960472 33.778782),629000.0,Garden Grove,25.0,6059,Orange,6
689f8d899b798c95fe18276f9b2984ff987e3b50,ecobee4,US,CA,Laguna Niguel City,33.528654,-117.701253,Yes,census.gov,Detached,2500,2,35,3,False,False,False,"1, 2",3B,6,POINT (-117.701253 33.528654),639248.0,Laguna Niguel,25.0,6059,Orange,6
68f0428de23f9e23dba04bca96eb24e55ed4e9d6,ecobee3Lite,US,CA,El Dorado Hills CDP,38.676082,-121.0477,Yes,census.gov,Detached,4000,2,20,3,True,False,False,"0, 1, 2",4B,12,POINT (-121.0477 38.676082),621880.0,El Dorado Hills,57.0,6017,El Dorado,6
68f46e88a8ca24818799c3d9fb764765e1359188,ecobee3Lite,US,CA,Los Angeles City,34.019394,-118.410825,Yes,census.gov,I don't know,1000,1,60,0,False,False,False,0,3B,8,POINT (-118.410825 34.019394),644000.0,Los Angeles,25.0,6037,Los Angeles,6
698af78a5dd25683a460607efa8669f663476ae3,ESTWVC,US,CA,Oxnard City,34.199436,-119.207515,Yes,census.gov,Detached,2500,2,5,3,True,False,False,"1, 2, 5",3C,6,POINT (-119.207515 34.199436),654652.0,Oxnard,25.0,6111,Ventura,6
69f0f2a96e2c7d861dfa4dfec516933973d41681,undefined,US,CA,San Jose City,37.296011,-121.814552,Yes,census.gov,Detached,1500,1,61,2,True,False,False,0,3C,4,POINT (-121.814552 37.296011),668000.0,San Jose,25.0,6085,Santa Clara,6
6a1e3084e7a94ce8ed8582c0354ab1b4dc38845d,ESTWVC,US,CA,Roseville City,38.770296,-121.319634,Yes,census.gov,Detached,1001,1,31,0,True,False,False,"3, 6",3B,11,POINT (-121.319634 38.770296),662938.0,Roseville,25.0,6061,Placer,6
6a710bcdc50f725984a261ffaacf68813ab06305,undefined,US,CA,Los Angeles City,34.019394,-118.410825,Yes,census.gov,Townhouse,3001,2,52,0,True,False,False,1,3B,8,POINT (-118.410825 34.019394),644000.0,Los Angeles,25.0,6037,Los Angeles,6
6ab940f1c306f29e80d1b28fd94d8bd92fe09e11,ESTWVC,US,CA,San Diego City,32.830391,-117.120923,Yes,census.gov,Detached,1001,1,49,0,True,False,False,"1, 2",3B,7,POINT (-117.120923 32.830391),666000.0,San Diego,25.0,6073,San Diego,6
6b2a0ed77fb08e2b1ddc779db08af522d1bb9203,ecobee3Lite,US,CA,San Francisco City,37.727239,-123.032229,Yes,census.gov,Null,0,0,0,0,False,False,False,1,3C,3,POINT (-123.032229 37.727239),667000.0,San Francisco,25.0,6075,San Francisco,6
6b3d5b106319b42a22d46a1c5d9953b777ac451d,ecobee3,US,CA,Dublin City,37.716137,-121.896229,Yes,census.gov,Detached,3500,2,5,6,False,False,False,"2, 4",3C,12,POINT (-121.896229 37.716137),620018.0,Dublin,25.0,6001,Alameda,6
6bd24f49d0a21c0db7793fd3e72b7495fb82c81f,ecobee3Lite,US,CA,Carlsbad City,33.129284,-117.284183,Yes,census.gov,Detached,3500,2,10,0,False,False,False,"1, 2",3B,7,POINT (-117.284183 33.129284),611194.0,Carlsbad,25.0,6073,San Diego,6
6c3c58522952ca367422a9efe6a199880a900ec3,ecobee3,US,CA,Monte Sereno City,37.24041,-121.988235,Yes,census.gov,Detached,4500,2,5,4,False,False,False,"2, 4",3C,4,POINT (-121.988235 37.24041),648956.0,Monte Sereno,25.0,6085,Santa Clara,6
6c55a69637cfca9a95ca9958c311346c1c6c1cda,ecobee3Lite,US,CA,Concord City,37.972184,-122.001587,Yes,census.gov,Condominium,1000,1,30,1,True,False,True,"2, 4",3B,12,POINT (-122.001587 37.972184),616000.0,Concord,25.0,6013,Contra Costa,6
6c6508be3b5a3fffd6bbf8c8c1dcc64232e9858b,ecobee3,US,CA,South San Francisco City,37.655104,-122.376234,Yes,census.gov,Detached,3000,2,15,3,False,False,False,0,3C,3,POINT (-122.376234 37.655104),673262.0,South San Francisco,25.0,6081,San Mateo,6
6c91f9456071a4888b792a9545029b75178c5029,ecobee3,US,CA,Monterey Park City,34.04838,-118.133165,Yes,census.gov,Other,5000,1,60,3,False,False,False,"0, 1, 2",3B,9,POINT (-118.133165 34.04838),648914.0,Monterey Park,25.0,6037,Los Angeles,6
6ce0119a22d8799767be4509e9b16136d5861010,ecobee4,US,CA,Fremont City,37.49446,-121.94115,Yes,census.gov,Detached,1500,1,50,0,False,False,False,"2, 3, 6",3C,3,POINT (-121.94115 37.49446),626000.0,Fremont,25.0,6001,Alameda,6
6d0d061af55b0f0e0e5aac54725b9913f0535fef,ecobee3,US,CA,Fremont City,37.49446,-121.94115,Yes,census.gov,Detached,2500,1,70,4,False,False,False,"5, 10",3C,3,POINT (-121.94115 37.49446),626000.0,Fremont,25.0,6001,Alameda,6
6d3c86cf199c56671f63b52e7c844740202087e7,ecobee3,US,CA,San Jose City,37.296011,-121.814552,Yes,census.gov,Detached,2000,2,35,5,False,False,False,"1, 2",3C,4,POINT (-121.814552 37.296011),668000.0,San Jose,25.0,6085,Santa Clara,6
6d49d3eb31f40f472b91bc90f7dbb7729e8fa257,ecobee3Lite,US,CA,Livermore City,37.686977,-121.759781,Yes,census.gov,Condominium,2500,3,5,2,False,False,False,3,3C,12,POINT (-121.759781 37.686977),641992.0,Livermore,25.0,6001,Alameda,6
6d6717e5599fb2fe41832c0a4199c8607754b596,ecobee3,US,CA,Corona City,33.861969,-117.565495,Yes,census.gov,Semi-Detached,4000,2,10,0,False,False,False,"2, 4",3B,10,POINT (-117.565495 33.861969),616350.0,Corona,25.0,6065,Riverside,6
6d80077029f0b5e99360765d53d33b160d0c9717,ecobee3Lite,US,CA,Beverly Hills City,34.07923,-118.402437,Yes,census.gov,Other,5000,3,10,0,False,False,False,0,3B,9,POINT (-118.402437 34.07923),606308.0,Beverly Hills,25.0,6037,Los Angeles,6
6da58eeaf421c0f0e80fb3695618bef6b9e4b632,ecobee3,US,CA,Cameron Park CDP,38.674029,-120.988338,Yes,census.gov,Detached,3000,2,10,0,False,False,False,0,4B,12,POINT (-120.988338 38.674029),610256.0,Cameron Park,57.0,6017,El Dorado,6
6db010de00b910ba2f1aa3568dfd87ede0ab6b82,undefined,US,CA,Santa Clarita City,34.416504,-118.500693,Yes,census.gov,Detached,"501, 1000",1,2,0,True,False,False,0,3B,9,POINT (-118.500693 34.416504),669088.0,Santa Clarita,25.0,6037,Los Angeles,6
6de2f226b964d35eb4e14c2f7bc4d8d247723922,ecobee4,US,CA,San Jose City,37.296011,-121.814552,Yes,census.gov,Detached,1500,1,110,4,False,False,False,"1, 2, 3, 6",3C,4,POINT (-121.814552 37.296011),668000.0,San Jose,25.0,6085,Santa Clara,6
6df919ccc5656c3c287a9593999f2b37eb707af7,ecobee3Lite,US,CA,San Jose City,37.296011,-121.814552,Yes,census.gov,Null,0,0,0,0,False,False,False,0,3C,4,POINT (-121.814552 37.296011),668000.0,San Jose,25.0,6085,Santa Clara,6
6dfb93e0c4d08afa9d1a670ece76fee6489a6171,undefined,US,CA,Cloverdale City,38.794795,-123.014703,Yes,census.gov,Detached,"2001, 2500",2,22,0,True,False,False,1,3C,2,POINT (-123.014703 38.794795),614190.0,Cloverdale,25.0,6097,Sonoma,6
6e07d25af319771afb983a8639651afec8752841,ecobee3,US,CA,Brawley City,32.978454,-115.528569,Yes,census.gov,Null,2450,2,0,0,False,False,False,"1, 2",2B,15,POINT (-115.528569 32.978454),608058.0,Brawley,25.0,6025,Imperial,6
6e4a18c323e341fe183bfbd13793b63b30de9d2e,ESTWVC,US,CA,Walnut Creek City,37.902666,-122.040479,Yes,census.gov,Townhouse,2000,2,50,3,True,False,False,"3, 6",3B,12,POINT (-122.040479 37.902666),683346.0,Walnut Creek,25.0,6013,Contra Costa,6
6e66c603fee5a86562158bf6de7a979542d8cd7d,ecobee3Lite,US,CA,Placerville City,38.731116,-120.797677,Yes,census.gov,Detached,2501,2,9,0,False,False,False,"1, 2",4B,12,POINT (-120.797677 38.731116),657540.0,Placerville,25.0,6017,El Dorado,6
6e8a54ae7903260db38a7b1c37926e389a32aad6,ecobee3Lite,US,CA,Lincoln City,38.874464,-121.292886,Yes,census.gov,Null,0,0,0,0,True,False,False,0,3B,11,POINT (-121.292886 38.874464),641474.0,Lincoln,25.0,6061,Placer,6
6ef1a3a0c49eba7d0d6f9424948e75b202e09b66,ecobee3Lite,US,CA,San Jose City,37.296011,-121.814552,Yes,census.gov,Detached,2000,1,40,0,False,False,False,"2, 4",3C,4,POINT (-121.814552 37.296011),668000.0,San Jose,25.0,6085,Santa Clara,6
6efc8d54b392747c083ec35ab7a5c7eef4b40a2f,ecobee3,US,CA,Sacramento City,38.567694,-121.468161,Yes,census.gov,Detached,2478,2,0,0,False,False,False,"0, 5, 10",3B,12,POINT (-121.468161 38.567694),664000.0,Sacramento,25.0,6067,Sacramento,6
6f0a29186255019c9bed0536429c1ddff2e98368,ecobee3Lite,US,CA,Fontana City,34.109686,-117.462888,Yes,census.gov,Row House,2500,1,10,0,True,False,False,0,3B,10,POINT (-117.462888 34.109686),624680.0,Fontana,25.0,6071,San Bernardino,6
6f0f634c924897d9abb3f8cbcae11d8faee5da6d,ecobee3Lite,US,CA,Santa Rosa City,38.445824,-122.706181,Yes,census.gov,Null,0,0,0,0,True,False,False,"2, 4",3C,2,POINT (-122.706181 38.445824),670098.0,Santa Rosa,25.0,6097,Sonoma,6
6fc833d6ca675b094b9861aa272a7243b6957438,ecobee3Lite,US,CA,Hyde Park,33.9883591,-118.330882,Yes,photon,Detached,1500,1,85,4,False,False,False,0,3B,8,POINT (-118.330882 33.9883591),644000.0,Los Angeles,25.0,6037,Los Angeles,6
6ffe79deee388017cfbe2ab33f987665a4841cc5,ESTWVC,US,CA,Fresno City,36.782684,-119.793359,Yes,census.gov,Detached,8000,2,31,3,True,False,False,"1, 2, 4",3B,13,POINT (-119.793359 36.782684),627000.0,Fresno,25.0,6019,Fresno,6
700a028e041b1673b9c690b9c319bb46ca4ed817,ecobee3,US,CA,Lake Elsinore City,33.685956,-117.335404,Yes,census.gov,Detached,2500,2,5,3,False,False,False,"2, 4",3B,10,POINT (-117.335404 33.685956),639486.0,Lake Elsinore,25.0,6065,Riverside,6
701cf8af94f2cbb626af64f6042793122acc08fc,ecobee3Lite,US,CA,Mammoth Lakes Town,37.624435,-118.988432,Yes,census.gov,Detached,500,1,0,1,True,False,False,0,6B,16,POINT (-118.988432 37.624435),645358.0,Mammoth Lakes,43.0,6051,Mono,6
7020be70f9523f628cfb2bc3ff224a437d18d1b6,SmartSi,US,CA,San Diego City,32.830391,-117.120923,Yes,census.gov,Detached,3000,2,0,0,False,False,False,0,3B,7,POINT (-117.120923 32.830391),666000.0,San Diego,25.0,6073,San Diego,6
7072a1df9831a1eb73486fc32c4bf5739839809a,ecobee3,US,CA,El Dorado Hills CDP,38.676082,-121.0477,Yes,census.gov,Detached,2000,1,50,2,False,False,False,"2, 4",4B,12,POINT (-121.0477 38.676082),621880.0,El Dorado Hills,57.0,6017,El Dorado,6
707bdbf8ca670a0c87f7c8e5eb656a3627280121,ESTWVC,US,CA,San Martin CDP,37.082881,-121.596322,Yes,census.gov,Null,2500,1,55,2,False,False,True,"1, 2",3C,4,POINT (-121.596322 37.082881),668238.0,San Martin,57.0,6085,Santa Clara,6
713b73977ba79e1b9d02817f5574be0cea4b014e,ecobee3,US,CA,San Diego City,32.830391,-117.120923,Yes,census.gov,Detached,2000,3,70,4,False,False,False,"3, 6",3B,7,POINT (-117.120923 32.830391),666000.0,San Diego,25.0,6073,San Diego,6
7186276296d69e799c6a23010dc012595ee73abb,ecobee3Lite,US,CA,San Gabriel City,34.094636,-118.098469,Yes,census.gov,Apartment,2000,2,40,0,True,False,False,0,3B,9,POINT (-118.098469 34.094636),667042.0,San Gabriel,25.0,6037,Los Angeles,6
71c1aa165f7467a1e2439610494c5cd4a13aa616,undefined,US,CA,Seal Beach City,33.754399,-118.07132,Yes,census.gov,Apartment,501,1,23,0,True,False,False,1,3B,6,POINT (-118.07132 33.754399),670686.0,Seal Beach,25.0,6059,Orange,6
71d4b0613b33bdfa06873176478adeecb4a29176,undefined,US,CA,Clovis City,36.827809,-119.681843,Yes,census.gov,Null,3500,1,120,4,True,False,False,1,3B,13,POINT (-119.681843 36.827809),614218.0,Clovis,25.0,6019,Fresno,6
71f2ceaf8210ba6d2dd6d7b0bffe77ce796d9a19,ecobee3Lite,US,CA,Grass Valley City,39.220305,-121.052654,Yes,census.gov,Detached,3000,1,30,3,False,False,False,"0, 4",5B,11,POINT (-121.052654 39.220305),630798.0,Grass Valley,25.0,6057,Nevada,6
724bc59268ac52c09039c0d1b4d800a2f3da7ed4,ecobee3Lite,US,CA,Temecula City,33.493073,-117.131734,Yes,census.gov,Detached,4000,2,30,0,False,False,False,"3, 6",3B,10,POINT (-117.131734 33.493073),678120.0,Temecula,25.0,6065,Riverside,6
72543585627bee9533923dac52c3ba779ba34859,undefined,US,CA,El Dorado Hills CDP,38.676082,-121.0477,Yes,census.gov,Detached,"2501, 3000",1,3,"0, 1",True,False,False,1,4B,12,POINT (-121.0477 38.676082),621880.0,El Dorado Hills,57.0,6017,El Dorado,6
72886422623d926d7bdd6a6a61920254031f754d,ecobee4,US,CA,San Carlos City,37.499034,-122.267572,Yes,census.gov,Detached,2500,3,0,0,False,False,False,"0, 1, 2",3C,3,POINT (-122.267572 37.499034),665070.0,San Carlos,25.0,6081,San Mateo,6
72e4c6ae13c515411f9b826f34d17d2441a479f2,ecobee4,US,CA,Carmichael CDP,38.630812,-121.325636,Yes,census.gov,Other,1001,1,59,0,True,False,False,"1, 2",3B,12,POINT (-121.325636 38.630812),611390.0,Carmichael,57.0,6067,Sacramento,6
731f09478820bb58fb43f24c2d7b8c3c1f775b38,ecobee4,US,CA,El Dorado Hills CDP,38.676082,-121.0477,Yes,census.gov,Detached,3000,2,0,0,False,False,False,"1, 2",4B,12,POINT (-121.0477 38.676082),621880.0,El Dorado Hills,57.0,6017,El Dorado,6
7366b39c557419f7cb7255cbdc014a09d1c11e3e,ecobee4,US,CA,El Dorado Hills CDP,38.676082,-121.0477,Yes,census.gov,Detached,2500,2,0,0,True,False,False,"1, 2",4B,12,POINT (-121.0477 38.676082),621880.0,El Dorado Hills,57.0,6017,El Dorado,6
7432f880ce4faa2b06c49adfa117f4bc4b5611cc,ecobee3Lite,US,CA,Soda Springs CDP,39.324788,-120.378665,Yes,census.gov,Detached,2501,3,22,0,True,False,False,0,5B,16,POINT (-120.378665 39.324788),672492.0,Soda Springs,57.0,6057,Nevada,6
74459d3394b7f9b7a9ea17fd22fcd8bab47a7707,ecobee3Lite,US,CA,Santee City,32.85499,-116.986056,Yes,census.gov,Detached,2000,1,50,5,False,False,False,"0, 2",3B,10,POINT (-116.986056 32.85499),670224.0,Santee,25.0,6073,San Diego,6
74768334c92df4b6c6ff9d4634fb634f0975972b,ecobee3,US,CA,Sacramento City,38.567694,-121.468161,Yes,census.gov,Detached,2478,2,0,0,False,False,False,"0, 5, 10",3B,12,POINT (-121.468161 38.567694),664000.0,Sacramento,25.0,6067,Sacramento,6
748f5f5d1382be7a33257f989cd71f69289674b5,ecobee3,US,CA,Buena Park City,33.857353,-118.007373,Yes,census.gov,Other,1500,1,30,0,False,False,False,"2, 3, 4",3B,8,POINT (-118.007373 33.857353),608786.0,Buena Park,25.0,6059,Orange,6
74f3d72b8e80714eb687a9ebdef329bede52ac99,undefined,US,CA,San Diego City,32.830391,-117.120923,Yes,census.gov,Detached,1501,2,32,0,True,False,False,"1, 2, 3, 4",3B,7,POINT (-117.120923 32.830391),666000.0,San Diego,25.0,6073,San Diego,6
74ff957a09d9ff3fcdef373578b431ad819ade54,ecobee3Lite,US,CA,Roseville City,38.770296,-121.319634,Yes,census.gov,Detached,3500,2,10,0,False,False,False,0,3B,11,POINT (-121.319634 38.770296),662938.0,Roseville,25.0,6061,Placer,6
750d84c933e6f13a9fcd134f8bf83bb776e03a1d,ecobee3Lite,US,CA,Oakland City,37.769846,-122.22569,Yes,census.gov,Detached,4000,2,80,1,False,False,False,0,3C,3,POINT (-122.22569 37.769846),653000.0,Oakland,25.0,6001,Alameda,6
751144049fc8d44d328653059d727795aa1301eb,ESTWVC,US,CA,Fair Oaks CDP,38.650154,-121.25097,Yes,census.gov,Condominium,2000,2,51,1,True,False,False,"1, 2",3B,12,POINT (-121.25097 38.650154),623294.0,Fair Oaks,57.0,6067,Sacramento,6
7546195bc1ff7cfc9f181dc36b6aefdd48807ba7,undefined,US,CA,Fresno City,36.782684,-119.793359,Yes,census.gov,Townhouse,2000,1,2,1,True,False,False,1,3B,13,POINT (-119.793359 36.782684),627000.0,Fresno,25.0,6019,Fresno,6
75c39a1a950d381ccb07676b7832e13a8f17882c,ecobee3Lite,US,CA,Visalia City,36.32921,-119.326984,Yes,census.gov,Detached,1500,1,40,2,False,False,False,"2, 4",3B,13,POINT (-119.326984 36.32921),682954.0,Visalia,25.0,6107,Tulare,6
75d39a4fb36c0e1c4a26923cd39c082ae034f05e,ecobee3,US,CA,La Mesa City,32.769495,-117.021923,Yes,census.gov,Detached,2000,1,60,2,True,False,False,"1, 2",3B,7,POINT (-117.021923 32.769495),640004.0,La Mesa,25.0,6073,San Diego,6
7662326b1392ad0b487033f0f34494dd19caecfc,ecobee3Lite,US,CA,Helendale,34.7430407,-117.3395848,Yes,photon,Other,2500,2,40,2,False,False,False,"2, 4",3B,14,POINT (-117.3395848 34.7430407),671964.0,Silver Lakes,57.0,6071,San Bernardino,6
7702097aa684220d28459a429badf410efcdfc53,ecobee3Lite,US,CA,Lamont CDP,35.265142,-118.916042,Yes,census.gov,Townhouse,2500,1,20,5,True,False,False,0,3B,13,POINT (-118.916042 35.265142),640088.0,Lamont,57.0,6029,Kern,6
770c0055c57a62cc88b170b1f2e84c058fb21624,ESTWVC,US,CA,Clovis City,36.827809,-119.681843,Yes,census.gov,Null,0,0,0,0,True,False,False,0,3B,13,POINT (-119.681843 36.827809),614218.0,Clovis,25.0,6019,Fresno,6
770e7db0187beb7e34cc69211264648bd1c00ff2,undefined,US,CA,San Diego City,32.830391,-117.120923,Yes,census.gov,Condominium,1500,1,22,2,True,False,True,1,3B,7,POINT (-117.120923 32.830391),666000.0,San Diego,25.0,6073,San Diego,6
77349ad8fd42b612db43b18b51b35228d6538d82,ESTWVC,US,CA,San Francisco City,37.727239,-123.032229,Yes,census.gov,Apartment,1000,1,90,1,True,False,False,"3, 6",3C,3,POINT (-123.032229 37.727239),667000.0,San Francisco,25.0,6075,San Francisco,6
774ad1427002099094b34fe09a5047aac8f208f9,ecobee3Lite,US,CA,San Ramon City,37.765258,-121.931987,Yes,census.gov,Detached,3000,2,10,0,False,False,False,"1, 2",3B,12,POINT (-121.931987 37.765258),668378.0,San Ramon,25.0,6013,Contra Costa,6
779aaf533f6454157d344b310dde8c90547f21d6,undefined,US,CA,Newark City,37.504253,-122.03191,Yes,census.gov,Detached,2500,2,5,0,True,False,False,0,3C,3,POINT (-122.03191 37.504253),650916.0,Newark,25.0,6001,Alameda,6
77e101e16edae595a79cff8109ed8699473355d2,ecobee3Lite,US,CA,San Diego City,32.830391,-117.120923,Yes,census.gov,Townhouse,3000,3,0,0,False,False,False,0,3B,7,POINT (-117.120923 32.830391),666000.0,San Diego,25.0,6073,San Diego,6
7801ed9248420c025552711023de0ccb1eafa9f4,ecobee4,US,CA,Eastvale City,33.963274,-117.582369,Yes,census.gov,Detached,3500,2,0,0,False,False,False,0,3B,10,POINT (-117.582369 33.963274),621230.0,Eastvale,25.0,6065,Riverside,6
7813034699bed819e5c19e26f3f0a08acef356e4,ecobee4,US,CA,Temecula City,33.493073,-117.131734,Yes,census.gov,Detached,3500,2,5,2,False,False,False,"1, 2",3B,10,POINT (-117.131734 33.493073),678120.0,Temecula,25.0,6065,Riverside,6
786c27b534bab7436250913f17346da5da95ec5b,ecobee3Lite,US,CA,San Jose City,37.296011,-121.814552,Yes,census.gov,Null,2500,2,20,0,False,False,False,0,3C,4,POINT (-121.814552 37.296011),668000.0,San Jose,25.0,6085,Santa Clara,6
78d6fd8a0379ad25291ae0f142ad4c7285c00d1b,ESTWVC,US,CA,Mammoth Lakes Town,37.624435,-118.988432,Yes,census.gov,Detached,4501,2,21,3,True,False,False,"1, 2",6B,16,POINT (-118.988432 37.624435),645358.0,Mammoth Lakes,43.0,6051,Mono,6
791a23af518d4625f87ea6e73f8c7c1c660d25b7,ecobee4,US,CA,San Francisco City,37.727239,-123.032229,Yes,census.gov,Row House,2500,2,87,3,False,False,False,"3, 6",3C,3,POINT (-123.032229 37.727239),667000.0,San Francisco,25.0,6075,San Francisco,6
7955eb78085ff856d5413cc10df9ae0665df88ec,ecobee3,US,CA,Elk Grove City,38.414621,-121.384961,Yes,census.gov,Null,0,0,0,0,True,False,False,0,3B,12,POINT (-121.384961 38.414621),622020.0,Elk Grove,25.0,6067,Sacramento,6
7978331bb39c4089ee0c4961369de4942bad9b41,ecobee3Lite,US,CA,San Jose City,37.296011,-121.814552,Yes,census.gov,Null,1000,1,10,1,False,False,True,0,3C,4,POINT (-121.814552 37.296011),668000.0,San Jose,25.0,6085,Santa Clara,6
798875e3b9f0d751d2b93bfbe9d52456802249f7,ESTWVC,US,CA,Kentfield CDP,37.935873,-122.558999,Yes,census.gov,Detached,2000,1,69,4,True,False,False,"5, 10",3C,3,POINT (-122.558999 37.935873),638114.0,Kentfield,57.0,6041,Marin,6
79ab33450579b162379e6115230b8b55362628da,ecobee3Lite,US,CA,Sacramento City,38.567694,-121.468161,Yes,census.gov,Detached,2000,2,10,2,False,False,False,"2, 4",3B,12,POINT (-121.468161 38.567694),664000.0,Sacramento,25.0,6067,Sacramento,6
79cfc0ad20acc35b192ccf43c0b22c59943ba3e3,ecobee3Lite,US,CA,Lincoln City,38.874464,-121.292886,Yes,census.gov,Detached,2000,1,37,2,True,False,False,"5, 6, 10",3B,11,POINT (-121.292886 38.874464),641474.0,Lincoln,25.0,6061,Placer,6
79d1e4c51b0ac62f36abba20b153c10afbd8dd1d,ecobee3Lite,US,CA,Los Angeles City,34.019394,-118.410825,Yes,census.gov,Detached,2500,1,50,0,False,False,False,"4, 8",3B,8,POINT (-118.410825 34.019394),644000.0,Los Angeles,25.0,6037,Los Angeles,6
79ecb395c845f4524a991fe1fad6b43dbb5abc07,undefined,US,CA,Whittier City,33.966827,-118.020122,Yes,census.gov,Other,1501,1,72,0,True,False,False,1,3B,9,POINT (-118.020122 33.966827),685292.0,Whittier,25.0,6037,Los Angeles,6
7a42736a4243df960e430095130c7c2cf83aae88,ecobee3,US,CA,Los Angeles City,34.019394,-118.410825,Yes,census.gov,Other,1250,2,0,0,True,False,False,"3, 6",3B,8,POINT (-118.410825 34.019394),644000.0,Los Angeles,25.0,6037,Los Angeles,6
7b0b83986510d3f92daaa06b0fffa32203e1eeb9,ecobee3Lite,US,CA,Stockton City,37.976553,-121.308598,Yes,census.gov,Null,0,0,0,0,False,False,False,"0, 1, 2",3B,12,POINT (-121.308598 37.976553),675000.0,Stockton,25.0,6077,San Joaquin,6
7b62d951a3ac45b259242204fc305e9f34726664,ESTWVC,US,CA,Torrance City,33.830453,-118.356618,Yes,census.gov,Detached,1500,1,69,0,True,False,False,"3, 6",3B,6,POINT (-118.356618 33.830453),680000.0,Torrance,25.0,6037,Los Angeles,6
7bb20c79f55efbb4331b0d3da0f8116d51343b4d,undefined,US,CA,Los Angeles City,34.019394,-118.410825,Yes,census.gov,Apartment,1001,1,82,0,True,False,True,0,3B,8,POINT (-118.410825 34.019394),644000.0,Los Angeles,25.0,6037,Los Angeles,6
7bbdcb115ce68ca8efc899584a5db50be5583e2d,ecobee3,US,CA,Huntington Beach City,33.698007,-118.003834,Yes,census.gov,Detached,2000,1,50,2,True,False,False,"2, 3, 4",3B,6,POINT (-118.003834 33.698007),636000.0,Huntington Beach,25.0,6059,Orange,6
7d11f648c915a10f1438a6d1e412eb1aef97c7ff,ecobee3Lite,US,CA,Idyllwild-Pine Cove,33.744209,-116.73069,Yes,census.gov,Null,2000,2,30,2,False,False,False,0,3B,16,POINT (-116.73069 33.744209),636203.0,Idyllwild-Pine Cove,57.0,6065,Riverside,6
7d2128d00e0e89755280c18bc76c450aeb3d7190,ESTWVC,US,CA,Sacramento City,38.567694,-121.468161,Yes,census.gov,Detached,1001,1,92,0,True,False,False,1,3B,12,POINT (-121.468161 38.567694),664000.0,Sacramento,25.0,6067,Sacramento,6
7d79630f662265676fe7879e2e3c09606f83b655,ecobee3Lite,US,CA,Sonora City,37.981707,-120.382755,Yes,census.gov,Other,1000,1,50,0,False,False,False,0,4B,12,POINT (-120.382755 37.981707),672674.0,Sonora,25.0,6109,Tuolumne,6
7d83b7b56d9d49aabe6f75c7d5b91425ea2740f6,ecobee3,US,CA,Cameron Park CDP,38.674029,-120.988338,Yes,census.gov,Detached,2000,1,15,1,False,False,False,"3, 4, 8",4B,12,POINT (-120.988338 38.674029),610256.0,Cameron Park,57.0,6017,El Dorado,6
7dd8bc01b9d6e8f5f1aebaa971e79bf71d4e1433,undefined,US,CA,Perris City,33.789849,-117.222171,Yes,census.gov,Detached,2000,1,2,5,True,False,True,7,3B,10,POINT (-117.222171 33.789849),656700.0,Perris,25.0,6065,Riverside,6
7e050c71f4cd74bf423901d10de48d7df42b22ac,ecobee3,US,CA,San Mateo City,37.56031,-122.3106,Yes,census.gov,Detached,1500,2,0,2,False,False,False,"3, 6",3C,3,POINT (-122.3106 37.56031),668252.0,San Mateo,25.0,6081,San Mateo,6
7e09373dcdc70cd77bade21eeec4b65ce53591ea,ecobee3Lite,US,CA,San Ramon City,37.765258,-121.931987,Yes,census.gov,Detached,1500,2,15,1,False,False,False,"1, 2",3B,12,POINT (-121.931987 37.765258),668378.0,San Ramon,25.0,6013,Contra Costa,6
7e1820d18aa856199a2a418de0495f89c488d5bc,undefined,US,CA,Bakersfield City,35.353171,-119.037919,Yes,census.gov,Other,2000,2,32,2,True,False,False,1,3B,13,POINT (-119.037919 35.353171),603526.0,Bakersfield,25.0,6029,Kern,6
7e37247337f693825c8f07594c182c062b413226,ecobee3Lite,US,CA,Sacramento City,38.567694,-121.468161,Yes,census.gov,Row House,3000,2,18,0,False,False,False,"2, 4",3B,12,POINT (-121.468161 38.567694),664000.0,Sacramento,25.0,6067,Sacramento,6
7e6b1bbbde50524ddd4c97867609c306583ffd33,ecobee3,US,CA,Mountain House City,37.779716,-121.537195,Yes,census.gov,Detached,3000,2,5,2,False,False,False,"2, 3, 6",3B,12,POINT (-121.537195 37.779716),649582.0,Mountain House,25.0,6077,San Joaquin,6
7e6db6d71cda1770f419319b9dd39bfd65eb9175,ecobee3,US,CA,San Jose City,37.296011,-121.814552,Yes,census.gov,Detached,3500,1,55,3,False,False,False,0,3C,4,POINT (-121.814552 37.296011),668000.0,San Jose,25.0,6085,Santa Clara,6
7f085f6e8a981a12387ef428e95be117fa5d09ca,ESTWVC,US,CA,Sunnyvale City,37.385797,-122.026316,Yes,census.gov,Detached,1500,1,65,3,True,False,False,3,3C,4,POINT (-122.026316 37.385797),677000.0,Sunnyvale,25.0,6085,Santa Clara,6
7f377e5f455c328fac3d9a9cc9d90bd6df4797e5,ecobee3Lite,US,CA,Goleta City,34.435441,-119.858946,Yes,census.gov,Detached,3500,2,30,0,False,False,False,0,3C,6,POINT (-119.858946 34.435441),630378.0,Goleta,25.0,6083,Santa Barbara,6
7f4151b2b71dfca91eec1b6d3cbc50892f5da5ac,ecobee3,US,CA,Fresno City,36.782684,-119.793359,Yes,census.gov,Detached,4000,2,10,4,False,False,False,"5, 10",3B,13,POINT (-119.793359 36.782684),627000.0,Fresno,25.0,6019,Fresno,6
7f71d657a6f74e11ef3a1d645fe82302fdcf7b96,ecobee3Lite,US,CA,Emeryville City,37.838473,-122.301682,Yes,census.gov,Condominium,1500,2,30,0,False,False,False,0,3C,3,POINT (-122.301682 37.838473),622594.0,Emeryville,25.0,6001,Alameda,6
7f879600f0cff30ae1965dbe9a18d8638ace6eaa,ecobee4,US,CA,Menlo Park City,37.479731,-122.148055,Yes,census.gov,Detached,4500,2,10,4,False,False,False,"1, 2",3C,3,POINT (-122.148055 37.479731),646870.0,Menlo Park,25.0,6081,San Mateo,6
7fcbb2c0117be333a80f7e9782e39d46077cbd15,SmartSi,US,CA,Wilseyville CDP,38.376483,-120.486844,Yes,census.gov,Detached,3500,2,5,2,False,False,True,0,4B,12,POINT (-120.486844 38.376483),685810.0,Wilseyville,57.0,6009,Calaveras,6
7fcc6057dbcf64828205470d787546b0eea0dd46,ecobee4,US,CA,Rancho Cordova City,38.577079,-121.236187,Yes,census.gov,Detached,2500,2,10,0,False,False,False,"0, 1",3B,12,POINT (-121.236187 38.577079),659444.0,Rancho Cordova,25.0,6067,Sacramento,6
802aa11c67d0bb8710f66f662eef6567d1558c9c,ESTWVC,US,CA,Campbell City,37.280244,-121.953296,Yes,census.gov,Apartment,2000,1,60,3,True,False,False,"1, 2",3C,4,POINT (-121.953296 37.280244),610345.0,Campbell,25.0,6085,Santa Clara,6
805bbdd221ef4be51d5d367c4971651043e2b8f9,ecobee4,US,CA,Torrance City,33.830453,-118.356618,Yes,census.gov,Other,2000,1,60,0,False,False,False,0,3B,6,POINT (-118.356618 33.830453),680000.0,Torrance,25.0,6037,Los Angeles,6
80670fdb8aa84e3ae0d003fa4d20be7cc879efa0,ecobee3Lite,US,CA,Burbank City,34.190079,-118.326405,Yes,census.gov,Other,2000,1,85,3,False,False,False,"2, 4",3B,9,POINT (-118.326405 34.190079),608954.0,Burbank,25.0,6037,Los Angeles,6
8093e408163d3b91a3a1f9485c72054de036899c,ESTWVC,US,CA,El Cajon City,32.801673,-116.960468,Yes,census.gov,Null,0,0,0,0,True,False,False,"1, 2",3B,10,POINT (-116.960468 32.801673),621712.0,El Cajon,25.0,6073,San Diego,6
80d7214e9105e245f20213ca3e084589185beb0a,ESTWVC,US,CA,Jackson City,38.348489,-120.772822,Yes,census.gov,Detached,2000,1,25,3,True,False,False,"3, 6",4B,12,POINT (-120.772822 38.348489),636980.0,Jackson,25.0,6005,Amador,6
80d8d954e9bd4583b96c133b378ec2e79978cc74,ecobee3Lite,US,CA,Fair Oaks CDP,38.650154,-121.25097,Yes,census.gov,Semi-Detached,2000,1,57,1,False,False,False,0,3B,12,POINT (-121.25097 38.650154),623294.0,Fair Oaks,57.0,6067,Sacramento,6
813ff81cd53da672edfd2aed663e6b988b3abd5a,ecobee3Lite,US,CA,San Diego City,32.830391,-117.120923,Yes,census.gov,Condominium,1000,1,10,0,False,False,True,0,3B,7,POINT (-117.120923 32.830391),666000.0,San Diego,25.0,6073,San Diego,6
815ab2f540834b011c9ca7d023e8534536fc403e,ecobee3Lite,US,CA,Ladera Ranch CDP,33.549146,-117.641741,Yes,census.gov,Townhouse,2500,2,0,0,False,False,False,"0, 2, 4",3B,8,POINT (-117.641741 33.549146),639114.0,Ladera Ranch,57.0,6059,Orange,6
81736323d392384ab40b1a2c80f891902cdad37f,ecobee3Lite,US,CA,San Francisco City,37.727239,-123.032229,Yes,census.gov,Semi-Detached,1500,2,120,2,False,False,False,"1, 2",3C,3,POINT (-123.032229 37.727239),667000.0,San Francisco,25.0,6075,San Francisco,6
819b4054ce0c22c8fec6113ea070106cf4812e5f,ecobee3,US,CA,Folsom City,38.666597,-121.141635,Yes,census.gov,Detached,2500,2,30,3,False,False,False,"1, 2",3B,12,POINT (-121.141635 38.666597),624638.0,Folsom,25.0,6067,Sacramento,6
81ba10c5523c53a7009192f3a7db16b42dc398a6,ecobee4,US,CA,El Dorado Hills CDP,38.676082,-121.0477,Yes,census.gov,Detached,1000,1,10,0,False,False,False,0,4B,12,POINT (-121.0477 38.676082),621880.0,El Dorado Hills,57.0,6017,El Dorado,6
81bb240ce92cebd4a6e14eca947ae9f8de6d6e4f,ecobee3Lite,US,CA,Covina City,34.090475,-117.882143,Yes,census.gov,Detached,3500,1,60,0,False,False,False,0,3B,9,POINT (-117.882143 34.090475),616742.0,Covina,25.0,6037,Los Angeles,6
81c6899cc1caf1d600bc0a8c7af99df687952fa0,ESTWVC,US,CA,Santee City,32.85499,-116.986056,Yes,census.gov,Detached,2001,1,10,0,True,False,False,"3, 6",3B,10,POINT (-116.986056 32.85499),670224.0,Santee,25.0,6073,San Diego,6
81d4588d29aeaf717702b41e15ba606344a577b6,ecobee3Lite,US,CA,Corona City,33.861969,-117.565495,Yes,census.gov,Detached,2500,2,27,5,False,False,False,0,3B,10,POINT (-117.565495 33.861969),616350.0,Corona,25.0,6065,Riverside,6
82213bd0532ff75dbfae2bdd1bfe6fc7b2cd57b1,ecobee4,US,CA,Livermore City,37.686977,-121.759781,Yes,census.gov,Detached,2500,2,0,0,True,False,False,"1, 2",3C,12,POINT (-121.759781 37.686977),641992.0,Livermore,25.0,6001,Alameda,6
823dd2a2cb288c78415d143a272fa9be9d55a2a4,ecobee3Lite,US,CA,Clayton City,37.940322,-121.930075,Yes,census.gov,Detached,4000,2,20,5,False,False,False,0,3B,12,POINT (-121.930075 37.940322),613882.0,Clayton,25.0,6013,Contra Costa,6
8285c8e7fad208e8e16fa428bb8a0ea87e35388a,ecobee4,US,CA,Corona City,33.861969,-117.565495,Yes,census.gov,Detached,2000,1,27,0,False,False,False,"3, 6",3B,10,POINT (-117.565495 33.861969),616350.0,Corona,25.0,6065,Riverside,6
82cddb050fac6f0203c9b645b4e5a31131ce0711,ecobee3Lite,US,CA,Lemon Grove City,32.733071,-117.034413,Yes,census.gov,Detached,2000,1,47,0,False,False,False,0,3B,7,POINT (-117.034413 32.733071),641124.0,Lemon Grove,25.0,6073,San Diego,6
82fa8de28e3ac081eca442a27f93ac225d22c2be,ecobee4,US,CA,Escondido City,33.133053,-117.074043,Yes,census.gov,Condominium,1500,3,10,0,False,False,False,"3, 6",3B,10,POINT (-117.074043 33.133053),622804.0,Escondido,25.0,6073,San Diego,6
83373bece69d7c42d2503b06efb84aca54365c0f,ecobee4,US,CA,Corona City,33.861969,-117.565495,Yes,census.gov,Row House,2000,1,37,0,False,False,False,"1, 2",3B,10,POINT (-117.565495 33.861969),616350.0,Corona,25.0,6065,Riverside,6
833fa4b0aebfdae7c96b7b490000f96976b61843,ecobee3,US,CA,Clovis City,36.827809,-119.681843,Yes,census.gov,Other,2500,1,10,4,False,False,False,"1, 2",3B,13,POINT (-119.681843 36.827809),614218.0,Clovis,25.0,6019,Fresno,6
83766a4da3a0499de57117aa7cb454f0a95c716b,ecobee3Lite,US,CA,Oceanside City,33.224601,-117.306291,Yes,census.gov,Townhouse,1500,2,20,8,False,False,False,"0, 2, 4",3B,7,POINT (-117.306291 33.224601),653322.0,Oceanside,25.0,6073,San Diego,6
846af0701b8761b64e703f8a3c533ecebc627f62,ESTWVC,US,CA,Poway City,32.987677,-117.021814,Yes,census.gov,Detached,2001,1,41,0,True,False,False,"5, 10",3B,10,POINT (-117.021814 32.987677),658520.0,Poway,25.0,6073,San Diego,6
84cb4ea99ba2de475b731ebf5f5f172fa453f70d,undefined,US,CA,Murphys CDP,38.136092,-120.443942,Yes,census.gov,Detached,3000,1,120,4,True,False,False,"1, 2",4B,12,POINT (-120.443942 38.136092),650034.0,Murphys,57.0,6009,Calaveras,6
85263c442983f00c089bcb9ebe7b8c85e2f49ae0,ecobee3Lite,US,CA,Grass Valley City,39.220305,-121.052654,Yes,census.gov,Detached,3001,2,21,0,True,False,True,"1, 2",5B,11,POINT (-121.052654 39.220305),630798.0,Grass Valley,25.0,6057,Nevada,6
85851e9b617d286ac8210743ee1cfe7f3f6e4b90,ecobee3,US,CA,Davis City,38.556147,-121.737793,Yes,census.gov,Detached,2000,1,40,4,True,False,True,"5, 10",3B,12,POINT (-121.737793 38.556147),618100.0,Davis,25.0,6113,Yolo,6
85994ca3f65ab0d36b023bda7ed98f88f8d9b2b1,ecobee3Lite,US,CA,Folsom City,38.666597,-121.141635,Yes,census.gov,Detached,3500,2,5,4,False,False,False,"0, 2",3B,12,POINT (-121.141635 38.666597),624638.0,Folsom,25.0,6067,Sacramento,6
85dc7de3781e68f61d35d3ba42cac11224df1a06,ESTWVC,US,CA,Studio City,34.05201125,-118.4125118,Yes,photon,Condominium,1501,1,15,2,True,False,True,"1, 2",3B,9,POINT (-118.4125118 34.05201125),644000.0,Los Angeles,25.0,6037,Los Angeles,6
85ed1c6d28428b1a944821362fc7ea19abd884da,ecobee4,US,CA,San Francisco City,37.727239,-123.032229,Yes,census.gov,Semi-Detached,2001,3,99,4,True,False,False,"1, 2",3C,3,POINT (-123.032229 37.727239),667000.0,San Francisco,25.0,6075,San Francisco,6
860145f65259e62e7d6b42b41d423c5d2175acfe,ecobee3Lite,US,CA,Lake Arrowhead CDP,34.254027,-117.178091,Yes,census.gov,Detached,3000,2,20,2,False,False,False,0,3B,16,POINT (-117.178091 34.254027),639444.0,Lake Arrowhead,57.0,6071,San Bernardino,6
861a83e94eb216e8c6b979abe52f565077138528,ecobee3,US,CA,Roseville City,38.770296,-121.319634,Yes,census.gov,Detached,2000,1,55,2,False,False,False,"0, 2, 4",3B,11,POINT (-121.319634 38.770296),662938.0,Roseville,25.0,6061,Placer,6
86324aa4addfbe5bb45e5c4f0f43f5f47e2f091d,SmartSi,US,CA,Thousand Oaks City,34.19329,-118.874235,Yes,census.gov,Detached,3000,2,30,3,False,False,False,0,3C,9,POINT (-118.874235 34.19329),678582.0,Thousand Oaks,25.0,6111,Ventura,6
864b711b66cd99f639060db9f92561fb1e39f0a0,ecobee3Lite,US,CA,Los Angeles City,34.019394,-118.410825,Yes,census.gov,Null,0,0,0,0,False,False,False,"1, 2",3B,8,POINT (-118.410825 34.019394),644000.0,Los Angeles,25.0,6037,Los Angeles,6
8654b9a26ae7fe0cf47482ed7ae4034b42609475,ecobee3,US,CA,Santa Clara City,37.364621,-121.967973,Yes,census.gov,Townhouse,2000,3,5,2,False,False,False,"1, 2",3C,4,POINT (-121.967973 37.364621),669084.0,Santa Clara,25.0,6085,Santa Clara,6
865e6a589aea5ac04de541f45fa42772306d09a6,ecobee3Lite,US,CA,Sacramento City,38.567694,-121.468161,Yes,census.gov,Detached,2000,1,50,0,False,False,False,0,3B,12,POINT (-121.468161 38.567694),664000.0,Sacramento,25.0,6067,Sacramento,6
8665fc81c79365533811363bd5839d7e2b2292c5,ecobee3,US,CA,Sunnyvale City,37.385797,-122.026316,Yes,census.gov,Condominium,1500,1,20,0,False,False,False,0,3C,4,POINT (-122.026316 37.385797),677000.0,Sunnyvale,25.0,6085,Santa Clara,6
86783d72383d13859606d57165eab7c4c00740c1,ecobee3Lite,US,CA,Roseville City,38.770296,-121.319634,Yes,census.gov,Detached,2000,2,5,0,False,False,False,0,3B,11,POINT (-121.319634 38.770296),662938.0,Roseville,25.0,6061,Placer,6
867fe925bda48f92129c6a7dc79e6b9f56115970,undefined,US,CA,Fiddletown CDP,38.506864,-120.760149,Yes,census.gov,Other,1001,1,23,0,True,False,False,0,4B,12,POINT (-120.760149 38.506864),623980.0,Fiddletown,57.0,6005,Amador,6
86b9e89018fe7c82a5af529ae2f47cd73a3418a2,ecobee3Lite,US,CA,Visalia City,36.32921,-119.326984,Yes,census.gov,Detached,2500,1,45,2,False,False,False,"3, 6",3B,13,POINT (-119.326984 36.32921),682954.0,Visalia,25.0,6107,Tulare,6
86bc78f8b8c8816d3c42b3d042f8e5bce062b97c,ecobee3,US,CA,Pleasanton City,37.667185,-121.88123,Yes,census.gov,Townhouse,1500,2,30,"0, 1",False,False,False,"3, 6",3C,12,POINT (-121.88123 37.667185),657792.0,Pleasanton,25.0,6001,Alameda,6
86c112bdbf7dc0cd5d45d8ab2aba96798a9ed52d,ecobee4,US,CA,San Marcos City,33.132567,-117.169892,Yes,census.gov,Detached,2000,1,10,3,False,False,False,"5, 10",3B,10,POINT (-117.169892 33.132567),668196.0,San Marcos,25.0,6073,San Diego,6
86d24dbd8189837593458450f8bc291e3306db75,undefined,US,CA,Santa Clarita City,34.416504,-118.500693,Yes,census.gov,Detached,3001,1,2,0,True,False,False,0,3B,9,POINT (-118.500693 34.416504),669088.0,Santa Clarita,25.0,6037,Los Angeles,6
86e047933fe470ee1fd7faf5c60a766cc02427b6,ecobee4,US,CA,Los Gatos Town,37.229944,-121.956874,Yes,census.gov,Detached,4000,2,60,5,False,False,False,"1, 2",3C,4,POINT (-121.956874 37.229944),644112.0,Los Gatos,43.0,6085,Santa Clara,6
872e7387457fdb67ddc5f55bfa849480ae34dfdb,ecobee3,US,CA,Temecula City,33.493073,-117.131734,Yes,census.gov,Detached,2000,2,25,2,False,False,False,"1, 2",3B,10,POINT (-117.131734 33.493073),678120.0,Temecula,25.0,6065,Riverside,6
8792721f175d12c07e543cada2da5e5aff805252,ecobee4,US,CA,San Marcos City,33.132567,-117.169892,Yes,census.gov,Detached,3000,2,10,4,False,False,False,0,3B,10,POINT (-117.169892 33.132567),668196.0,San Marcos,25.0,6073,San Diego,6
87e43bca19cf30486c99b02a5b0ed0cbdeb2853c,ESTWVC,US,CA,San Jose City,37.296011,-121.814552,Yes,census.gov,Apartment,1000,1,19,2,False,False,True,"1, 2",3C,4,POINT (-121.814552 37.296011),668000.0,San Jose,25.0,6085,Santa Clara,6
8827a91306c3fdbf7e76d39cc34a7057587f37b0,ecobee3Lite,US,CA,West Sacramento City,38.554368,-121.548663,Yes,census.gov,Null,3500,2,15,4,False,False,False,0,3B,12,POINT (-121.548663 38.554368),684816.0,West Sacramento,25.0,6113,Yolo,6
8895b6ad5f953d973548cbbea843c1d6a61e0741,ESTWVC,US,CA,Cameron Park CDP,38.674029,-120.988338,Yes,census.gov,Detached,2501,2,41,0,True,False,True,3,4B,12,POINT (-120.988338 38.674029),610256.0,Cameron Park,57.0,6017,El Dorado,6
88f38a03f7aee2fce484d55aa4bd114a733ddb90,ecobee3,US,CA,Elk Grove City,38.414621,-121.384961,Yes,census.gov,Row House,3500,2,15,2,False,False,False,"1, 2",3B,12,POINT (-121.384961 38.414621),622020.0,Elk Grove,25.0,6067,Sacramento,6
891a6f47302be3634a269d374fec047be648d28b,ecobee4,US,CA,Piedmont City,37.822545,-122.230024,Yes,census.gov,Townhouse,2500,4,0,0,False,False,False,"2, 3, 4",3C,3,POINT (-122.230024 37.822545),656938.0,Piedmont,25.0,6001,Alameda,6
8935610184c677c0ddf730f3c5e464e704ebb9e8,ecobee4,US,CA,Shingle Springs CDP,38.665855,-120.936208,Yes,census.gov,Other,2000,1,30,0,False,False,False,"1, 2",4B,12,POINT (-120.936208 38.665855),671554.0,Shingle Springs,57.0,6017,El Dorado,6
89846759cfd2bef37fde40277f0ffeb8086e236a,ecobee3Lite,US,CA,Imperial City,32.838801,-115.572012,Yes,census.gov,Null,0,0,0,0,True,False,False,"1, 2",2B,15,POINT (-115.572012 32.838801),636280.0,Imperial,25.0,6025,Imperial,6
89d3345d393bd08d79922cc914c6f5adf712a1ea,ecobee3,US,CA,Studio City,34.05201125,-118.4125118,Yes,photon,Detached,2500,1,65,4,False,False,False,"1, 2",3B,9,POINT (-118.4125118 34.05201125),644000.0,Los Angeles,25.0,6037,Los Angeles,6
89d95625ecd00745765deda95a336a4acf090e43,SmartSi,US,CA,Laguna Niguel City,33.528654,-117.701253,Yes,census.gov,Detached,1906,2,0,0,False,False,False,0,3B,6,POINT (-117.701253 33.528654),639248.0,Laguna Niguel,25.0,6059,Orange,6
89dabf28aaafe348d6094a4d83f6ccaded407037,ecobee3Lite,US,CA,Roseville City,38.770296,-121.319634,Yes,census.gov,Other,3500,2,7,3,False,False,False,"3, 6",3B,11,POINT (-121.319634 38.770296),662938.0,Roseville,25.0,6061,Placer,6
8a81fa0489fb311982f7fa707e8612b3808cd6f2,ecobee3,US,CA,San Diego City,32.830391,-117.120923,Yes,census.gov,Detached,2200,2,0,0,False,False,False,"1, 2",3B,7,POINT (-117.120923 32.830391),666000.0,San Diego,25.0,6073,San Diego,6
8ab33bf32b3354145c58b9dbef5fd8057fb7e696,ecobee3,US,CA,El Dorado Hills CDP,38.676082,-121.0477,Yes,census.gov,Detached,2500,2,5,2,False,False,False,"1, 2",4B,12,POINT (-121.0477 38.676082),621880.0,El Dorado Hills,57.0,6017,El Dorado,6
8b04ea94f67a32c6b8ff40043cec44c1f8f3ff1b,ESTWVC,US,CA,Azusa City,34.138524,-117.912253,Yes,census.gov,Detached,2001,2,10,0,True,False,False,"3, 6",3B,9,POINT (-117.912253 34.138524),603386.0,Azusa,25.0,6037,Los Angeles,6
8b220ad6ccfb0adbaa5ff23e13d2b70dcb3edcab,ecobee3,US,CA,Big Bear Lake City,34.242888,-116.893893,Yes,census.gov,Townhouse,1500,1,15,3,False,False,False,"3, 6",3B,16,POINT (-116.893893 34.242888),606434.0,Big Bear Lake,25.0,6071,San Bernardino,6
8b57cbcc483063dc77199342b0ab8eba8af1f0b9,ESTWVC,US,CA,Fresno City,36.782684,-119.793359,Yes,census.gov,Null,0,0,0,0,True,False,False,"1, 2",3B,13,POINT (-119.793359 36.782684),627000.0,Fresno,25.0,6019,Fresno,6
8b66044dd576c1215b14aa0149471c5515043755,ecobee3,US,CA,Mather CDP,38.548362,-121.283841,Yes,census.gov,Detached,4500,2,15,2,False,False,False,"1, 2",3B,12,POINT (-121.283841 38.548362),646226.0,Mather,57.0,6067,Sacramento,6
8b9dff9960bcabd5e26389cb6c810809ddecbdaf,ecobee3Lite,US,CA,San Jose City,37.296011,-121.814552,Yes,census.gov,Detached,2000,1,60,3,False,False,False,"3, 6",3C,4,POINT (-121.814552 37.296011),668000.0,San Jose,25.0,6085,Santa Clara,6
8c1a82d37a1e4edef51d34f26208f5777e210edd,ESTWVC,US,CA,Jackson City,38.348489,-120.772822,Yes,census.gov,Detached,3501,1,1,0,True,False,False,0,4B,12,POINT (-120.772822 38.348489),636980.0,Jackson,25.0,6005,Amador,6
8c5c108ce0d0f70322d7c12477e7a77a47a92832,ESTWVC,US,CA,Rescue,38.7116667,-120.9513889,Yes,photon,Detached,4001,2,22,0,True,False,False,"4, 8",4B,12,POINT (-120.9513889 38.7116667),,,,6017,El Dorado,6
8c5c224a12c57ade2d3a550a49550ca3237b0c28,ecobee4,US,CA,Irvine City,33.678399,-117.771254,Yes,census.gov,Detached,2500,2,10,2,False,False,False,"1, 2",3B,8,POINT (-117.771254 33.678399),636770.0,Irvine,25.0,6059,Orange,6
8c62bf3217905ae470926fa12ceafdf4a3b2201a,ecobee4,US,CA,Mckinleyville CDP,40.951571,-124.077357,Yes,census.gov,Detached,1501,1,42,0,True,False,False,"1, 2",4C,1,POINT (-124.077357 40.951571),644910.0,McKinleyville,57.0,6023,Humboldt,6
8c6d35a06b048bb0628e5a5fcd99770b48944862,ecobee3Lite,US,CA,Chico City,39.758951,-121.81772,Yes,census.gov,Detached,2500,1,10,0,False,False,True,"4, 8",3B,11,POINT (-121.81772 39.758951),613014.0,Chico,25.0,6007,Butte,6
8cb33553ed775c8805259978fd467cb2000e5a11,ecobee3Lite,US,CA,Rocklin City,38.806868,-121.249696,Yes,census.gov,Other,3500,2,7,0,False,False,False,"0, 1, 2",3B,11,POINT (-121.249696 38.806868),662364.0,Rocklin,25.0,6061,Placer,6
8cc8575323a98f4062813e30024354ac925d1fd4,ESTWVC,US,CA,La Puente City,34.032333,-117.95352,Yes,census.gov,Detached,1500,1,71,4,True,False,False,1,3B,9,POINT (-117.95352 34.032333),640340.0,La Puente,25.0,6037,Los Angeles,6
8cd3944e32544006ac410f5d5fd4e042cfaa6069,ecobee4,US,CA,Acton CDP,34.49607,-118.183897,Yes,census.gov,Detached,3500,2,20,2,True,False,False,"1, 2",3B,14,POINT (-118.183897 34.49607),600212.0,Acton,57.0,6037,Los Angeles,6
8cedbfcabe062ab8c72ae7dc6f6f66006b717669,SmartSi,US,CA,Ladera Ranch CDP,33.549146,-117.641741,Yes,census.gov,Detached,3000,2,20,3,False,False,False,0,3B,8,POINT (-117.641741 33.549146),639114.0,Ladera Ranch,57.0,6059,Orange,6
8cfa02015ed968c8c06b9963b3fee1154400df28,ecobee3Lite,US,CA,Orange City,33.786971,-117.861265,Yes,census.gov,Detached,6500,1,60,0,False,False,False,"1, 2",3B,8,POINT (-117.861265 33.786971),653980.0,Orange,25.0,6059,Orange,6
8d509592066fe1958186d86b8eec4c424cf3018e,ecobee4,US,CA,Fremont City,37.49446,-121.94115,Yes,census.gov,Detached,2500,2,20,0,False,False,False,"5, 10",3C,3,POINT (-121.94115 37.49446),626000.0,Fremont,25.0,6001,Alameda,6
8d51052706161ab0e040a9e91d4cbd245117ded5,ecobee4,US,CA,Simi Valley City,34.266887,-118.748458,Yes,census.gov,Detached,1500,1,55,2,False,False,False,"3, 6",3C,9,POINT (-118.748458 34.266887),672016.0,Simi Valley,25.0,6111,Ventura,6
8d9e35ed52b1bd8a45b0f7e9a2efd3589295526f,undefined,US,CA,Riverside City,33.938143,-117.393168,Yes,census.gov,Other,1001,2,2,0,True,False,False,1,3B,10,POINT (-117.393168 33.938143),662000.0,Riverside,25.0,6065,Riverside,6
8db31ecb3cca0fde6333d2bd07aa35930899bdd6,undefined,US,CA,Imperial City,32.838801,-115.572012,Yes,census.gov,Detached,2000,1,20,5,True,False,False,"3, 6",2B,15,POINT (-115.572012 32.838801),636280.0,Imperial,25.0,6025,Imperial,6
8dba3d9427cbeb3b4d1c63fb09c71b6dae280179,ecobee4,US,CA,San Diego City,32.830391,-117.120923,Yes,census.gov,Detached,3500,2,5,2,False,False,False,0,3B,7,POINT (-117.120923 32.830391),666000.0,San Diego,25.0,6073,San Diego,6
8df1e8bc55591180719661f0ee0aa8967e48a399,ecobee3Lite,US,CA,Pleasanton City,37.667185,-121.88123,Yes,census.gov,Detached,4000,1,20,0,False,False,False,0,3C,12,POINT (-121.88123 37.667185),657792.0,Pleasanton,25.0,6001,Alameda,6
8ee291fe9319c1fd33960727fa94e0977cf606a6,undefined,US,CA,Grass Valley City,39.220305,-121.052654,Yes,census.gov,Townhouse,2001,2,92,0,True,False,False,0,5B,11,POINT (-121.052654 39.220305),630798.0,Grass Valley,25.0,6057,Nevada,6
8f2b7af21593ee08f3fa1815c8a93f71a35a7b86,ecobee4,US,CA,San Jose City,37.296011,-121.814552,Yes,census.gov,Detached,2000,1,115,2,False,False,False,"2, 4",3C,4,POINT (-121.814552 37.296011),668000.0,San Jose,25.0,6085,Santa Clara,6
8f73e76b8894d4ea88df797a7c57d83398d570ce,ecobee3,US,CA,Roseville City,38.770296,-121.319634,Yes,census.gov,Detached,2180,2,0,0,False,False,False,"3, 6",3B,11,POINT (-121.319634 38.770296),662938.0,Roseville,25.0,6061,Placer,6
8f98a932182862cca90537cc15e4e30dbf301d73,ecobee3,US,CA,El Dorado Hills CDP,38.676082,-121.0477,Yes,census.gov,Detached,2500,1,25,4,False,False,False,"5, 10",4B,12,POINT (-121.0477 38.676082),621880.0,El Dorado Hills,57.0,6017,El Dorado,6
8fafcf35463eaadd712cf3431724bea36677d08b,ecobee3Lite,US,CA,El Dorado Hills CDP,38.676082,-121.0477,Yes,census.gov,Detached,1501,1,30,0,True,False,False,"1, 2",4B,12,POINT (-121.0477 38.676082),621880.0,El Dorado Hills,57.0,6017,El Dorado,6
8faff5b77c038855fdc3206a4faacb8427e85c42,ecobee4,US,CA,Rancho Santa Fe CDP,33.025814,-117.198148,Yes,census.gov,Detached,7500,2,30,0,False,False,False,0,3B,7,POINT (-117.198148 33.025814),659584.0,Rancho Santa Fe,57.0,6073,San Diego,6
8fb89b8f9f444302a6eea17fbffa60f6ad48c7fc,undefined,US,CA,Corona City,33.861969,-117.565495,Yes,census.gov,Detached,2000,2,35,2,True,False,False,"4, 5, 6",3B,10,POINT (-117.565495 33.861969),616350.0,Corona,25.0,6065,Riverside,6
8ff18fa0b1fb8b0b33be23fad18466ab5ff5cbda,ecobee3Lite,US,CA,Irvine City,33.678399,-117.771254,Yes,census.gov,Apartment,1000,1,0,0,False,False,False,"2, 4",3B,8,POINT (-117.771254 33.678399),636770.0,Irvine,25.0,6059,Orange,6
8ff92dd3cce4b1ce60cc9efab35ca42ffba1d752,ecobee3,US,CA,San Jose City,37.296011,-121.814552,Yes,census.gov,Townhouse,2000,3,10,0,False,False,False,"4, 8",3C,4,POINT (-121.814552 37.296011),668000.0,San Jose,25.0,6085,Santa Clara,6
9031bf633921ee677b5edfa49a84f156aeb9f84b,ecobee4,US,CA,Ladera Ranch CDP,33.549146,-117.641741,Yes,census.gov,Null,0,0,0,0,False,False,False,"1, 2",3B,8,POINT (-117.641741 33.549146),639114.0,Ladera Ranch,57.0,6059,Orange,6
903a519769deb68d81b6a2d23641715a89d230f1,ESTWVC,US,CA,Temecula City,33.493073,-117.131734,Yes,census.gov,Detached,2000,2,25,4,True,False,False,"1, 2",3B,10,POINT (-117.131734 33.493073),678120.0,Temecula,25.0,6065,Riverside,6
903d4b672545371b25546873a681ccf1499cbad4,SmartSi,US,CA,Ladera Ranch CDP,33.549146,-117.641741,Yes,census.gov,Detached,3000,2,20,3,False,False,False,0,3B,8,POINT (-117.641741 33.549146),639114.0,Ladera Ranch,57.0,6059,Orange,6
905d31b2c38d52d5b2eb08779b9a6662c798cc6a,ecobee3,US,CA,Mar Vista,34.0084332,-118.424222,Yes,photon,Detached,1500,1,70,1,False,False,False,"3, 4, 8",3B,6,POINT (-118.424222 34.0084332),644000.0,Los Angeles,25.0,6037,Los Angeles,6
90a90721bae11621e12d11c6e86a6f388264d495,undefined,US,CA,Grass Valley City,39.220305,-121.052654,No,census.gov,Detached,3501,2,83,0,True,False,False,0,5B,11,POINT (-121.052654 39.220305),630798.0,Grass Valley,25.0,6057,Nevada,6
90cf922766c2dce79317582b52c814338e3e755b,ESTWVC,US,CA,Hanford City,36.328141,-119.654773,Yes,census.gov,Other,1001,1,31,0,True,False,False,0,3B,13,POINT (-119.654773 36.328141),631960.0,Hanford,25.0,6031,Kings,6
90d2dc1f902f61ce67739ba41f84e9c4f246e358,ecobee3,US,CA,Sacramento City,38.567694,-121.468161,Yes,census.gov,Detached,3000,2,15,7,True,False,False,"1, 2",3B,12,POINT (-121.468161 38.567694),664000.0,Sacramento,25.0,6067,Sacramento,6
9129dd4269bc9064722fd6e470aa5e6a4849034e,ESTWVC,US,CA,Encinitas City,33.050632,-117.263616,Yes,census.gov,Condominium,1500,2,25,0,True,False,False,"2, 4",3B,7,POINT (-117.263616 33.050632),622678.0,Encinitas,25.0,6073,San Diego,6
914f0d99eae3a1eb4634c96bcfc67789c0fbeaab,undefined,US,CA,San Diego City,32.830391,-117.120923,Yes,census.gov,Detached,1001,1,42,0,True,False,False,3,3B,7,POINT (-117.120923 32.830391),666000.0,San Diego,25.0,6073,San Diego,6
915da826ec53b130f35396ef7f6612bf9d6de9b6,ecobee3,US,CA,San Clemente City,33.449143,-117.61312,Yes,census.gov,Null,0,0,0,0,False,False,False,"1, 2",3B,6,POINT (-117.61312 33.449143),665084.0,San Clemente,25.0,6059,Orange,6
91698270a75cf2edcd5aefc7614c92cfad33c268,ecobee4,US,CA,Imperial City,32.838801,-115.572012,Yes,census.gov,Multi-plex,501,1,19,0,True,False,False,0,2B,15,POINT (-115.572012 32.838801),636280.0,Imperial,25.0,6025,Imperial,6
9230714b7b498c52d534021a9638476a7ccef79a,undefined,US,CA,Calexico City,32.684859,-115.494738,Yes,census.gov,Null,0,0,0,0,True,False,True,3,2B,15,POINT (-115.494738 32.684859),609710.0,Calexico,25.0,6025,Imperial,6
92435e97bdfcadf5c29068964203a716d19e5d05,ecobee3Lite,US,CA,Sebastopol City,38.400003,-122.827586,Yes,census.gov,Other,1000,1,40,0,False,False,False,"3, 4, 8",3C,2,POINT (-122.827586 38.400003),670770.0,Sebastopol,25.0,6097,Sonoma,6
926918037b8f2bbe6404ca76379c39f7951a34d1,ecobee4,US,CA,Roseville City,38.770296,-121.319634,Yes,census.gov,Detached,1500,1,30,1,False,False,False,"3, 6",3B,11,POINT (-121.319634 38.770296),662938.0,Roseville,25.0,6061,Placer,6
92a609f3dd67e55d9ca9913582ba74d4fe44a5e4,ecobee3Lite,US,CA,Truckee Town,39.350548,-120.193943,Yes,census.gov,Detached,501,2,51,0,True,False,False,0,5B,16,POINT (-120.193943 39.350548),680588.0,Truckee,43.0,6057,Nevada,6
92a9896b9acc2871981690fc302722e634630439,ecobee3Lite,US,CA,Oakley City,37.996149,-121.693624,Yes,census.gov,Detached,2500,2,10,4,False,False,False,"2, 4, 8",3B,12,POINT (-121.693624 37.996149),653070.0,Oakley,25.0,6013,Contra Costa,6
92b6afd7542db99aa6612c150eda572c461817e6,ESTWVC,US,CA,South San Francisco City,37.655104,-122.376234,Yes,census.gov,Null,0,0,0,0,True,False,False,"1, 2",3C,3,POINT (-122.376234 37.655104),673262.0,South San Francisco,25.0,6081,San Mateo,6
930078b10580b2321fdb54dff1df9dd95a931ba6,ecobee3,US,CA,Ontario City,34.037042,-117.605956,Yes,census.gov,Detached,3000,2,5,3,False,False,False,"2, 4",3B,10,POINT (-117.605956 34.037042),653896.0,Ontario,25.0,6071,San Bernardino,6
9336ca30e9a9958b261a8cf6fb24b8ac65969df7,ecobee3,US,CA,Santee City,32.85499,-116.986056,Yes,census.gov,Townhouse,1501,3,20,0,True,False,False,"1, 2",3B,10,POINT (-116.986056 32.85499),670224.0,Santee,25.0,6073,San Diego,6
9359648ad55c33121391701b59861de2f094029b,ecobee4,US,CA,Mammoth Lakes Town,37.624435,-118.988432,Yes,census.gov,Detached,4501,2,21,0,True,False,False,"2, 4",6B,16,POINT (-118.988432 37.624435),645358.0,Mammoth Lakes,43.0,6051,Mono,6
937c0c305dce0ee9c35ffb8feda8347fca400d1d,ESTWVC,US,CA,Murphys CDP,38.136092,-120.443942,Yes,census.gov,Null,0,0,0,0,True,False,False,"5, 10",4B,12,POINT (-120.443942 38.136092),650034.0,Murphys,57.0,6009,Calaveras,6
93817f79ee403c86804ec43f9ada4e3cd10fdb0e,ecobee3Lite,US,CA,Irvine City,33.678399,-117.771254,Yes,census.gov,Townhouse,1001,3,1,0,True,False,True,0,3B,8,POINT (-117.771254 33.678399),636770.0,Irvine,25.0,6059,Orange,6
9386c4bb2a468e27d985c89a48681362e7cb8de8,ecobee4,US,CA,Anaheim City,33.855502,-117.758657,Yes,census.gov,Other,1500,1,67,4,False,False,False,"1, 2, 3",3B,8,POINT (-117.758657 33.855502),602000.0,Anaheim,25.0,6059,Orange,6
938813db14688c57750a3c7407b421332ce7a0bf,ecobee3Lite,US,CA,Grass Valley City,39.220305,-121.052654,Yes,census.gov,Other,501,1,1,0,False,False,False,"1, 2",5B,11,POINT (-121.052654 39.220305),630798.0,Grass Valley,25.0,6057,Nevada,6
9397b861500fa51a926e3d7ea7b1b351c081c889,ESTWVC,US,CA,Spring Valley CDP,39.076053,-122.584512,Yes,census.gov,Detached,2000,1,15,4,True,False,False,"3, 6",4B,2,POINT (-122.584512 39.076053),673690.0,Spring Valley,57.0,6033,Lake,6
939ad7f9d3e63b7e16d3ea02f4a0fea9ba09588c,ecobee3,US,CA,San Diego City,32.830391,-117.120923,Yes,census.gov,Detached,3000,2,20,0,False,False,False,"3, 6",3B,7,POINT (-117.120923 32.830391),666000.0,San Diego,25.0,6073,San Diego,6
93e6b09deb674f096e324735f9c21a8671e0ddf0,ecobee3Lite,US,CA,Corona City,33.861969,-117.565495,Yes,census.gov,Row House,1500,2,20,0,False,False,False,0,3B,10,POINT (-117.565495 33.861969),616350.0,Corona,25.0,6065,Riverside,6
940dbfd01dd84e7ed538578c8919aff8174ebf3b,ecobee3,US,CA,Ontario City,34.037042,-117.605956,Yes,census.gov,Detached,2500,2,40,2,False,False,False,0,3B,10,POINT (-117.605956 34.037042),653896.0,Ontario,25.0,6071,San Bernardino,6
942280192203c82e60f87aa8efa92be66ada957c,ecobee3,US,CA,Los Angeles City,34.019394,-118.410825,Yes,census.gov,Detached,1500,1,115,3,True,False,False,0,3B,8,POINT (-118.410825 34.019394),644000.0,Los Angeles,25.0,6037,Los Angeles,6
9469864f57a0b52d6cce383830d8f5d1d5efc09e,ESTWVC,US,CA,Menifee City,33.689858,-117.184383,Yes,census.gov,Other,2501,2,1,0,True,False,False,"1, 2, 3",3B,10,POINT (-117.184383 33.689858),646842.0,Menifee,25.0,6065,Riverside,6
9478fbe1977f370b6194c54706d413f92308ed22,ecobee4,US,CA,El Dorado Hills CDP,38.676082,-121.0477,Yes,census.gov,Detached,0,2,20,0,False,False,False,"2, 4",4B,12,POINT (-121.0477 38.676082),621880.0,El Dorado Hills,57.0,6017,El Dorado,6
9484d1bb5e447db8ac7a417ebfafebae2747089f,ecobee3Lite,US,CA,Yorba Linda City,33.889038,-117.77207,Yes,census.gov,Row House,3000,1,60,4,False,False,False,0,3B,8,POINT (-117.77207 33.889038),686832.0,Yorba Linda,25.0,6059,Orange,6
949c934f60fcf11a97952c52773ce42416cf82da,ecobee3Lite,US,CA,Nevada City,39.259608,-121.033326,Yes,census.gov,Detached,2501,1,19,0,False,False,False,0,5B,11,POINT (-121.033326 39.259608),650874.0,Nevada City,25.0,6057,Nevada,6
949f6a9b3c6f31fb5eb7dc50320b540958bddd4a,undefined,US,CA,Los Gatos Town,37.229944,-121.956874,Yes,census.gov,Detached,1500,1,120,1,True,False,False,"3, 4",3C,4,POINT (-121.956874 37.229944),644112.0,Los Gatos,43.0,6085,Santa Clara,6
94a88e3e1705d22a933d60291dea70e3353066d6,ecobee3Lite,US,CA,South Monrovia Island CDP,34.123421,-117.995864,Yes,census.gov,Other,2500,1,5,5,True,False,False,0,3B,9,POINT (-117.995864 34.123421),673167.0,South Monrovia Island,57.0,6037,Los Angeles,6
94cac6ccecc9443ce5d1bac3569630ac410cdb42,ESTWVC,US,CA,Walnut Creek City,37.902666,-122.040479,Yes,census.gov,Condominium,3500,2,5,2,True,False,False,"1, 2",3B,12,POINT (-122.040479 37.902666),683346.0,Walnut Creek,25.0,6013,Contra Costa,6
94d29c056f59966be474e8a36f22ca774d0fc660,ecobee3,US,CA,Lakewood City,33.847135,-118.121894,Yes,census.gov,Other,2000,1,65,3,False,False,False,"5, 10",3B,8,POINT (-118.121894 33.847135),639892.0,Lakewood,25.0,6037,Los Angeles,6
94db774eb8df84e389d596f0a85ca8b4e913ceb9,ecobee4,US,CA,Morgan Hill City,37.132495,-121.641891,Yes,census.gov,Detached,2000,1,30,5,True,False,False,"3, 6",3C,4,POINT (-121.641891 37.132495),649278.0,Morgan Hill,25.0,6085,Santa Clara,6
94f98bbb4c40dbb35e9e55e247478aec634e67b8,ecobee3,US,CA,Alta Loma,34.121499,-117.592489,Yes,google,Detached,3000,2,0,0,False,False,False,"0, 2, 4",3B,10,POINT (-117.592489 34.121499),659451.0,Rancho Cucamonga,25.0,6071,San Bernardino,6
95486822548ac2741d892c78227d8bb961af5ee0,ecobee3Lite,US,CA,Los Altos City,37.368431,-122.09657,Yes,census.gov,Detached,2500,1,60,0,False,False,False,"2, 4",3C,4,POINT (-122.09657 37.368431),643280.0,Los Altos,25.0,6085,Santa Clara,6
95cd4c99da0cfe5b712b07125a45cf53ab6c3573,ecobee3,US,CA,Imperial City,32.838801,-115.572012,Yes,census.gov,Other,2001,2,3,0,True,False,False,"0, 1",2B,15,POINT (-115.572012 32.838801),636280.0,Imperial,25.0,6025,Imperial,6
9640cfe97b2ca97db89c260631c424654ebaef3d,ESTWVC,US,CA,Livermore City,37.686977,-121.759781,Yes,census.gov,Detached,2000,1,59,3,False,False,True,"3, 6",3C,12,POINT (-121.759781 37.686977),641992.0,Livermore,25.0,6001,Alameda,6
96614fea811872ffa15583033c53c563131faa09,ecobee4,US,CA,Murrieta City,33.573214,-117.191007,Yes,census.gov,Detached,2000,1,20,0,False,False,False,0,3B,10,POINT (-117.191007 33.573214),650076.0,Murrieta,25.0,6065,Riverside,6
968042194b2d0e83033a4f2277919b68f30c58dd,SmartSi,US,CA,San Jose City,37.296011,-121.814552,Yes,census.gov,Null,0,0,0,0,False,False,False,0,3C,4,POINT (-121.814552 37.296011),668000.0,San Jose,25.0,6085,Santa Clara,6
96990447ecc555873bfb4287ce160380b98b4fc7,ecobee3Lite,US,CA,Oakland City,37.769846,-122.22569,Yes,census.gov,Detached,2500,2,105,2,False,False,False,"2, 4",3C,3,POINT (-122.22569 37.769846),653000.0,Oakland,25.0,6001,Alameda,6
96ec01cf80c2c5ac8e6a78041c4ce52f7a6ee758,ecobee4,US,CA,Davis City,38.556147,-121.737793,Yes,census.gov,Detached,4000,2,10,5,False,False,False,"2, 4",3B,12,POINT (-121.737793 38.556147),618100.0,Davis,25.0,6113,Yolo,6
979cf9fb6816f7071e2dae929d521ab4787e3409,ecobee3,US,CA,Mission Viejo City,33.609335,-117.656471,Yes,census.gov,Detached,4000,2,15,4,False,False,False,"1, 2",3B,8,POINT (-117.656471 33.609335),648256.0,Mission Viejo,25.0,6059,Orange,6
97d1d4202a4496b6cd557492a4a5e26fb12dac68,ecobee4,US,CA,Chula Vista City,32.62767,-117.01517,Yes,census.gov,Detached,2500,2,20,3,False,False,False,"5, 10",3B,7,POINT (-117.01517 32.62767),613392.0,Chula Vista,25.0,6073,San Diego,6
97d3c4976e97d159f593d879046df25eff50f804,ecobee3Lite,US,CA,Orangevale CDP,38.689359,-121.223077,Yes,census.gov,Detached,1500,1,40,3,False,False,False,0,3B,12,POINT (-121.223077 38.689359),654092.0,Orangevale,57.0,6067,Sacramento,6
984bcc78d0aaa6658b2444db3ccdd0c1a3857e30,ecobee4,US,CA,Stockton City,37.976553,-121.308598,Yes,census.gov,Detached,1501,1,21,0,False,False,False,"1, 2",3B,12,POINT (-121.308598 37.976553),675000.0,Stockton,25.0,6077,San Joaquin,6
988bd1ceb2779f656584b18630a13d11bd120780,ecobee3,US,CA,Corona City,33.861969,-117.565495,Yes,census.gov,Detached,2000,2,20,0,False,False,False,"1, 2, 5",3B,10,POINT (-117.565495 33.861969),616350.0,Corona,25.0,6065,Riverside,6
98c6473dd33511d8ac9e9073374c117904e44ab8,SmartSi,US,CA,San Diego City,32.830391,-117.120923,Yes,census.gov,Detached,2000,1,40,2,False,False,False,0,3B,7,POINT (-117.120923 32.830391),666000.0,San Diego,25.0,6073,San Diego,6
9909c42c442a8e1e41947df730e831d8247a64f9,ecobee4,US,CA,Monterey City,36.601193,-121.88311,Yes,census.gov,Detached,3000,3,30,0,False,False,False,"3, 4, 5, 6",3C,3,POINT (-121.88311 36.601193),648872.0,Monterey,25.0,6053,Monterey,6
993f7ab8a47a5b2d4d08033760e1c65c947dab60,ecobee3Lite,US,CA,Pomona City,34.058494,-117.761091,Yes,census.gov,Null,2000,0,85,0,False,False,False,"2, 4",3B,9,POINT (-117.761091 34.058494),658072.0,Pomona,25.0,6037,Los Angeles,6
9962a7389965c34bd13dd9b34a7380ef8bb6229d,ecobee3,US,CA,Laguna Niguel City,33.528654,-117.701253,Yes,census.gov,Detached,4000,2,35,2,False,False,False,"2, 3, 4",3B,6,POINT (-117.701253 33.528654),639248.0,Laguna Niguel,25.0,6059,Orange,6
9990ef13ae151526b9ffd1727b51f3bb3c6dc48c,ESTWVC,US,CA,El Dorado Hills CDP,38.676082,-121.0477,Yes,census.gov,Null,0,0,0,0,True,False,False,"1, 2",4B,12,POINT (-121.0477 38.676082),621880.0,El Dorado Hills,57.0,6017,El Dorado,6
99db30dbdeb316740e1acbb63e19dd2eceb58530,ecobee3Lite,US,CA,San Diego City,32.830391,-117.120923,Yes,census.gov,Detached,3500,2,10,0,False,False,False,"1, 2, 4",3B,7,POINT (-117.120923 32.830391),666000.0,San Diego,25.0,6073,San Diego,6
9a29da44a20d81688e5a3a424a40e1e8c917124e,ecobee3Lite,US,CA,Oakland City,37.769846,-122.22569,Yes,census.gov,Detached,2500,2,50,0,False,False,False,0,3C,3,POINT (-122.22569 37.769846),653000.0,Oakland,25.0,6001,Alameda,6
9a795bb5cdbd2b897deae24a9c3e36b8074be639,ESTWVC,US,CA,Murrieta City,33.573214,-117.191007,Yes,census.gov,Apartment,2001,2,41,0,True,False,False,"1, 2",3B,10,POINT (-117.191007 33.573214),650076.0,Murrieta,25.0,6065,Riverside,6
9a8bc8537bab8002ab04e8ec5ffd08d46d19df00,ecobee3,US,CA,Simi Valley City,34.266887,-118.748458,Yes,census.gov,Semi-Detached,1980,2,36,0,True,False,False,"1, 2",3C,9,POINT (-118.748458 34.266887),672016.0,Simi Valley,25.0,6111,Ventura,6
9acb6655a963e59237c620b1db3e524c6d38cece,ESTWVC,US,CA,Lafayette City,37.891004,-122.119529,Yes,census.gov,Detached,4001,1,60,0,True,False,False,0,3B,12,POINT (-122.119529 37.891004),639122.0,Lafayette,25.0,6013,Contra Costa,6
9ad04890a13ef8cbed83753a965d0c0cf448c995,ecobee3,US,CA,Sebastopol City,38.400003,-122.827586,Yes,census.gov,Detached,2500,1,30,3,False,False,False,"5, 6, 7, 14",3C,2,POINT (-122.827586 38.400003),670770.0,Sebastopol,25.0,6097,Sonoma,6
9b15019a0bb1edc7e9b3d46e5b0635bc3ef1a8fe,ESTWVC,US,CA,Simi Valley City,34.266887,-118.748458,Yes,census.gov,Null,0,0,0,0,True,False,False,"1, 2, 4",3C,9,POINT (-118.748458 34.266887),672016.0,Simi Valley,25.0,6111,Ventura,6
9b4d0c022e1550e748eb90eb5a213356cb0863c6,ecobee4,US,CA,San Jose City,37.296011,-121.814552,Yes,census.gov,Row House,1500,1,40,0,False,False,False,"1, 2",3C,4,POINT (-121.814552 37.296011),668000.0,San Jose,25.0,6085,Santa Clara,6
9b5dfe7e9d96fd059e0486673686afe6c3785cc4,ecobee3,US,CA,Brawley City,32.978454,-115.528569,Yes,census.gov,Row House,1500,1,25,5,False,False,False,"1, 2",2B,15,POINT (-115.528569 32.978454),608058.0,Brawley,25.0,6025,Imperial,6
9b8deca061ae9960f5ba630b09607dd1be63039a,ecobee3Lite,US,CA,Penn Valley CDP,39.195297,-121.194153,Yes,census.gov,Row House,1501,1,1,0,True,False,False,"0, 1, 2",5B,11,POINT (-121.194153 39.195297),656518.0,Penn Valley,57.0,6057,Nevada,6
9bafba11685699cda162dd59fb3b30f0c3c40f1c,ecobee3,US,CA,Ladera Ranch CDP,33.549146,-117.641741,Yes,census.gov,Detached,2001,2,21,3,False,False,False,"1, 2",3B,8,POINT (-117.641741 33.549146),639114.0,Ladera Ranch,57.0,6059,Orange,6
9bf4a29db21755ef9466e5330b7ae1a721ff81a1,ecobee4,US,CA,San Ramon City,37.765258,-121.931987,Yes,census.gov,Detached,3500,2,20,2,False,False,False,"2, 4",3B,12,POINT (-121.931987 37.765258),668378.0,San Ramon,25.0,6013,Contra Costa,6
9bfb47b426b787dd48911b887faff6839802f59e,ecobee4,US,CA,Livermore City,37.686977,-121.759781,Yes,census.gov,Other,2000,1,30,4,False,False,False,"3, 6",3C,12,POINT (-121.759781 37.686977),641992.0,Livermore,25.0,6001,Alameda,6
9c4836fc8ff3a15e7c6267b1ce8df19ba50c19c7,ecobee3Lite,US,CA,Riverside City,33.938143,-117.393168,Yes,census.gov,Row House,1500,1,30,0,False,False,False,"4, 8",3B,10,POINT (-117.393168 33.938143),662000.0,Riverside,25.0,6065,Riverside,6
9c8c4645121a04428cf7cdad429e127608232ac5,ecobee3,US,CA,Lathrop City,37.808666,-121.317765,Yes,census.gov,Row House,3000,2,10,5,False,False,False,"3, 6",3B,12,POINT (-121.317765 37.808666),640704.0,Lathrop,25.0,6077,San Joaquin,6
9cc28e23c60a958a6784b865afa56cca25ecd53c,ecobee3,US,CA,Saratoga City,37.268326,-122.02622,Yes,census.gov,Other,1000,1,0,2,False,False,False,"3, 6",3C,4,POINT (-122.02622 37.268326),670280.0,Saratoga,25.0,6085,Santa Clara,6
9ce9d59e88749b0fa3d9f80ff98c392681a40de3,ecobee4,US,CA,Ramona CDP,33.045811,-116.877546,Yes,census.gov,Detached,3000,1,35,3,False,False,False,"5, 10",3B,10,POINT (-116.877546 33.045811),659346.0,Ramona,57.0,6073,San Diego,6
9da8f06350026fced64cfdf3957ca8e855898d5f,undefined,US,CA,Anaheim City,33.855502,-117.758657,Yes,census.gov,Detached,2500,3,2,2,True,False,True,"1, 3",3B,8,POINT (-117.758657 33.855502),602000.0,Anaheim,25.0,6059,Orange,6
9dc69e3a9088d0475fcc95d6ced4ef50b1c6e8c6,ecobee4,US,CA,Cathedral City,33.835487,-116.463103,Yes,census.gov,Detached,1000,3,50,0,False,False,False,"1, 2",3B,15,POINT (-116.463103 33.835487),612048.0,Cathedral City,25.0,6065,Riverside,6
9dde9a9646c454ff02364d4c75b0106a0f9ba15d,ESTWVC,US,CA,Valley Center CDP,33.232994,-117.015763,Yes,census.gov,Detached,5000,2,15,3,True,False,False,0,3B,10,POINT (-117.015763 33.232994),681736.0,Valley Center,57.0,6073,San Diego,6
9e002c22c694f84e92ff6c033f255739c37f4d5c,ecobee3Lite,US,CA,Fairfield City,38.261965,-122.032389,Yes,census.gov,Detached,2000,2,10,0,False,False,False,"0, 1, 2",3B,12,POINT (-122.032389 38.261965),623182.0,Fairfield,25.0,6095,Solano,6
9e67a7e6e5611aa7327cdce33b21df42b85d28e4,ecobee4,US,CA,San Jose City,37.296011,-121.814552,Yes,census.gov,Detached,2000,1,50,0,False,False,False,"0, 4, 8",3C,4,POINT (-121.814552 37.296011),668000.0,San Jose,25.0,6085,Santa Clara,6
9e6ad639be2b9f5bd7d30b2a6d5967e9f5431b6c,ecobee3Lite,US,CA,Glendale City,34.181393,-118.24583,Yes,census.gov,Row House,2000,1,70,0,False,False,False,"2, 4",3B,9,POINT (-118.24583 34.181393),630000.0,Glendale,25.0,6037,Los Angeles,6
9eb86416c468caf58c8c82874319ee2d4acd7960,SmartSi,US,CA,Fallbrook CDP,33.374235,-117.220375,Yes,census.gov,Detached,1500,1,25,1,False,False,False,0,3B,10,POINT (-117.220375 33.374235),623462.0,Fallbrook,57.0,6073,San Diego,6
9f0e7809bcbc83c588e8ea3738a77c4994ea83df,ecobee4,US,CA,Yreka City,41.724032,-122.63157,Yes,census.gov,Null,0,0,0,0,True,False,True,0,5B,16,POINT (-122.63157 41.724032),686944.0,Yreka,25.0,6093,Siskiyou,6
9f3be84b83effd6ef4eb46770e8b9120ecee6b5a,ecobee3,US,CA,Corona City,33.861969,-117.565495,Yes,census.gov,Detached,3000,2,5,0,False,False,False,"1, 2",3B,10,POINT (-117.565495 33.861969),616350.0,Corona,25.0,6065,Riverside,6
9f4401be9d43d644a095049db5a6bd4fc485fd36,ecobee4,US,CA,Cool,38.8857,-121.0088,Yes,google,Detached,2001,1,31,2,False,False,False,"1, 2",4B,12,POINT (-121.0088 38.8857),603205.0,Auburn Lake Trails,57.0,6017,El Dorado,6
9f8bce79ad12d7af22909e15eadde1a2ace081f9,ecobee3Lite,US,CA,Culver City,34.00582,-118.396781,Yes,census.gov,Null,0,0,0,0,False,False,False,0,3B,8,POINT (-118.396781 34.00582),617568.0,Culver City,25.0,6037,Los Angeles,6
9f91a9be471f461e9da81d7f45694808faad0c19,ESTWVC,US,CA,Fresno City,36.782684,-119.793359,Yes,census.gov,Null,0,0,0,0,True,False,False,0,3B,13,POINT (-119.793359 36.782684),627000.0,Fresno,25.0,6019,Fresno,6
9fcad22a4c1d8a1e562fe690650419b742fb3fa5,ecobee3Lite,US,CA,Roseville City,38.770296,-121.319634,Yes,census.gov,Row House,2500,2,25,3,False,False,False,0,3B,11,POINT (-121.319634 38.770296),662938.0,Roseville,25.0,6061,Placer,6
9fd9fb10230448ea58047929d006caeae9675f9f,ecobee4,US,CA,Truckee Town,39.350548,-120.193943,Yes,census.gov,Null,3000,2,20,0,False,False,False,"1, 2",5B,16,POINT (-120.193943 39.350548),680588.0,Truckee,43.0,6057,Nevada,6
9fddfd6ea7254d452c3e400a71cb1e08194d255f,ecobee4,US,CA,Cameron Park CDP,38.674029,-120.988338,Yes,census.gov,Detached,2000,1,37,0,False,False,True,"1, 2",4B,12,POINT (-120.988338 38.674029),610256.0,Cameron Park,57.0,6017,El Dorado,6
9ff8133fa15775b9f4146d1705d7feb97bef57bd,undefined,US,CA,San Diego City,32.830391,-117.120923,Yes,census.gov,Null,0,0,0,0,True,False,False,"1, 2",3B,7,POINT (-117.120923 32.830391),666000.0,San Diego,25.0,6073,San Diego,6
a049477b8a740b6737c02c608a4ff4a44f55e7bb,ecobee3,US,CA,Sonora City,37.981707,-120.382755,Yes,census.gov,Other,1500,1,65,0,False,False,False,"1, 2",4B,12,POINT (-120.382755 37.981707),672674.0,Sonora,25.0,6109,Tuolumne,6
a07d220c13ac6605ccf253f6acd1c7f21cd0514c,ecobee3Lite,US,CA,Temecula City,33.493073,-117.131734,Yes,census.gov,Detached,2500,2,20,2,True,False,False,0,3B,10,POINT (-117.131734 33.493073),678120.0,Temecula,25.0,6065,Riverside,6
a09abb54961569bbb4c5361f27e000538051c54e,ecobee3,US,CA,Albany City,37.89065,-122.318116,Yes,census.gov,Detached,1500,2,80,0,False,False,False,"3, 6",3C,3,POINT (-122.318116 37.89065),600674.0,Albany,25.0,6001,Alameda,6
a0aa0fd28c35281f3c8f33fe23765d3465eef2ea,ecobee4,US,CA,San Juan Capistrano City,33.500889,-117.654388,Yes,census.gov,Detached,3000,2,10,0,False,False,False,0,3B,6,POINT (-117.654388 33.500889),668028.0,San Juan Capistrano,25.0,6059,Orange,6
a0db7f35403171d1688ba621860a676f2f296fd7,ecobee4,US,CA,Portola Valley Town,37.365191,-122.232724,Yes,census.gov,Detached,3001,1,60,0,True,False,False,"3, 6",3C,3,POINT (-122.232724 37.365191),658380.0,Portola Valley,43.0,6081,San Mateo,6
a0eb3fa6cc4cb83cda2cb80ce0d21f4c2e3c04b7,ecobee3,US,CA,Fremont City,37.49446,-121.94115,Yes,census.gov,Detached,3500,2,5,4,False,False,False,"3, 6",3C,3,POINT (-121.94115 37.49446),626000.0,Fremont,25.0,6001,Alameda,6
a17093476ca1089115da9db9452463c9c756c15a,SmartSi,US,CA,Wilseyville CDP,38.376483,-120.486844,Yes,census.gov,Detached,3500,2,5,2,False,False,True,0,4B,12,POINT (-120.486844 38.376483),685810.0,Wilseyville,57.0,6009,Calaveras,6
a18b1176023c930b2e5d1011f4f01a7e505992e6,ecobee3Lite,US,CA,San Diego City,32.830391,-117.120923,Yes,census.gov,Condominium,1500,1,40,0,False,False,True,0,3B,7,POINT (-117.120923 32.830391),666000.0,San Diego,25.0,6073,San Diego,6
a200d36c67a733b33a3e685514d405d9a1bf2df5,ecobee3Lite,US,CA,Garden Grove City,33.778782,-117.960472,Yes,census.gov,Condominium,1000,1,35,2,False,False,False,"1, 2",3B,8,POINT (-117.960472 33.778782),629000.0,Garden Grove,25.0,6059,Orange,6
a23ed80e8c3e94d3f43957366c085e8321216802,ESTWVC,US,CA,Sonora City,37.981707,-120.382755,Yes,census.gov,Detached,2001,2,10,0,True,False,False,"1, 2",4B,12,POINT (-120.382755 37.981707),672674.0,Sonora,25.0,6109,Tuolumne,6
a24533bbc84853326d5c008ea109342f275de636,SmartSi,US,CA,San Clemente City,33.449143,-117.61312,Yes,census.gov,Detached,3000,2,15,4,False,False,False,0,3B,6,POINT (-117.61312 33.449143),665084.0,San Clemente,25.0,6059,Orange,6
a26070f27af27f46aecc679a76ebf02cff239f87,ecobee4,US,CA,Colfax City,39.093799,-120.953222,Yes,census.gov,Null,0,0,0,0,False,False,False,0,3B,11,POINT (-120.953222 39.093799),614498.0,Colfax,25.0,6061,Placer,6
a28e59a633c19a268efdd335a33a4f1fcdfbd8d6,ESTWVC,US,CA,Diamond Bar City,34.001573,-117.817601,Yes,census.gov,Detached,1501,1,41,0,True,False,False,"1, 2",3B,9,POINT (-117.817601 34.001573),619192.0,Diamond Bar,25.0,6037,Los Angeles,6
a2e843e4696195347de6aef7d55725b06d885f53,ecobee3Lite,US,CA,Oceanside City,33.224601,-117.306291,Yes,census.gov,Detached,2000,1,10,0,False,False,False,0,3B,7,POINT (-117.306291 33.224601),653322.0,Oceanside,25.0,6073,San Diego,6
a30fcbfce8436719613de3bd3f80a1e641dfd6cb,ecobee3Lite,US,CA,Riverside City,33.938143,-117.393168,Yes,census.gov,Other,1500,1,30,5,True,False,False,0,3B,10,POINT (-117.393168 33.938143),662000.0,Riverside,25.0,6065,Riverside,6
a36ca895d38d1792cf36c8fd00baaafd77f592d2,ecobee3,US,CA,Corona City,33.861969,-117.565495,Yes,census.gov,Other,3000,2,20,2,False,False,False,"4, 8",3B,10,POINT (-117.565495 33.861969),616350.0,Corona,25.0,6065,Riverside,6
a39d017f141e8ba82efd3e72dd33db00605676ec,ecobee3Lite,US,CA,Lompoc City,34.662689,-120.470837,Yes,census.gov,Detached,2500,1,15,7,False,False,False,0,3C,5,POINT (-120.470837 34.662689),642524.0,Lompoc,25.0,6083,Santa Barbara,6
a3cce5ddb12dfbcf686cefbc1d6af7d932e1ffe2,ecobee3,US,CA,Simi Valley City,34.266887,-118.748458,Yes,census.gov,Detached,0,2,55,0,False,False,False,"2, 3, 6",3C,9,POINT (-118.748458 34.266887),672016.0,Simi Valley,25.0,6111,Ventura,6
a45ff91685e978ef7e52a88e0efe99bc6acbf1c6,ecobee3,US,CA,Mammoth Lakes Town,37.624435,-118.988432,Yes,census.gov,Townhouse,2500,2,20,2,False,False,False,"1, 2",6B,16,POINT (-118.988432 37.624435),645358.0,Mammoth Lakes,43.0,6051,Mono,6
a474f43ea58cb21cbd7ff0bc321fbf31820f0f75,ecobee4,US,CA,Lake Elsinore City,33.685956,-117.335404,Yes,census.gov,Detached,3500,2,25,6,True,False,False,"2, 4",3B,10,POINT (-117.335404 33.685956),639486.0,Lake Elsinore,25.0,6065,Riverside,6
a4996ec22d10509c7d29da9157a72b5655cbf210,ecobee3Lite,US,CA,Folsom City,38.666597,-121.141635,Yes,census.gov,Detached,1500,1,20,2,False,False,False,"2, 4",3B,12,POINT (-121.141635 38.666597),624638.0,Folsom,25.0,6067,Sacramento,6
a4c8c17a6b0b6a16b7744e9da91059326fc03da2,ecobee3Lite,US,CA,San Diego City,32.830391,-117.120923,Yes,census.gov,Townhouse,2000,2,20,3,False,False,False,"2, 4",3B,7,POINT (-117.120923 32.830391),666000.0,San Diego,25.0,6073,San Diego,6
a4ff9d1571bc11d60e414f518672d99f68fa9fdf,ecobee3,US,CA,Rancho Mirage City,33.763838,-116.430388,Yes,census.gov,Detached,3500,1,15,2,False,False,False,"2, 4",3B,15,POINT (-116.430388 33.763838),659500.0,Rancho Mirage,25.0,6065,Riverside,6
a51f1a8c7fb06e35447daaa00305fa46b83d2819,ESTWVC,US,CA,Plumas Lake CDP,38.979131,-121.558056,Yes,census.gov,Null,0,0,0,0,True,False,False,"1, 3",3B,11,POINT (-121.558056 38.979131),657829.0,Plumas Lake,57.0,6115,Yuba,6
a5587afbeee48cbdd62ae4de766ff2c1114df4c6,ecobee4,US,CA,Corona City,33.861969,-117.565495,Yes,census.gov,Detached,2500,2,20,0,False,False,False,"1, 2, 3",3B,10,POINT (-117.565495 33.861969),616350.0,Corona,25.0,6065,Riverside,6
a602b3c0eb2347fc31907e863c35a62ab2bca6d2,ecobee3Lite,US,CA,El Dorado Hills CDP,38.676082,-121.0477,Yes,census.gov,Detached,3000,2,20,5,True,False,False,"0, 1",4B,12,POINT (-121.0477 38.676082),621880.0,El Dorado Hills,57.0,6017,El Dorado,6
a60b385aca8127a30e82dc673f4695ab238b6eca,ESTWVC,US,CA,Imperial City,32.838801,-115.572012,Yes,census.gov,Detached,1500,1,120,3,True,False,False,1,2B,15,POINT (-115.572012 32.838801),636280.0,Imperial,25.0,6025,Imperial,6
a619cabe774b080fdab59d6a07962fadcdb96eb9,ESTWVC,US,CA,Grass Valley City,39.220305,-121.052654,Yes,census.gov,Apartment,500,1,1,0,True,False,False,0,5B,11,POINT (-121.052654 39.220305),630798.0,Grass Valley,25.0,6057,Nevada,6
a624d047616ac8a0652e466cf386682b958e32ac,ESTWVC,US,CA,Riverside City,33.938143,-117.393168,Yes,census.gov,Detached,3000,2,19,0,True,False,False,0,3B,10,POINT (-117.393168 33.938143),662000.0,Riverside,25.0,6065,Riverside,6
a62ff7aeece24c9abd233caf1635d39cd106de9d,ESTWVC,US,CA,San Diego City,32.830391,-117.120923,Yes,census.gov,Detached,3501,3,39,0,True,False,False,"7, 14",3B,7,POINT (-117.120923 32.830391),666000.0,San Diego,25.0,6073,San Diego,6
a64ad0561a9b328bc716e8314e29cd96c6588dd3,ecobee3Lite,US,CA,Orange City,33.786971,-117.861265,Yes,census.gov,Other,2001,2,31,0,False,False,False,"1, 2",3B,8,POINT (-117.861265 33.786971),653980.0,Orange,25.0,6059,Orange,6
a67d1575bd4d81a9bf53c85ff74e27497ea1b1ce,ecobee3Lite,US,CA,Fairfield City,38.261965,-122.032389,Yes,census.gov,Detached,2000,2,10,0,False,False,False,"3, 6",3B,12,POINT (-122.032389 38.261965),623182.0,Fairfield,25.0,6095,Solano,6
a6d14f277378cc35c4e86cfca809d526e67a683d,ecobee3Lite,US,CA,Long Beach City,33.780791,-118.16818,Yes,census.gov,Other,1500,1,75,4,False,False,False,0,3B,6,POINT (-118.16818 33.780791),643000.0,Long Beach,25.0,6037,Los Angeles,6
a6db60aedf5786d836bb724f73fa444455695a6a,undefined,US,CA,Norco City,33.925519,-117.551958,Yes,census.gov,Detached,4001,2,22,0,True,False,False,"5, 10",3B,10,POINT (-117.551958 33.925519),651560.0,Norco,25.0,6065,Riverside,6
a71de364582c7d62e3e76f7542f69e1b8822fabe,ESTWVC,US,CA,Laguna Niguel City,33.528654,-117.701253,Yes,census.gov,Detached,2501,3,41,0,True,False,False,"1, 2",3B,6,POINT (-117.701253 33.528654),639248.0,Laguna Niguel,25.0,6059,Orange,6
a72468fe9ed8e304ad742e2d95734e5a2920ca15,ecobee3Lite,US,CA,Half Moon Bay City,37.467319,-122.440485,Yes,census.gov,Townhouse,1500,3,25,2,False,False,False,"0, 4, 8",3C,3,POINT (-122.440485 37.467319),631708.0,Half Moon Bay,25.0,6081,San Mateo,6
a78468e3d69fcbff4644eceb794a8ba131efdbb6,undefined,US,CA,Grass Valley City,39.220305,-121.052654,Yes,census.gov,Detached,1501,1,3,0,True,False,False,0,5B,11,POINT (-121.052654 39.220305),630798.0,Grass Valley,25.0,6057,Nevada,6
a78dc94e0687a5429d6652bb1ee987d9b1ad6db0,ecobee3Lite,US,CA,Cupertino City,37.3194,-122.044957,Yes,census.gov,Detached,4000,1,15,0,False,False,False,0,3C,4,POINT (-122.044957 37.3194),617610.0,Cupertino,25.0,6085,Santa Clara,6
a80c2dcc0448cf85c7df8bbf40582f62168efeee,SmartSi,US,CA,Spring Valley CDP,39.076053,-122.584512,Yes,census.gov,Other,3500,2,10,0,False,False,False,0,4B,2,POINT (-122.584512 39.076053),673690.0,Spring Valley,57.0,6033,Lake,6
a83abac326cebedb7021d5b2792b52687c239b51,ecobee3Lite,US,CA,Mammoth Lakes Town,37.624435,-118.988432,Yes,census.gov,Condominium,1500,2,45,0,False,False,False,0,6B,16,POINT (-118.988432 37.624435),645358.0,Mammoth Lakes,43.0,6051,Mono,6
a8638ee34dc45413a03277bbfe85c3aefde4f4de,ecobee3Lite,US,CA,Los Angeles City,34.019394,-118.410825,Yes,census.gov,Condominium,1500,2,30,0,False,False,False,"1, 2",3B,8,POINT (-118.410825 34.019394),644000.0,Los Angeles,25.0,6037,Los Angeles,6
a8724b3d82c3e6639d5cfe032cf30cd647283da4,ecobee3Lite,US,CA,San Francisco City,37.727239,-123.032229,Yes,census.gov,Condominium,1580,2,0,0,False,False,False,0,3C,3,POINT (-123.032229 37.727239),667000.0,San Francisco,25.0,6075,San Francisco,6
a87d609ccb2b3d5330569e3056bb0cb95a04f275,ecobee4,US,CA,Oceanside City,33.224601,-117.306291,Yes,census.gov,Detached,2500,2,10,0,False,False,False,"2, 4",3B,7,POINT (-117.306291 33.224601),653322.0,Oceanside,25.0,6073,San Diego,6
a894eb749525d2e988363b2386fe58e69081098a,ecobee3Lite,US,CA,Imperial City,32.838801,-115.572012,Yes,census.gov,Null,0,0,0,0,True,False,False,"1, 2",2B,15,POINT (-115.572012 32.838801),636280.0,Imperial,25.0,6025,Imperial,6
a89e3b20e567e1305c1440c5f31b2e2fd00096da,ESTWVC,US,CA,Poway City,32.987677,-117.021814,Yes,census.gov,Detached,1501,1,40,0,True,False,False,"1, 2",3B,10,POINT (-117.021814 32.987677),658520.0,Poway,25.0,6073,San Diego,6
a8cf98a185d08cd17a3d98c98e1a8ad49e3110ac,ecobee3Lite,US,CA,Atascadero City,35.485718,-120.687942,Yes,census.gov,Null,0,0,0,0,True,False,False,0,3C,4,POINT (-120.687942 35.485718),603064.0,Atascadero,25.0,6079,San Luis Obispo,6
a950bfc5140dcd1e846c2c47592bd8fb71169fa8,undefined,US,CA,Moorpark City,34.285942,-118.87704,Yes,census.gov,Detached,"1501, 2000",2,42,0,True,False,False,"1, 2",3C,9,POINT (-118.87704 34.285942),649138.0,Moorpark,25.0,6111,Ventura,6
a95fab11b5c1b7bc7b4a3201a551ee6eb22a3983,ecobee3,US,CA,Corte Madera Town,37.931846,-122.507738,Yes,census.gov,Detached,1500,1,65,2,False,False,False,"1, 2",3C,2,POINT (-122.507738 37.931846),616462.0,Corte Madera,43.0,6041,Marin,6
a96b67995bcd995d30b7222121dca3c63b787281,ecobee4,US,CA,Pleasanton City,37.667185,-121.88123,Yes,census.gov,Multi-plex,1500,2,47,0,True,False,False,"0, 1, 2",3C,12,POINT (-121.88123 37.667185),657792.0,Pleasanton,25.0,6001,Alameda,6
a96ca55ce372483a4228c827652924f4ae3c93ba,ecobee3Lite,US,CA,San Gabriel City,34.094636,-118.098469,Yes,census.gov,Detached,2500,2,10,0,False,False,False,0,3B,9,POINT (-118.098469 34.094636),667042.0,San Gabriel,25.0,6037,Los Angeles,6
a975d198f68f7d9e3a2b5940e42661957fe9b867,ecobee3Lite,US,CA,Rancho Palos Verdes City,33.738517,-118.369685,Yes,census.gov,Detached,3500,2,40,4,False,False,False,0,3B,6,POINT (-118.369685 33.738517),659514.0,Rancho Palos Verdes,25.0,6037,Los Angeles,6
a9861a2d98acda252d13433e2a8bf40fa961ca1f,ecobee4,US,CA,Grass Valley City,39.220305,-121.052654,Yes,census.gov,Detached,3500,2,15,2,True,False,False,"1, 2",5B,11,POINT (-121.052654 39.220305),630798.0,Grass Valley,25.0,6057,Nevada,6
a9c6dddfa91434df4ccad7a5e58f24e348677e1c,ecobee4,US,CA,Ladera Ranch CDP,33.549146,-117.641741,Yes,census.gov,Detached,4500,2,10,0,False,False,False,0,3B,8,POINT (-117.641741 33.549146),639114.0,Ladera Ranch,57.0,6059,Orange,6
a9d692015c245c7e8a7e29188c77b82849bfafa8,undefined,US,CA,Truckee Town,39.350548,-120.193943,Yes,census.gov,Detached,500,1,120,1,True,False,False,0,5B,16,POINT (-120.193943 39.350548),680588.0,Truckee,43.0,6057,Nevada,6
a9dc50045375850db7da0d9a5c7a22eedf2c3cdd,SmartSi,US,CA,San Diego City,32.830391,-117.120923,Yes,census.gov,Detached,3000,2,25,0,False,False,False,0,3B,7,POINT (-117.120923 32.830391),666000.0,San Diego,25.0,6073,San Diego,6
a9dd9d8b2b862884d329096b0a352c8c68655f86,undefined,US,CA,Walnut Creek City,37.902666,-122.040479,Yes,census.gov,Detached,1501,2,12,0,True,False,False,"0, 1, 2",3B,12,POINT (-122.040479 37.902666),683346.0,Walnut Creek,25.0,6013,Contra Costa,6
aa04cfb07749c1e77dabc6b3a4e179f5a70d7ed0,undefined,US,CA,Santa Rosa City,38.445824,-122.706181,Yes,census.gov,Other,1001,1,72,0,True,False,False,2,3C,2,POINT (-122.706181 38.445824),670098.0,Santa Rosa,25.0,6097,Sonoma,6
aa1ab8a409b8e4117d66649b722c9e47c87fe9cd,ESTWVC,US,CA,San Jose City,37.296011,-121.814552,Yes,census.gov,Detached,1001,1,49,0,True,False,False,"1, 2",3C,4,POINT (-121.814552 37.296011),668000.0,San Jose,25.0,6085,Santa Clara,6
aa54ff5b0f56156d429e51ce2d4af46004e26874,ecobee3,US,CA,Belmont City,37.514398,-122.294475,Yes,census.gov,Detached,2500,3,45,4,False,False,False,"1, 2",3C,3,POINT (-122.294475 37.514398),605108.0,Belmont,25.0,6081,San Mateo,6
aa748b69886e24bde60206d013813d537fd96dfd,ecobee3,US,CA,San Jose City,37.296011,-121.814552,Yes,census.gov,Detached,1500,1,70,4,False,False,False,"1, 2",3C,4,POINT (-121.814552 37.296011),668000.0,San Jose,25.0,6085,Santa Clara,6
aaa6480af8b7d729d58d808a0e9e9593d6859a88,ecobee4,US,CA,Rancho Dominguez CDP,33.894841,-118.195586,Yes,census.gov,Detached,1500,1,35,3,False,False,False,"1, 2",3B,8,POINT (-118.195586 33.894841),621034.0,East Rancho Dominguez,57.0,6037,Los Angeles,6
ab2a42ec6100aef13886254304ac7074c3e3cc5b,ecobee4,US,CA,Heber CDP,32.732494,-115.529398,Yes,census.gov,Detached,2000,1,10,0,False,False,False,"3, 6",2B,15,POINT (-115.529398 32.732494),633084.0,Heber,57.0,6025,Imperial,6
ab3a9cb01731c2239b2f4f515584d351393a27c6,ecobee3Lite,US,CA,Culver City,34.00582,-118.396781,Yes,census.gov,Null,0,0,0,0,False,False,False,0,3B,8,POINT (-118.396781 34.00582),617568.0,Culver City,25.0,6037,Los Angeles,6
ab5bcb20ec3eff73ad7527c8223f93fb994869b5,ecobee3Lite,US,CA,Elk Grove City,38.414621,-121.384961,Yes,census.gov,Other,2500,2,20,5,False,False,False,"2, 4, 5",3B,12,POINT (-121.384961 38.414621),622020.0,Elk Grove,25.0,6067,Sacramento,6
ac6861b63f0fc66bbaf09856aaf9a8d89be4340d,ecobee4,US,CA,West Hills,34.2032325,-118.645476,Yes,photon,Row House,2500,2,50,1,False,False,False,"4, 8",3B,9,POINT (-118.645476 34.2032325),644000.0,Los Angeles,25.0,6037,Los Angeles,6
acbc34117b52c4b338a71f1639e4af68ff9ae53d,ecobee4,US,CA,Folsom City,38.666597,-121.141635,Yes,census.gov,Detached,3000,2,10,0,False,False,False,"2, 4",3B,12,POINT (-121.141635 38.666597),624638.0,Folsom,25.0,6067,Sacramento,6
acef4dc71dd8bd8b994f47471aca33ab72237f7f,ecobee3,US,CA,Stockton City,37.976553,-121.308598,Yes,census.gov,Detached,0,1,0,0,False,False,False,"1, 2",3B,12,POINT (-121.308598 37.976553),675000.0,Stockton,25.0,6077,San Joaquin,6
ad52bdb3e485c0907fc8b8ed74cea25ed5784a91,ecobee3,US,CA,Cameron Park CDP,38.674029,-120.988338,Yes,census.gov,Detached,3500,2,35,4,False,False,True,"11, 22",4B,12,POINT (-120.988338 38.674029),610256.0,Cameron Park,57.0,6017,El Dorado,6
ad675ba5d2eb4ea9c497abb4f9452e33b88c58d2,ecobee3,US,CA,Paso Robles,35.6262618,-120.6901319,Yes,photon,Detached,1001,2,29,0,True,False,False,5,3C,4,POINT (-120.6901319 35.6262618),622300.0,El Paso de Robles (Paso Robles),25.0,6079,San Luis Obispo,6
ad7386bbbceaeffd45c28a3df91cac44f6f7f4bb,ecobee3Lite,US,CA,Folsom City,38.666597,-121.141635,Yes,census.gov,Detached,2500,2,20,0,False,False,False,0,3B,12,POINT (-121.141635 38.666597),624638.0,Folsom,25.0,6067,Sacramento,6
ad7c40404122a13fa4b8774d47d02f2315e36c68,ecobee3,US,CA,Laguna Hills City,33.591216,-117.697621,Yes,census.gov,Detached,2500,2,35,4,True,False,True,"3, 4, 6",3B,6,POINT (-117.697621 33.591216),639220.0,Laguna Hills,25.0,6059,Orange,6
ad7e486c2f8da3fdcd911d718f64c5c76870141f,SmartSi,US,CA,Wilseyville CDP,38.376483,-120.486844,Yes,census.gov,Detached,3500,2,5,2,False,False,True,0,4B,12,POINT (-120.486844 38.376483),685810.0,Wilseyville,57.0,6009,Calaveras,6
adf8918ebd3248f0a9ab9c5f818adf486632553b,undefined,US,CA,El Portal CDP,37.673241,-119.787716,Yes,census.gov,Detached,2000,2,120,2,True,False,False,1,4B,16,POINT (-119.787716 37.673241),622328.0,El Portal,57.0,6043,Mariposa,6
ae1820db0252c83bbf0406ccf108f725b7b3cba9,ecobee3Lite,US,CA,Folsom City,38.666597,-121.141635,Yes,census.gov,Detached,3500,2,5,4,False,False,False,0,3B,12,POINT (-121.141635 38.666597),624638.0,Folsom,25.0,6067,Sacramento,6
ae2466b1dd4baecce62292302037b8bb41912a8a,ESTWVC,US,CA,Agoura Hills City,34.148942,-118.76393,Yes,census.gov,Detached,2501,2,39,0,True,False,False,"3, 6",3B,9,POINT (-118.76393 34.148942),600394.0,Agoura Hills,25.0,6037,Los Angeles,6
ae512104e97dd0c251c60d820b833654f0accb76,ecobee3Lite,US,CA,Nevada City,39.259608,-121.033326,Yes,census.gov,Null,3000,1,15,2,False,False,False,0,5B,11,POINT (-121.033326 39.259608),650874.0,Nevada City,25.0,6057,Nevada,6
aea0a530d3b9b6b9ccd4983359bb520a8cb7c529,ecobee3Lite,US,CA,Lincoln City,38.874464,-121.292886,Yes,census.gov,Detached,2000,1,10,0,False,False,False,0,3B,11,POINT (-121.292886 38.874464),641474.0,Lincoln,25.0,6061,Placer,6
aeb3d7891946bf1ed6332fdd42bb222aa3faf8bb,ESTWVC,US,CA,Santa Ana City,33.736332,-117.8829,Yes,census.gov,Apartment,501,1,50,0,True,False,False,"1, 2",3B,8,POINT (-117.8829 33.736332),669000.0,Santa Ana,25.0,6059,Orange,6
aeffdce58a83fdf4842e68f9c5345c13b0e3eb8b,ecobee3Lite,US,CA,San Jose City,37.296011,-121.814552,Yes,census.gov,Other,3000,2,45,0,True,False,False,"2, 4",3C,4,POINT (-121.814552 37.296011),668000.0,San Jose,25.0,6085,Santa Clara,6
af1a30c0423170442c031cbeab45100e5e5ba687,ecobee3,US,CA,Brea City,33.925178,-117.865111,Yes,census.gov,Detached,2500,2,5,3,False,False,False,"1, 2",3B,8,POINT (-117.865111 33.925178),608100.0,Brea,25.0,6059,Orange,6
af290aec86270c8773381d4825d80c2c4c8cca17,ecobee3,US,CA,Tustin City,33.730927,-117.810596,Yes,census.gov,Condominium,2000,3,15,3,False,False,False,"3, 6",3B,8,POINT (-117.810596 33.730927),680854.0,Tustin,25.0,6059,Orange,6
af363e4e776b1deb0b37aa6dfe9e7264769d054a,ecobee3Lite,US,CA,Wildomar City,33.617278,-117.258312,Yes,census.gov,Row House,2000,2,25,5,False,False,False,"6, 7, 14",3B,10,POINT (-117.258312 33.617278),685446.0,Wildomar,25.0,6065,Riverside,6
af39f5664cccd153ec3ec26e162fd486b101010a,ecobee3,US,CA,El Dorado Hills CDP,38.676082,-121.0477,Yes,census.gov,Detached,2500,2,5,2,False,False,False,"1, 2",4B,12,POINT (-121.0477 38.676082),621880.0,El Dorado Hills,57.0,6017,El Dorado,6
af5e1e5fd9283edf6f0ce387c591119fe5d4beff,undefined,US,CA,El Centro City,32.786351,-115.560206,Yes,census.gov,Detached,2500,1,120,2,True,False,False,0,2B,15,POINT (-115.560206 32.786351),621782.0,El Centro,25.0,6025,Imperial,6
af9272e4b8ac666cb6c3d2c069fbdce45ac1bdbc,ecobee3Lite,US,CA,Sacramento City,38.567694,-121.468161,Yes,census.gov,Detached,2000,2,10,2,False,False,False,0,3B,12,POINT (-121.468161 38.567694),664000.0,Sacramento,25.0,6067,Sacramento,6
afa726b91cd561f4b8186c28f980eb2d8e791acc,ecobee3Lite,US,CA,El Centro City,32.786351,-115.560206,Yes,census.gov,Townhouse,1500,1,60,3,True,False,True,"1, 2",2B,15,POINT (-115.560206 32.786351),621782.0,El Centro,25.0,6025,Imperial,6
afbb4f617f7c921d923cb6946a41c0d7380dd1f5,SmartSi,US,CA,Coto De Caza CD,33.597037,-117.586484,Yes,census.gov,Null,0,0,0,0,False,False,False,0,3B,8,POINT (-117.586484 33.597037),616580.0,Coto de Caza,57.0,6059,Orange,6
b0002eac647ae1601719751c4d46088f788372b9,ecobee4,US,CA,Mountain View CDP,38.009205,-122.11685,Yes,census.gov,Townhouse,501,2,29,0,True,False,False,"3, 6",3B,12,POINT (-122.11685 38.009205),649651.0,Mountain View,57.0,6013,Contra Costa,6
b0538d5f8dfca16bf51755701bf95d4e166c6383,undefined,US,CA,Sacramento City,38.567694,-121.468161,Yes,census.gov,Detached,2001,2,92,0,True,False,False,"0, 1",3B,12,POINT (-121.468161 38.567694),664000.0,Sacramento,25.0,6067,Sacramento,6
b068d1fd57a8ec4184dd0774a4f55f5c3344a4aa,ecobee4,US,CA,Truckee Town,39.350548,-120.193943,Yes,census.gov,Detached,3500,1,30,0,False,False,False,"1, 2",5B,16,POINT (-120.193943 39.350548),680588.0,Truckee,43.0,6057,Nevada,6
b0ac7a65e8a4c2692913e796453d449f653e9b46,ESTWVC,US,CA,South El Monte City,34.050377,-118.048384,Yes,census.gov,Townhouse,2000,3,10,2,True,False,False,0,3B,9,POINT (-118.048384 34.050377),672996.0,South El Monte,25.0,6037,Los Angeles,6
b0d2d1a6a54e8b00e73ea4c51e1ce3f562c5a668,ecobee3Lite,US,CA,Fremont City,37.49446,-121.94115,Yes,census.gov,Detached,2000,1,40,4,False,False,False,0,3C,3,POINT (-121.94115 37.49446),626000.0,Fremont,25.0,6001,Alameda,6
b10fb8ae101b67ca7589325e8f2948910ccf49bb,ESTWVC,US,CA,West Hollywood City,34.088268,-118.371831,Yes,census.gov,Apartment,1500,1,50,2,True,False,True,"2, 3, 4",3B,9,POINT (-118.371831 34.088268),684410.0,West Hollywood,25.0,6037,Los Angeles,6
b12b6d36d358a186d87cdee3cc2588bd230ed418,ecobee3Lite,US,CA,Pleasanton City,37.667185,-121.88123,Yes,census.gov,Detached,4000,1,20,0,False,False,False,"2, 4",3C,12,POINT (-121.88123 37.667185),657792.0,Pleasanton,25.0,6001,Alameda,6
b147da1eee8329d6b4b5f8edf47e62e2d3fbff55,ecobee4,US,CA,San Diego City,32.830391,-117.120923,Yes,census.gov,Detached,1500,1,47,0,True,False,False,"1, 2",3B,7,POINT (-117.120923 32.830391),666000.0,San Diego,25.0,6073,San Diego,6
b152c5f968c484bff95ba344854873e85a3969a8,undefined,US,CA,Hemet City,33.734068,-116.996808,Yes,census.gov,Null,0,0,0,0,True,False,False,1,3B,10,POINT (-116.996808 33.734068),633182.0,Hemet,25.0,6065,Riverside,6
b1639f6131b8ea5a042e403fb9605c59e8bd7269,undefined,US,CA,San Jose City,37.296011,-121.814552,Yes,census.gov,Detached,1001,1,2,0,False,False,True,0,3C,4,POINT (-121.814552 37.296011),668000.0,San Jose,25.0,6085,Santa Clara,6
b168cad1078aa7066c0a377d6a6dc0289babcdd8,ecobee3Lite,US,CA,Escondido City,33.133053,-117.074043,Yes,census.gov,Detached,2000,2,10,0,True,False,False,"0, 2, 4",3B,10,POINT (-117.074043 33.133053),622804.0,Escondido,25.0,6073,San Diego,6
b16998c0c7278d891ba69e39dae9fb8ab9653747,undefined,US,CA,Carmichael CDP,38.630812,-121.325636,Yes,census.gov,Detached,2500,1,32,2,True,False,False,1,3B,12,POINT (-121.325636 38.630812),611390.0,Carmichael,57.0,6067,Sacramento,6
b16ecc9837b442cd7c2fa98e55270056ef53e0b6,ecobee4,US,CA,Mammoth Lakes Town,37.624435,-118.988432,Yes,census.gov,Detached,3001,2,21,0,True,False,False,"2, 4",6B,16,POINT (-118.988432 37.624435),645358.0,Mammoth Lakes,43.0,6051,Mono,6
b1a12bd377818abc60a7e40364fbaa0fa478c566,ecobee4,US,CA,Oakley City,37.996149,-121.693624,Yes,census.gov,Null,3000,2,10,0,True,False,False,"0, 1, 2",3B,12,POINT (-121.693624 37.996149),653070.0,Oakley,25.0,6013,Contra Costa,6
b1b643bd96ac34eb136b4b025f30eea36ff05434,ecobee4,US,CA,Riverside City,33.938143,-117.393168,Yes,census.gov,Detached,1500,1,90,0,False,False,False,"1, 2",3B,10,POINT (-117.393168 33.938143),662000.0,Riverside,25.0,6065,Riverside,6
b1d16d242cfdeeebf21dfd36da0249fadf276228,undefined,US,CA,Laguna Niguel City,33.528654,-117.701253,Yes,census.gov,Detached,3000,2,120,4,True,False,False,6,3B,6,POINT (-117.701253 33.528654),639248.0,Laguna Niguel,25.0,6059,Orange,6
b2f33671288890b0d95a13ab4022a656d5d0bdb1,ecobee4,US,CA,Antelope CDP,38.71533,-121.360962,Yes,census.gov,Other,2001,2,20,6,False,False,False,0,3B,12,POINT (-121.360962 38.71533),602210.0,Antelope,57.0,6067,Sacramento,6
b30196c8d4ec78ac46b89b5b06e18968830bffbf,ecobee4,US,CA,Los Angeles City,34.019394,-118.410825,Yes,census.gov,Detached,2500,2,100,0,False,False,False,0,3B,8,POINT (-118.410825 34.019394),644000.0,Los Angeles,25.0,6037,Los Angeles,6
b327845d353955dcf67d86173ed0071ec87e0f8b,undefined,US,CA,Stockton City,37.976553,-121.308598,Yes,census.gov,Detached,500,1,120,4,True,False,False,"0, 1",3B,12,POINT (-121.308598 37.976553),675000.0,Stockton,25.0,6077,San Joaquin,6
b327964092518d814193ecc748b0c62ee8b70afd,undefined,US,CA,Garden Grove City,33.778782,-117.960472,Yes,census.gov,Null,0,0,0,0,True,False,False,"0, 1",3B,8,POINT (-117.960472 33.778782),629000.0,Garden Grove,25.0,6059,Orange,6
b3692b28c4fccea1e8acdf5aae989cbe65f65345,ecobee3Lite,US,CA,Alpine CDP,32.842487,-116.755911,Yes,census.gov,Detached,1500,1,20,0,False,False,False,0,3B,10,POINT (-116.755911 32.842487),601192.0,Alpine,57.0,6073,San Diego,6
b390fbdc2863f0da70fcfafffb2d4a4a8d2c126e,undefined,US,CA,San Diego City,32.830391,-117.120923,Yes,census.gov,Detached,1001,1,52,0,True,False,False,2,3B,7,POINT (-117.120923 32.830391),666000.0,San Diego,25.0,6073,San Diego,6
b39ee5df452326cf86239abe987ed9c0f8384e5e,ecobee4,US,CA,Cupertino City,37.3194,-122.044957,Yes,census.gov,Detached,2000,1,17,0,False,False,False,0,3C,4,POINT (-122.044957 37.3194),617610.0,Cupertino,25.0,6085,Santa Clara,6
b3a11838784f26250b7f6422d705be3a6c2fe955,ecobee4,US,CA,Fontana City,34.109686,-117.462888,Yes,census.gov,Row House,2500,2,0,0,False,False,False,0,3B,10,POINT (-117.462888 34.109686),624680.0,Fontana,25.0,6071,San Bernardino,6
b3a737d903fa32159222076691cc13d845117d22,ESTWVC,US,CA,Fresno City,36.782684,-119.793359,Yes,census.gov,Detached,8000,2,31,3,True,False,False,"2, 4",3B,13,POINT (-119.793359 36.782684),627000.0,Fresno,25.0,6019,Fresno,6
b3afd9a9d77e8059ac04e446ff8d07586630d736,ecobee3,US,CA,Gardena City,33.894417,-118.307522,Yes,census.gov,Detached,1500,1,90,2,False,False,False,"5, 10",3B,8,POINT (-118.307522 33.894417),628168.0,Gardena,25.0,6037,Los Angeles,6
b3b7b7f0872ed6ba14e19575ad56db37bd82b15f,ESTWVC,US,CA,Los Angeles City,34.019394,-118.410825,Yes,census.gov,Detached,2000,1,65,3,True,False,False,"5, 10",3B,8,POINT (-118.410825 34.019394),644000.0,Los Angeles,25.0,6037,Los Angeles,6
b3d59f245f27cd091049862505c2eabf13f279a5,ecobee3,US,CA,Alta Loma,34.121499,-117.592489,Yes,google,Detached,3000,2,0,0,False,False,False,0,3B,10,POINT (-117.592489 34.121499),659451.0,Rancho Cucamonga,25.0,6071,San Bernardino,6
b4361110758e290df5dace54886dace840623d2d,ecobee3,US,CA,Chino Hills City,33.942969,-117.725648,Yes,census.gov,Detached,2500,2,20,4,False,False,False,"4, 5, 10",3B,10,POINT (-117.725648 33.942969),613214.0,Chino Hills,25.0,6071,San Bernardino,6
b451da330aef630f0b40643817e7072fba0859be,ecobee3Lite,US,CA,Eureka City,40.797594,-124.154191,Yes,census.gov,Detached,1501,2,33,0,True,False,False,"0, 1",4C,1,POINT (-124.154191 40.797594),623042.0,Eureka,25.0,6023,Humboldt,6
b495c3ebb0e0aa54b83c6185a81420a77c7e570e,ecobee4,US,CA,San Juan Capistrano City,33.500889,-117.654388,Yes,census.gov,Detached,4000,2,20,0,False,False,False,0,3B,6,POINT (-117.654388 33.500889),668028.0,San Juan Capistrano,25.0,6059,Orange,6
b49f637fa78963fcb4c1b8c37c9f4a33ee1e9191,ecobee4,US,CA,Truckee Town,39.350548,-120.193943,Yes,census.gov,Detached,1501,2,29,0,True,False,False,"1, 2",5B,16,POINT (-120.193943 39.350548),680588.0,Truckee,43.0,6057,Nevada,6
b4afefed8dd8abf196006aeecbed414eb599c42f,undefined,US,CA,Clovis City,36.827809,-119.681843,Yes,census.gov,Null,3500,1,120,4,True,False,False,1,3B,13,POINT (-119.681843 36.827809),614218.0,Clovis,25.0,6019,Fresno,6
b4d297c8c89da9a7c12feaaf346f93793e7a1c1b,ecobee3,US,CA,Folsom City,38.666597,-121.141635,Yes,census.gov,Detached,2500,2,30,2,False,False,False,"1, 2",3B,12,POINT (-121.141635 38.666597),624638.0,Folsom,25.0,6067,Sacramento,6
b52140ec72bf38783960756edaa1cd8302905001,ecobee3Lite,US,CA,Folsom City,38.666597,-121.141635,Yes,census.gov,Other,2500,2,20,0,False,False,False,0,3B,12,POINT (-121.141635 38.666597),624638.0,Folsom,25.0,6067,Sacramento,6
b54fe0490de5831e7aa9464af062dec1170dca08,SmartSi,US,CA,San Marcos City,33.132567,-117.169892,Yes,census.gov,Condominium,1500,3,15,2,False,False,False,0,3B,10,POINT (-117.169892 33.132567),668196.0,San Marcos,25.0,6073,San Diego,6
b58a4ea51af899532523ae01dc268a5b19512904,ecobee3Lite,US,CA,Santa Rosa City,38.445824,-122.706181,Yes,census.gov,Detached,2000,1,60,4,False,False,False,"2, 4",3C,2,POINT (-122.706181 38.445824),670098.0,Santa Rosa,25.0,6097,Sonoma,6
b5975273099832bb39e977af76d2d73f4c7af5c2,ecobee3Lite,US,CA,Valley Center CDP,33.232994,-117.015763,Yes,census.gov,Detached,2000,1,65,5,False,False,True,"3, 6",3B,10,POINT (-117.015763 33.232994),681736.0,Valley Center,57.0,6073,San Diego,6
b59dd0825e6bd3d4c2fccaea5b154e1b8b779177,ecobee4,US,CA,Citrus Heights City,38.69481,-121.287953,Yes,census.gov,Detached,1501,1,43,0,True,False,False,"0, 6, 12",3B,12,POINT (-121.287953 38.69481),613588.0,Citrus Heights,25.0,6067,Sacramento,6
b5bbb8eb71eabd9c7295549c3876911f0c9496c0,ecobee3,US,CA,Glendale City,34.181393,-118.24583,Yes,census.gov,Detached,3350,2,0,0,False,False,False,0,3B,9,POINT (-118.24583 34.181393),630000.0,Glendale,25.0,6037,Los Angeles,6
b5c8fa0975f20f31f1d50075a97e08c8f6ae160e,ecobee4,US,CA,Spring Valley CDP,39.076053,-122.584512,Yes,census.gov,Null,0,0,0,0,False,False,False,"0, 1",4B,2,POINT (-122.584512 39.076053),673690.0,Spring Valley,57.0,6033,Lake,6
b5efd38696c647873eb3e27d318e97fe8bf4bbc8,ecobee4,US,CA,Gardena City,33.894417,-118.307522,Yes,census.gov,Townhouse,1500,2,60,0,False,False,False,"1, 2, 3",3B,8,POINT (-118.307522 33.894417),628168.0,Gardena,25.0,6037,Los Angeles,6
b6aeab883c484bfab36379c743e7c0f8b00d3d3a,ecobee3,US,CA,Temecula City,33.493073,-117.131734,Yes,census.gov,Detached,3000,2,20,0,False,False,False,"1, 2",3B,10,POINT (-117.131734 33.493073),678120.0,Temecula,25.0,6065,Riverside,6
b6d6ee84c7812849206c788cb355921c79c5d32b,ecobee4,US,CA,American Canyon City,38.179033,-122.259602,Yes,census.gov,Detached,2000,1,15,2,False,False,False,"5, 10",3C,2,POINT (-122.259602 38.179033),601640.0,American Canyon,25.0,6055,Napa,6
b6ef35e3b89a2345d35fdba1ef6e2e133c2b64bd,ecobee4,US,CA,Chino City,33.975627,-117.667351,Yes,census.gov,Detached,1500,1,45,1,True,False,False,"1, 2",3B,10,POINT (-117.667351 33.975627),613210.0,Chino,25.0,6071,San Bernardino,6
b6f3e6b326bfdf63562121641bb93f97d342f2b1,ecobee4,US,CA,San Jose City,37.296011,-121.814552,Yes,census.gov,Detached,2000,1,70,0,False,False,False,0,3C,4,POINT (-121.814552 37.296011),668000.0,San Jose,25.0,6085,Santa Clara,6
b793fd3a8f9b3bae282299fb1b5534368eae1982,ecobee3Lite,US,CA,Rowland Heights CDP,33.970313,-117.890568,Yes,census.gov,Townhouse,2000,2,40,0,False,False,False,0,3B,9,POINT (-117.890568 33.970313),663218.0,Rowland Heights,57.0,6037,Los Angeles,6
b7b34a619056cb245657b9876a494280c9464498,ecobee3Lite,US,CA,Volcano CDP,38.450614,-120.621768,Yes,census.gov,Detached,2501,3,10,0,True,False,False,0,4B,12,POINT (-120.621768 38.450614),683094.0,Volcano,57.0,6005,Amador,6
b82b71e39a8a106f86c3e57ee8c5ded18f7bcf5f,ESTWVC,US,CA,El Dorado Hills CDP,38.676082,-121.0477,Yes,census.gov,Apartment,3001,2,11,0,True,False,False,"1, 2",4B,12,POINT (-121.0477 38.676082),621880.0,El Dorado Hills,57.0,6017,El Dorado,6
b84c4be0971fff3b8ccd1e6be418053ec61abe8e,ecobee3,US,CA,Redding City,40.570277,-122.366766,Yes,census.gov,Detached,2000,1,16,4,False,False,False,"1, 2",3B,11,POINT (-122.366766 40.570277),659920.0,Redding,25.0,6089,Shasta,6
b88a436d4e90f0b065310b709970ce4c202aa996,ecobee3Lite,US,CA,Irvine City,33.678399,-117.771254,Yes,census.gov,Detached,3000,2,15,5,False,False,False,0,3B,8,POINT (-117.771254 33.678399),636770.0,Irvine,25.0,6059,Orange,6
b89f3191b7c04aaf6db145eca2d8e9bfd289d4d2,ecobee4,US,CA,Bakersfield City,35.353171,-119.037919,Yes,census.gov,Detached,3000,2,30,0,False,False,False,"1, 2",3B,13,POINT (-119.037919 35.353171),603526.0,Bakersfield,25.0,6029,Kern,6
b8a533a55d46ea6555b38174834013e08d1f4d62,ecobee4,US,CA,San Jose City,37.296011,-121.814552,Yes,census.gov,Townhouse,2000,2,40,0,False,False,False,"1, 2, 3",3C,4,POINT (-121.814552 37.296011),668000.0,San Jose,25.0,6085,Santa Clara,6
b8f1cb28636e5bdcf25d7289a024aff4b127a97a,undefined,US,CA,Fontana City,34.109686,-117.462888,Yes,census.gov,Townhouse,2001,2,32,0,True,False,False,0,3B,10,POINT (-117.462888 34.109686),624680.0,Fontana,25.0,6071,San Bernardino,6
b9267697eded3ecb156b14358f1bbefbc01e57b5,ecobee3,US,CA,Quincy CDP,39.931017,-120.954886,Yes,census.gov,Detached,1904,1,0,0,False,False,False,"1, 2",5B,16,POINT (-120.954886 39.931017),659080.0,Quincy,57.0,6063,Plumas,6
b93aea9d93f4755807b6b9db52a372a94e21760c,ecobee3Lite,US,CA,Palm Desert City,33.737635,-116.364145,Yes,census.gov,Detached,2500,1,20,0,False,False,False,"1, 2",3B,15,POINT (-116.364145 33.737635),655184.0,Palm Desert,25.0,6065,Riverside,6
b9790b940a911085b3ed5b0bf3ab43d4aed4d91b,ecobee3Lite,US,CA,Victorville City,34.527735,-117.353579,Yes,census.gov,Null,0,0,0,0,True,False,False,"2, 4",3B,14,POINT (-117.353579 34.527735),682590.0,Victorville,25.0,6071,San Bernardino,6
ba0b3a6f9f21b74a8bc465d5c609d101ae430179,ecobee4,US,CA,Santa Clara City,37.364621,-121.967973,Yes,census.gov,Detached,2000,2,10,0,False,False,False,"5, 6, 7, 10",3C,4,POINT (-121.967973 37.364621),669084.0,Santa Clara,25.0,6085,Santa Clara,6
ba2b41db56179ab8c413db828d4d19b1858ea044,ecobee4,US,CA,Yuba City,39.129842,-121.641549,Yes,census.gov,Detached,1500,1,25,3,False,False,False,"5, 10",3B,11,POINT (-121.641549 39.129842),686972.0,Yuba City,25.0,6101,Sutter,6
ba43487c3a3a85732ea89dcb4f13715b330db868,ESTWVC,US,CA,San Juan Capistrano City,33.500889,-117.654388,Yes,census.gov,Null,0,0,0,0,True,False,False,"1, 2",3B,6,POINT (-117.654388 33.500889),668028.0,San Juan Capistrano,25.0,6059,Orange,6
ba7e6a59051d87b9ef439f53c0135a16f80bf58d,ESTWVC,US,CA,Citrus Heights City,38.69481,-121.287953,Yes,census.gov,Townhouse,2000,1,45,1,True,False,False,"7, 14",3B,12,POINT (-121.287953 38.69481),613588.0,Citrus Heights,25.0,6067,Sacramento,6
baa02aacc21f9ef9f6cb1aec13561a897956bc66,ecobee4,US,CA,San Diego City,32.830391,-117.120923,Yes,census.gov,Null,0,0,0,0,False,False,False,0,3B,7,POINT (-117.120923 32.830391),666000.0,San Diego,25.0,6073,San Diego,6
baaef532f86524246567b289b575e4b12f31c1e0,ecobee3Lite,US,CA,Eastvale City,33.963274,-117.582369,Yes,census.gov,Detached,2500,2,5,4,True,False,False,0,3B,10,POINT (-117.582369 33.963274),621230.0,Eastvale,25.0,6065,Riverside,6
bb1840965ecddbd9a0c391bb8a4e343d1cce1e70,ecobee3Lite,US,CA,Elk Grove City,38.414621,-121.384961,Yes,census.gov,Other,2500,2,20,0,False,False,False,0,3B,12,POINT (-121.384961 38.414621),622020.0,Elk Grove,25.0,6067,Sacramento,6
bb2d986ec97931e3469b8661a2bf9427a92aa37d,ESTWVC,US,CA,Modesto City,37.637533,-121.003049,Yes,census.gov,Other,501,2,1,0,True,False,False,"1, 2",3B,12,POINT (-121.003049 37.637533),648354.0,Modesto,25.0,6099,Stanislaus,6
bb536c39cbbfaab56d14ec4bfad518e5b409cf45,ecobee3,US,CA,Elk Grove City,38.414621,-121.384961,Yes,census.gov,Row House,2500,2,20,3,False,False,False,0,3B,12,POINT (-121.384961 38.414621),622020.0,Elk Grove,25.0,6067,Sacramento,6
bb99a82fcc060dce653c016fc7d402f0afa1dc86,ecobee4,US,CA,Weed City,41.412087,-122.380966,Yes,census.gov,Other,2500,2,45,0,False,False,False,"1, 2",5B,16,POINT (-122.380966 41.412087),683850.0,Weed,25.0,6093,Siskiyou,6
bbd781012517d2928882903686fb9d510d293193,ESTWVC,US,CA,Corona City,33.861969,-117.565495,Yes,census.gov,Null,0,0,0,0,True,False,True,0,3B,10,POINT (-117.565495 33.861969),616350.0,Corona,25.0,6065,Riverside,6
bc141fe6d3da7df820a02e996c1706af36609101,ecobee3Lite,US,CA,Arcadia City,34.132689,-118.036347,Yes,census.gov,Row House,1900,1,0,0,False,False,False,0,3B,9,POINT (-118.036347 34.132689),602462.0,Arcadia,25.0,6037,Los Angeles,6
bc7437e27684a2457d9745c9f0d1f4139677e3d5,undefined,US,CA,Poway City,32.987677,-117.021814,Yes,census.gov,Detached,2001,2,52,0,True,False,False,"0, 1",3B,10,POINT (-117.021814 32.987677),658520.0,Poway,25.0,6073,San Diego,6
bca7f4e748aaf958d278dd74e3c504875c1a5c90,ecobee3Lite,US,CA,Lakeport City,39.038333,-122.922633,Yes,census.gov,Detached,2000,1,0,0,False,False,True,"2, 4",4B,2,POINT (-122.922633 39.038333),639710.0,Lakeport,25.0,6033,Lake,6
bcacdef1e642173bedf37ca2ae50d15d7f165d78,ecobee4,US,CA,Rancho Santa Fe CDP,33.025814,-117.198148,Yes,census.gov,Detached,7500,2,30,0,False,False,False,0,3B,7,POINT (-117.198148 33.025814),659584.0,Rancho Santa Fe,57.0,6073,San Diego,6
bcdc88bb7150e38ed673ff59d7a266587869028b,ecobee3Lite,US,CA,Winchester CDP,33.71463,-117.077398,Yes,census.gov,Detached,3400,2,0,0,False,False,False,0,3B,10,POINT (-117.077398 33.71463),685894.0,Winchester,57.0,6065,Riverside,6
bcebf08fbe19f16624b792087f29315f1257dc5f,undefined,US,CA,Madera City,36.966193,-120.085855,Yes,census.gov,Row House,1501,1,22,0,True,False,False,"1, 2",3B,13,POINT (-120.085855 36.966193),645022.0,Madera,25.0,6039,Madera,6
bd540428f12a07715ed254b6dc6bc532111eaaf6,ecobee4,US,CA,Los Angeles City,34.019394,-118.410825,Yes,census.gov,Detached,2500,2,100,0,False,False,False,"1, 2",3B,8,POINT (-118.410825 34.019394),644000.0,Los Angeles,25.0,6037,Los Angeles,6
bd7b2fe3c4796afd34d4fb69bc89c292ba47f6d5,ecobee4,US,CA,Saratoga City,37.268326,-122.02622,Yes,census.gov,Loft,5500,2,10,0,False,False,False,"1, 2",3C,4,POINT (-122.02622 37.268326),670280.0,Saratoga,25.0,6085,Santa Clara,6
bd7f480ca60db995f743e3c65b24a24f1871a5a1,ecobee3Lite,US,CA,Dunnigan CDP,38.892643,-121.974184,Yes,census.gov,Other,2000,1,10,0,True,False,False,0,3B,12,POINT (-121.974184 38.892643),620228.0,Dunnigan,57.0,6113,Yolo,6
bdb68e7f717f3c6aa27a15f48a67621497b4ac23,ecobee4,US,CA,San Carlos City,37.499034,-122.267572,Yes,census.gov,Detached,2500,3,0,0,False,False,False,"1, 2",3C,3,POINT (-122.267572 37.499034),665070.0,San Carlos,25.0,6081,San Mateo,6
be14d222adbe54b57a1744e7ede4a42363fce4c9,ESTWVC,US,CA,Imperial City,32.838801,-115.572012,Yes,census.gov,Other,1001,2,21,0,True,False,False,0,2B,15,POINT (-115.572012 32.838801),636280.0,Imperial,25.0,6025,Imperial,6
be35bdce837d5936c130da14d0ab139513df3d8a,ESTWVC,US,CA,San Diego City,32.830391,-117.120923,Yes,census.gov,Detached,2501,2,30,0,True,False,False,0,3B,7,POINT (-117.120923 32.830391),666000.0,San Diego,25.0,6073,San Diego,6
be500eba7baa0d1aadf54bbd77ce3cfe5b804cd1,ecobee4,US,CA,Los Angeles City,34.019394,-118.410825,Yes,census.gov,Detached,2000,1,60,0,False,False,False,"1, 2",3B,8,POINT (-118.410825 34.019394),644000.0,Los Angeles,25.0,6037,Los Angeles,6
be531de09a3fb9cb4ff7bbd4268a7d39bb06fe0f,undefined,US,CA,Bay Point CDP,38.032254,-121.962236,Yes,census.gov,Detached,1500,2,30,2,False,False,True,0,3B,12,POINT (-121.962236 38.032254),604415.0,Bay Point,57.0,6013,Contra Costa,6
be5eb2c7ae6b56af5aceec9f5f6a9c07b8f2f20a,ESTWVC,US,CA,Stockton City,37.976553,-121.308598,Yes,census.gov,Other,1501,1,0,0,True,False,False,0,3B,12,POINT (-121.308598 37.976553),675000.0,Stockton,25.0,6077,San Joaquin,6
be6985bcc69fa93e70076501582cccb1eec2842a,ecobee3Lite,US,CA,Folsom City,38.666597,-121.141635,Yes,census.gov,Detached,2500,2,10,0,False,False,False,0,3B,12,POINT (-121.141635 38.666597),624638.0,Folsom,25.0,6067,Sacramento,6
be757426684d4f95116ba84587917bb5d7f56512,ecobee3Lite,US,CA,Huntington Beach City,33.698007,-118.003834,Yes,census.gov,Detached,2500,2,40,0,False,False,False,0,3B,6,POINT (-118.003834 33.698007),636000.0,Huntington Beach,25.0,6059,Orange,6
beae093e0805aca6d4ec6c74a1ccde873b2dec5d,ecobee3Lite,US,CA,Rancho Palos Verdes City,33.738517,-118.369685,Yes,census.gov,Detached,3500,2,40,4,False,False,False,"2, 4",3B,6,POINT (-118.369685 33.738517),659514.0,Rancho Palos Verdes,25.0,6037,Los Angeles,6
bf9197969ca61e520780265b224ce0e9b050bb9f,ecobee3Lite,US,CA,Cupertino City,37.3194,-122.044957,Yes,census.gov,Detached,1500,1,15,1,False,False,False,0,3C,4,POINT (-122.044957 37.3194),617610.0,Cupertino,25.0,6085,Santa Clara,6
bf963e3eb8ea03094f561e334e9ccdd0d9a9b48c,ecobee3Lite,US,CA,El Dorado Hills CDP,38.676082,-121.0477,Yes,census.gov,Detached,2000,1,47,2,False,False,False,"5, 6, 12",4B,12,POINT (-121.0477 38.676082),621880.0,El Dorado Hills,57.0,6017,El Dorado,6
bfec72cff80e8f79b09c0c2dd67846d053f535cd,undefined,US,CA,Nevada City,39.259608,-121.033326,Yes,census.gov,Null,0,0,0,0,False,False,False,"1, 2",5B,11,POINT (-121.033326 39.259608),650874.0,Nevada City,25.0,6057,Nevada,6
c03e670c0c1f824a1c8fbcfe2dc389b219a20007,ecobee3,US,CA,San Diego City,32.830391,-117.120923,Yes,census.gov,Detached,2500,2,35,"1, 2",False,False,False,"2, 4",3B,7,POINT (-117.120923 32.830391),666000.0,San Diego,25.0,6073,San Diego,6
c0688043a7a5b1d53415b9128c7845b27cc70c74,ESTWVC,US,CA,South Lake Tahoe City,38.928218,-119.981,Yes,census.gov,Detached,1000,1,45,3,True,False,False,0,4B,16,POINT (-119.981 38.928218),673108.0,South Lake Tahoe,25.0,6017,El Dorado,6
c09f75685430615c834e06e237f0517d41ddcfc0,ecobee3Lite,US,CA,Folsom City,38.666597,-121.141635,Yes,census.gov,Detached,1500,1,20,0,False,False,False,0,3B,12,POINT (-121.141635 38.666597),624638.0,Folsom,25.0,6067,Sacramento,6
c12cbc7b21c295ff1c9cbabcd24d74846ad4db55,ecobee3Lite,US,CA,Sacramento City,38.567694,-121.468161,Yes,census.gov,Detached,1500,1,57,0,False,False,False,"2, 4",3B,12,POINT (-121.468161 38.567694),664000.0,Sacramento,25.0,6067,Sacramento,6
c1401e27ac352b7ef7547e70c491126e04db52d6,ESTWVC,US,CA,San Diego City,32.830391,-117.120923,Yes,census.gov,Detached,500,2,90,0,True,False,False,"1, 2",3B,7,POINT (-117.120923 32.830391),666000.0,San Diego,25.0,6073,San Diego,6
c15954e83cadbd69b4e82eb443562201d564f9e7,ecobee3Lite,US,CA,Atwater City,37.354049,-120.597177,Yes,census.gov,Detached,2500,1,30,4,False,False,False,0,3B,12,POINT (-120.597177 37.354049),603162.0,Atwater,25.0,6047,Merced,6
c181694fc29aadf8dd8a055cc2efbf8bdbfdacc3,ESTWVC,US,CA,Highland City,34.113473,-117.165729,Yes,census.gov,Row House,2001,2,31,0,True,False,False,"1, 2",3B,10,POINT (-117.165729 34.113473),633588.0,Highland,25.0,6071,San Bernardino,6
c18ba9b9a8deb8096f9aebf557d25be19ec8828e,ESTWVC,US,CA,Anaheim City,33.855502,-117.758657,Yes,census.gov,Other,1501,1,52,0,True,False,False,1,3B,8,POINT (-117.758657 33.855502),602000.0,Anaheim,25.0,6059,Orange,6
c18f4da41ad60050b973fbeefa1d2f2a6de86576,ecobee4,US,CA,Winchester CDP,33.71463,-117.077398,Yes,census.gov,Detached,2500,2,15,5,False,False,False,"1, 2",3B,10,POINT (-117.077398 33.71463),685894.0,Winchester,57.0,6065,Riverside,6
c1bd9b9d9a9235e64d04366f9076bb4581c16a8b,ecobee4,US,CA,Temecula City,33.493073,-117.131734,Yes,census.gov,Detached,3500,2,0,4,False,False,False,"3, 6",3B,10,POINT (-117.131734 33.493073),678120.0,Temecula,25.0,6065,Riverside,6
c1cf373c215c4d2b3548094fbcf5c56663105ea6,ecobee3,US,CA,Goleta City,34.435441,-119.858946,Yes,census.gov,Detached,1500,1,46,2,False,False,False,"4, 8",3C,6,POINT (-119.858946 34.435441),630378.0,Goleta,25.0,6083,Santa Barbara,6
c1f008e9039780a774de33112423c5ce28cf5c28,ecobee3,US,CA,Portola Hills,33.6791872,-117.63116,Yes,photon,Townhouse,1500,2,30,2,False,False,False,"1, 2",3B,8,POINT (-117.63116 33.6791872),639496.0,Lake Forest,25.0,6059,Orange,6
c22c8c8ad9078a229663a5526bf903d4cf39e8e1,ecobee3Lite,US,CA,Tiburon Town,37.886768,-122.462619,Yes,census.gov,Detached,4500,2,40,0,False,False,False,0,3C,3,POINT (-122.462619 37.886768),678666.0,Tiburon,43.0,6041,Marin,6
c24a8bf2952bdb86d46e11d68f2acce03c99cd4a,undefined,US,CA,Chico City,39.758951,-121.81772,Yes,census.gov,Detached,3000,1,120,1,True,False,False,"0, 1, 2",3B,11,POINT (-121.81772 39.758951),613014.0,Chico,25.0,6007,Butte,6
c26cc94d98fee1c15b8b643214a5c0de67bc2328,ecobee3Lite,US,CA,El Dorado Hills CDP,38.676082,-121.0477,Yes,census.gov,Null,3500,2,30,3,False,False,False,0,4B,12,POINT (-121.0477 38.676082),621880.0,El Dorado Hills,57.0,6017,El Dorado,6
c283bfeb1c59c2f3a11f691073a47f891d6b60e9,ESTWVC,US,CA,Hemet City,33.734068,-116.996808,Yes,census.gov,Detached,1500,2,29,"4, 5",True,False,False,"1, 2",3B,10,POINT (-116.996808 33.734068),633182.0,Hemet,25.0,6065,Riverside,6
c2879248b22ba7a52683ca537284fb624d48d12d,ecobee4,US,CA,Palo Alto City,37.39652,-122.143088,Yes,census.gov,Detached,3000,3,10,0,False,False,False,0,3C,4,POINT (-122.143088 37.39652),655282.0,Palo Alto,25.0,6085,Santa Clara,6
c2a7096b0325db71c1517b589f293a18d604d831,ESTWVC,US,CA,Milpitas City,37.433136,-121.890934,Yes,census.gov,Detached,1001,1,50,0,True,False,False,"3, 6",3C,4,POINT (-121.890934 37.433136),647766.0,Milpitas,25.0,6085,Santa Clara,6
c2a892cbeac8ef9409d340603e5982250e7a82c2,ESTWVC,US,CA,Tustin City,33.730927,-117.810596,Yes,census.gov,Detached,3001,2,29,0,True,False,False,"3, 6",3B,8,POINT (-117.810596 33.730927),680854.0,Tustin,25.0,6059,Orange,6
c2c55ad337681819f51dcb839786ac754c9eab8b,ecobee3,US,CA,Goleta City,34.435441,-119.858946,Yes,census.gov,Condominium,2000,3,5,3,True,False,True,"2, 4",3C,6,POINT (-119.858946 34.435441),630378.0,Goleta,25.0,6083,Santa Barbara,6
c2dd90750c6e0b9cc75c813c21b214b077d3e14a,ecobee3,US,CA,Davis City,38.556147,-121.737793,Yes,census.gov,Detached,2000,1,25,0,False,False,False,"1, 2",3B,12,POINT (-121.737793 38.556147),618100.0,Davis,25.0,6113,Yolo,6
c3026a835829aaedbc668f709d752e8f962b3a65,ecobee3,US,CA,San Ramon City,37.765258,-121.931987,Yes,census.gov,Detached,2500,2,46,3,True,False,True,"3, 6",3B,12,POINT (-121.931987 37.765258),668378.0,San Ramon,25.0,6013,Contra Costa,6
c322ea360c977f73d52961251761587e148675f8,undefined,US,CA,Tahoe City,39.1689372,-120.143478,Yes,google,Other,0,0,0,0,False,False,False,0,3B,16,POINT (-120.143478 39.1689372),676015.0,Sunnyside-Tahoe City,57.0,6061,Placer,6
c3c3850cce3be4ad6a4f186557d505f6f1289787,ecobee4,US,CA,Temecula City,33.493073,-117.131734,Yes,census.gov,Detached,3500,2,5,2,False,False,False,"1, 2",3B,10,POINT (-117.131734 33.493073),678120.0,Temecula,25.0,6065,Riverside,6
c3f88eb740ed12bf428be9b52ffcbfa3ad81fddf,ecobee3,US,CA,Murrieta City,33.573214,-117.191007,Yes,census.gov,Detached,3000,2,16,3,False,False,False,"3, 6",3B,10,POINT (-117.191007 33.573214),650076.0,Murrieta,25.0,6065,Riverside,6
c4543980f0c2a537e383040c9c044bd97f22877b,ecobee4,US,CA,Walnut Creek City,37.902666,-122.040479,Yes,census.gov,Detached,2000,1,50,0,False,False,False,"1, 2",3B,12,POINT (-122.040479 37.902666),683346.0,Walnut Creek,25.0,6013,Contra Costa,6
c4593a2ca6f8cd480205c567d19d2d7aae194cf7,ecobee3,US,CA,San Juan Capistrano City,33.500889,-117.654388,Yes,census.gov,Condominium,2000,2,35,2,False,False,False,0,3B,6,POINT (-117.654388 33.500889),668028.0,San Juan Capistrano,25.0,6059,Orange,6
c47cfd76fa00aab37c1c6e536f1e4a83d9faefa5,SmartSi,US,CA,Escondido City,33.133053,-117.074043,Yes,census.gov,Detached,1500,1,45,0,False,False,False,0,3B,10,POINT (-117.074043 33.133053),622804.0,Escondido,25.0,6073,San Diego,6
c48261e4aa37da4a36a58016743119efe47c85fa,ecobee3Lite,US,CA,Carlsbad City,33.129284,-117.284183,Yes,census.gov,Detached,4000,2,10,0,False,False,False,0,3B,7,POINT (-117.284183 33.129284),611194.0,Carlsbad,25.0,6073,San Diego,6
c4b1a17a704455800ac38d886787cea47bc19183,undefined,US,CA,San Jose City,37.296011,-121.814552,Yes,census.gov,Townhouse,2000,2,120,3,True,False,False,"0, 2",3C,4,POINT (-121.814552 37.296011),668000.0,San Jose,25.0,6085,Santa Clara,6
c4cc70a5fb4b1894046ff648d8cfe99bb5a45526,undefined,US,CA,El Dorado Hills CDP,38.676082,-121.0477,Yes,census.gov,Null,0,0,0,0,True,False,False,0,4B,12,POINT (-121.0477 38.676082),621880.0,El Dorado Hills,57.0,6017,El Dorado,6
c4ebc93c437bd809d2088040a4622743a2229f4f,ESTWVC,US,CA,Fallbrook CDP,33.374235,-117.220375,Yes,census.gov,Detached,1501,2,20,0,True,False,False,"1, 2",3B,10,POINT (-117.220375 33.374235),623462.0,Fallbrook,57.0,6073,San Diego,6
c528ba9cb8fa8eda26af1365419dd3033a6333a0,ESTWVC,US,CA,San Diego City,32.830391,-117.120923,Yes,census.gov,Detached,4000,2,35,2,True,False,False,"1, 2",3B,7,POINT (-117.120923 32.830391),666000.0,San Diego,25.0,6073,San Diego,6
c58bb988f4d1734f7770d74868494733a83611d3,undefined,US,CA,Fontana City,34.109686,-117.462888,Yes,census.gov,Condominium,1500,2,120,2,True,False,False,3,3B,10,POINT (-117.462888 34.109686),624680.0,Fontana,25.0,6071,San Bernardino,6
c5a33d0080ac133d39c89095ba32e008fd825868,ecobee3Lite,US,CA,Thousand Oaks City,34.19329,-118.874235,Yes,census.gov,Detached,2500,2,75,4,False,False,False,0,3C,9,POINT (-118.874235 34.19329),678582.0,Thousand Oaks,25.0,6111,Ventura,6
c601e513b3eac828949c46e6f663b2100fea609f,ecobee4,US,CA,Sherman Oaks,34.1508718,-118.448986,Yes,photon,Other,5500,1,70,4,False,False,False,"1, 2",3B,9,POINT (-118.448986 34.1508718),644000.0,Los Angeles,25.0,6037,Los Angeles,6
c638d0aa481d477a8b4dff3b8da138c1fb998e9f,ecobee3Lite,US,CA,San Diego City,32.830391,-117.120923,Yes,census.gov,Null,3500,2,20,3,False,False,False,"3, 6",3B,7,POINT (-117.120923 32.830391),666000.0,San Diego,25.0,6073,San Diego,6
c6d1e2a76ca328d1caf94808e891583987adfd1b,ESTWVC,US,CA,Granada Hills,34.2661558,-118.5174342,Yes,photon,Semi-Detached,2000,1,50,0,True,False,False,"1, 2",3B,9,POINT (-118.5174342 34.2661558),644000.0,Los Angeles,25.0,6037,Los Angeles,6
c70dcba4e3cb54f128e4f89ac1f65edbda4ca50d,ecobee3Lite,US,CA,Santa Rosa City,38.445824,-122.706181,Yes,census.gov,Detached,3000,2,30,0,True,False,False,"2, 4",3C,2,POINT (-122.706181 38.445824),670098.0,Santa Rosa,25.0,6097,Sonoma,6
c81c2e52b793f6bdf26bbc00a08d1060f16a8738,ecobee4,US,CA,Fullerton City,33.885716,-117.928025,Yes,census.gov,Detached,3000,2,27,3,False,False,False,"3, 5, 6, 7",3B,8,POINT (-117.928025 33.885716),628000.0,Fullerton,25.0,6059,Orange,6
c8538dcf77641ce3af7c9ba8d64dac8351800136,ecobee4,US,CA,Escondido City,33.133053,-117.074043,Yes,census.gov,Detached,1001,1,40,0,True,False,False,"1, 2",3B,10,POINT (-117.074043 33.133053),622804.0,Escondido,25.0,6073,San Diego,6
c8b0f10d970340c3ec0e1b6e4af829956213d01a,undefined,US,CA,Irvine City,33.678399,-117.771254,Yes,census.gov,Detached,3501,2,22,0,True,False,False,0,3B,8,POINT (-117.771254 33.678399),636770.0,Irvine,25.0,6059,Orange,6
c9127f2dba004031ecd978f7b988128aab007758,undefined,US,CA,Santa Clarita City,34.416504,-118.500693,Yes,census.gov,Detached,3501,1,2,0,True,False,False,"1, 2",3B,9,POINT (-118.500693 34.416504),669088.0,Santa Clarita,25.0,6037,Los Angeles,6
c959f6b2d7ba450193225c09cb4d91e6f1d42c5b,undefined,US,CA,Morgan Hill City,37.132495,-121.641891,Yes,census.gov,Detached,3001,2,2,0,True,False,False,"0, 3",3C,4,POINT (-121.641891 37.132495),649278.0,Morgan Hill,25.0,6085,Santa Clara,6
c96dd65d5a3e5330174d772a3713ac6a7d6b7087,ecobee4,US,CA,Los Angeles City,34.019394,-118.410825,Yes,census.gov,Detached,2500,2,100,0,False,False,False,"2, 4",3B,8,POINT (-118.410825 34.019394),644000.0,Los Angeles,25.0,6037,Los Angeles,6
c982ff3bed20d3e14310777f659e4be07fb40b3a,ecobee3Lite,US,CA,Brentwood City,37.935578,-121.71897,Yes,census.gov,Other,2000,1,50,0,False,False,False,"2, 4",3B,12,POINT (-121.71897 37.935578),608142.0,Brentwood,25.0,6013,Contra Costa,6
c991fc184341e93a488e70ed1b4ad4d8738173da,ecobee4,US,CA,Felicita,32.7502778,-114.7652778,Yes,google,Null,2500,1,55,0,False,False,False,"1, 2",2B,15,POINT (-114.7652778 32.7502778),,,,6025,Imperial,6
c9a52054304770615c4231280cb923084f0e152c,ecobee4,US,CA,Irvine City,33.678399,-117.771254,Yes,census.gov,Row House,2000,3,0,0,False,False,False,"1, 2",3B,8,POINT (-117.771254 33.678399),636770.0,Irvine,25.0,6059,Orange,6
c9c2644b0666e6639b95edf87c7c9827e66d2047,ecobee3Lite,US,CA,San Diego City,32.830391,-117.120923,Yes,census.gov,Condominium,1077,1,30,2,True,False,True,0,3B,7,POINT (-117.120923 32.830391),666000.0,San Diego,25.0,6073,San Diego,6
c9e70dfec6fef2b59c53afdcc093708863f58432,ecobee3,US,CA,La Verne City,34.120521,-117.769928,Yes,census.gov,Null,0,0,0,0,True,False,False,"3, 6",3B,9,POINT (-117.769928 34.120521),640830.0,La Verne,25.0,6037,Los Angeles,6
ca0a99f87b0fab761ff941385295605fdbb29eb0,ecobee3Lite,US,CA,West Sacramento City,38.554368,-121.548663,Yes,census.gov,Detached,3150,2,0,0,False,False,False,0,3B,12,POINT (-121.548663 38.554368),684816.0,West Sacramento,25.0,6113,Yolo,6
ca1906a90b38feccbba8189ffbb1c80f924d70a0,ecobee3Lite,US,CA,Rialto City,34.117427,-117.389211,Yes,census.gov,Other,2500,2,30,0,False,False,False,"4, 8",3B,10,POINT (-117.389211 34.117427),660466.0,Rialto,25.0,6071,San Bernardino,6
ca33bd2ea4e2c61c37f80ae52a445aecf0aaa999,ecobee3Lite,US,CA,Lakewood City,33.847135,-118.121894,Yes,census.gov,Detached,1500,1,70,0,False,False,False,0,3B,8,POINT (-118.121894 33.847135),639892.0,Lakewood,25.0,6037,Los Angeles,6
ca6c75cc72c022d68a73deacb210b88ce8119d95,ESTWVC,US,CA,Palmdale City,34.591038,-118.105403,Yes,census.gov,Detached,2500,2,29,0,True,False,False,"1, 2",3B,14,POINT (-118.105403 34.591038),655156.0,Palmdale,25.0,6037,Los Angeles,6
cad6049d41d3d7b31194a5f8324b3942ee42f974,ecobee3,US,CA,Orange City,33.786971,-117.861265,Yes,census.gov,Townhouse,2000,2,15,4,False,False,False,"3, 4, 8",3B,8,POINT (-117.861265 33.786971),653980.0,Orange,25.0,6059,Orange,6
cb55172aff395d0221b86f9f727385b6e6744057,ESTWVC,US,CA,Gilroy City,37.006407,-121.585321,Yes,census.gov,Detached,3001,2,19,8,True,False,False,0,3C,4,POINT (-121.585321 37.006407),629504.0,Gilroy,25.0,6085,Santa Clara,6
cbadc3c0a37d52a5bd78c08ec6173c0f896e23a2,ecobee3Lite,US,CA,Lake Balboa,34.1938237,-118.5010456,Yes,photon,Other,1500,1,60,4,False,False,False,"2, 4",3B,9,POINT (-118.5010456 34.1938237),644000.0,Los Angeles,25.0,6037,Los Angeles,6
cc57c6cd69ca3ed76443ac9a7520829284e85eaa,ecobee4,US,CA,Duarte City,34.160967,-117.950447,Yes,census.gov,Detached,2500,1,55,0,False,False,False,"1, 2",3B,16,POINT (-117.950447 34.160967),619990.0,Duarte,25.0,6037,Los Angeles,6
cc5bd4b12d282e211e334583398002a183e38550,ecobee3,US,CA,Pleasant Hill City,37.954163,-122.075772,Yes,census.gov,Detached,3000,1,5,4,False,False,False,"3, 4, 6",3B,12,POINT (-122.075772 37.954163),657764.0,Pleasant Hill,25.0,6013,Contra Costa,6
cca57c0eaeb04589a9a983e6478224811c0dc9e1,ecobee3Lite,US,CA,Arcadia City,34.132689,-118.036347,Yes,census.gov,Null,3500,1,35,4,False,False,False,"2, 3, 4",3B,9,POINT (-118.036347 34.132689),602462.0,Arcadia,25.0,6037,Los Angeles,6
ccb46a79d1f9c208937b29aa4ef1d6470446b3f4,ecobee3Lite,US,CA,Folsom City,38.666597,-121.141635,Yes,census.gov,Null,1500,1,10,0,False,False,False,0,3B,12,POINT (-121.141635 38.666597),624638.0,Folsom,25.0,6067,Sacramento,6
cd08a6bfcf3f52222377c52333d4032019fe2006,ecobee3Lite,US,CA,Oceanside City,33.224601,-117.306291,Yes,census.gov,Detached,2000,2,20,0,True,False,False,"1, 2, 4",3B,7,POINT (-117.306291 33.224601),653322.0,Oceanside,25.0,6073,San Diego,6
cd332c9f00f7fd226918e135755eea1225175453,ecobee3Lite,US,CA,Sacramento City,38.567694,-121.468161,Yes,census.gov,Null,0,0,0,0,False,False,False,0,3B,12,POINT (-121.468161 38.567694),664000.0,Sacramento,25.0,6067,Sacramento,6
cd90d0513fa12191fca3bc54bc60d29cf427039d,undefined,US,CA,Aliso Viejo City,33.57921,-117.728898,Yes,census.gov,Detached,2501,2,32,0,True,False,False,2,3B,6,POINT (-117.728898 33.57921),600947.0,Aliso Viejo,25.0,6059,Orange,6
ce0961aaac86cb34af30aeb8dd9abf26b14bb50e,ecobee4,US,CA,Chula Vista City,32.62767,-117.01517,Yes,census.gov,Detached,1500,1,50,0,False,False,False,"6, 7, 12",3B,7,POINT (-117.01517 32.62767),613392.0,Chula Vista,25.0,6073,San Diego,6
ce0ba1b3899b46eae2697e18294efbc9206313c2,undefined,US,CA,Fairfield City,38.261965,-122.032389,Yes,census.gov,Row House,"1001, 1500",1,52,"0, 1",True,False,False,"0, 1, 2",3B,12,POINT (-122.032389 38.261965),623182.0,Fairfield,25.0,6095,Solano,6
ce655b396213c74311cee4f47ae9bfd7bac7d63d,ecobee4,US,CA,San Ramon City,37.765258,-121.931987,Yes,census.gov,Detached,2001,2,12,0,True,False,False,0,3B,12,POINT (-121.931987 37.765258),668378.0,San Ramon,25.0,6013,Contra Costa,6
ceb8e1400f526596c965e58bc6c3f50454f430d7,undefined,US,CA,Antioch City,37.978336,-121.796064,Yes,census.gov,Detached,2000,2,120,2,True,False,False,0,3B,12,POINT (-121.796064 37.978336),602252.0,Antioch,25.0,6013,Contra Costa,6
cf15c1fa06cbf5723739cb737c09a35169c13af4,ecobee3Lite,US,CA,Emerald Lake Hills CDP,37.46566,-122.265351,Yes,census.gov,Detached,1500,1,65,3,True,False,False,"2, 4",3C,3,POINT (-122.265351 37.46566),622587.0,Emerald Lake Hills,57.0,6081,San Mateo,6
cf445d0c29dd0ae265874b95ffb13988fed13b91,ecobee3Lite,US,CA,Goleta City,34.435441,-119.858946,Yes,census.gov,Detached,3500,2,30,0,False,False,False,0,3C,6,POINT (-119.858946 34.435441),630378.0,Goleta,25.0,6083,Santa Barbara,6
cf5f14209d70a6becc48fdb7a23d76e1113bdd8b,ecobee3Lite,US,CA,San Jose City,37.296011,-121.814552,Yes,census.gov,Detached,2500,2,45,2,False,False,False,"1, 2, 4",3C,4,POINT (-121.814552 37.296011),668000.0,San Jose,25.0,6085,Santa Clara,6
cf948197ca5bdcb57aea19eeb5c187d608cf3b51,SmartSi,US,CA,Spring Valley CDP,39.076053,-122.584512,Yes,census.gov,Detached,2500,1,65,0,False,False,False,0,4B,2,POINT (-122.584512 39.076053),673690.0,Spring Valley,57.0,6033,Lake,6
cf94b118d1b0b86d296b5711c8d7bacfd2f5699a,ecobee3Lite,US,CA,Bakersfield City,35.353171,-119.037919,Yes,census.gov,Multi-plex,1001,1,51,0,True,False,False,"0, 2",3B,13,POINT (-119.037919 35.353171),603526.0,Bakersfield,25.0,6029,Kern,6
cfc3a87e06cf7446dbbc784576e122ab856a239a,ecobee3,US,CA,San Francisco City,37.727239,-123.032229,Yes,census.gov,Detached,2500,3,120,3,False,False,False,"6, 12",3C,3,POINT (-123.032229 37.727239),667000.0,San Francisco,25.0,6075,San Francisco,6
cfe3932b1f531ec4266d1f9b156f5fe28906d16d,undefined,US,CA,Livermore City,37.686977,-121.759781,Yes,census.gov,Detached,1500,1,60,4,False,False,False,"1, 2",3C,12,POINT (-121.759781 37.686977),641992.0,Livermore,25.0,6001,Alameda,6
d043aae9cb3ef73e3d644296e86f9f934340d585,ecobee3,US,CA,Los Altos City,37.368431,-122.09657,Yes,census.gov,Detached,3000,1,50,2,False,False,False,"9, 10, 18",3C,4,POINT (-122.09657 37.368431),643280.0,Los Altos,25.0,6085,Santa Clara,6
d04a42093cf024aa826db781401afd60dd5ebfe1,ecobee3,US,CA,Lake Forest City,33.654946,-117.675848,Yes,census.gov,Other,1860,2,0,0,False,False,False,"3, 4, 6, 12",3B,8,POINT (-117.675848 33.654946),639496.0,Lake Forest,25.0,6059,Orange,6
d04c558928cf3ee20450985da3929902e93d6f48,ecobee3,US,CA,Pollock Pines CDP,38.757641,-120.590957,Yes,census.gov,Detached,2500,2,40,2,False,False,False,"1, 2",4B,16,POINT (-120.590957 38.757641),658030.0,Pollock Pines,57.0,6017,El Dorado,6
d05484ba40435ebfdefd3ab196475ce616277364,ecobee4,US,CA,El Cajon City,32.801673,-116.960468,Yes,census.gov,Null,0,0,0,0,False,False,False,"1, 2",3B,10,POINT (-116.960468 32.801673),621712.0,El Cajon,25.0,6073,San Diego,6
d0785d0521736b7f61a4688e775883f14e083745,ecobee3Lite,US,CA,Pleasanton City,37.667185,-121.88123,Yes,census.gov,Detached,1500,2,20,2,False,False,False,"0, 1",3C,12,POINT (-121.88123 37.667185),657792.0,Pleasanton,25.0,6001,Alameda,6
d08cb725e65c44d766dd09c21e1a66d58a307bbc,ecobee4,US,CA,Monterey City,36.601193,-121.88311,Yes,census.gov,Detached,3000,3,30,0,False,False,False,"2, 3, 4",3C,3,POINT (-121.88311 36.601193),648872.0,Monterey,25.0,6053,Monterey,6
d0957aef71ceb9c4dd6996ffa877d46d64015882,ESTWVC,US,CA,San Diego City,32.830391,-117.120923,Yes,census.gov,Detached,1500,1,59,2,True,False,False,"3, 5, 6",3B,7,POINT (-117.120923 32.830391),666000.0,San Diego,25.0,6073,San Diego,6
d0abf851135243f53d4c864b850ea52a2504ea4c,ecobee4,US,CA,Los Angeles City,34.019394,-118.410825,Yes,census.gov,Semi-Detached,2000,1,60,0,False,False,False,"5, 10",3B,8,POINT (-118.410825 34.019394),644000.0,Los Angeles,25.0,6037,Los Angeles,6
d0c7ecefce6146d2871a0623b23445d078ce8e9c,ecobee3Lite,US,CA,Rancho Santa Margarita City,33.632332,-117.599008,Yes,census.gov,Detached,2000,2,20,0,False,False,False,"2, 4",3B,8,POINT (-117.599008 33.632332),659587.0,Rancho Santa Margarita,25.0,6059,Orange,6
d0d26358d264255140882043aba233e1651ecd1d,ESTWVC,US,CA,Elk Grove City,38.414621,-121.384961,Yes,census.gov,Detached,2500,2,1,3,True,False,False,"1, 2",3B,12,POINT (-121.384961 38.414621),622020.0,Elk Grove,25.0,6067,Sacramento,6
d0e7b187ac67fa3e028ef72de2762a99946f5306,undefined,US,CA,Aliso Viejo City,33.57921,-117.728898,Yes,census.gov,Detached,1001,2,33,0,True,False,False,0,3B,6,POINT (-117.728898 33.57921),600947.0,Aliso Viejo,25.0,6059,Orange,6
d0f870659b392b0332f76ef013b4f9c09c66a510,ESTWVC,US,CA,Pollock Pines CDP,38.757641,-120.590957,Yes,census.gov,Detached,3000,1,40,0,False,False,True,"3, 6",4B,16,POINT (-120.590957 38.757641),658030.0,Pollock Pines,57.0,6017,El Dorado,6
d101293da88ae8806f440ea14b073877733b0c38,undefined,US,CA,Grass Valley City,39.220305,-121.052654,Yes,census.gov,Townhouse,2501,2,120,0,True,False,False,0,5B,11,POINT (-121.052654 39.220305),630798.0,Grass Valley,25.0,6057,Nevada,6
d109c5c5292108a1104218be85f3cf4d85c0a75e,ecobee4,US,CA,Huntington Beach City,33.698007,-118.003834,Yes,census.gov,Row House,1001,1,61,0,False,False,False,"1, 2",3B,6,POINT (-118.003834 33.698007),636000.0,Huntington Beach,25.0,6059,Orange,6
d13fdc380a60103fa5455a7654488def7a2ac7a1,ecobee3,US,CA,Kingsburg City,36.525193,-119.566403,Yes,census.gov,Detached,2500,1,17,0,False,False,False,"0, 1, 2",3B,13,POINT (-119.566403 36.525193),638562.0,Kingsburg,25.0,6019,Fresno,6
d1758118ee54d274e154f9b3065ea8386ae0da0f,ecobee3Lite,US,CA,Rancho Cordova City,38.577079,-121.236187,Yes,census.gov,Null,2000,1,40,0,False,False,False,0,3B,12,POINT (-121.236187 38.577079),659444.0,Rancho Cordova,25.0,6067,Sacramento,6
d1e7c04276c4230948e0aac05197b66a918b19f2,SmartSi,US,CA,San Jose City,37.296011,-121.814552,Yes,census.gov,Townhouse,1500,2,25,4,False,False,False,0,3C,4,POINT (-121.814552 37.296011),668000.0,San Jose,25.0,6085,Santa Clara,6
d258fee5d495a36fb3dc4d407b74ab0decaaefea,undefined,US,CA,Truckee Town,39.350548,-120.193943,Yes,census.gov,Detached,3500,3,120,2,True,False,False,0,5B,16,POINT (-120.193943 39.350548),680588.0,Truckee,43.0,6057,Nevada,6
d263977d0e6894fd67971b43123aa04b1060f92a,ESTWVC,US,CA,Huntington Beach City,33.698007,-118.003834,Yes,census.gov,Apartment,1000,1,40,0,True,False,False,"1, 2",3B,6,POINT (-118.003834 33.698007),636000.0,Huntington Beach,25.0,6059,Orange,6
d297a75d84249a2b826c7bc7b7eba506ba2c7ff4,ESTWVC,US,CA,Penn Valley CDP,39.195297,-121.194153,Yes,census.gov,Detached,2000,1,30,7,True,False,True,"3, 6",5B,11,POINT (-121.194153 39.195297),656518.0,Penn Valley,57.0,6057,Nevada,6
d29d5a3a8f8a7301fe35e2cc7d2a6b88daa6f815,undefined,US,CA,Hanford City,36.328141,-119.654773,Yes,census.gov,Other,1501,1,2,0,True,False,False,0,3B,13,POINT (-119.654773 36.328141),631960.0,Hanford,25.0,6031,Kings,6
d32daf0cdf0d1d60daa655ed23ff1106bbfb41d9,ecobee3Lite,US,CA,El Centro City,32.786351,-115.560206,Yes,census.gov,Null,0,0,0,0,True,False,False,"0, 1",2B,15,POINT (-115.560206 32.786351),621782.0,El Centro,25.0,6025,Imperial,6
d38685d816d5a6bd5a890b92f7681307873b889a,ecobee3Lite,US,CA,Penn Valley CDP,39.195297,-121.194153,Yes,census.gov,Detached,1000,1,45,2,True,False,False,"1, 2",5B,11,POINT (-121.194153 39.195297),656518.0,Penn Valley,57.0,6057,Nevada,6
d3b92f23ff5aa22053c8e6742c58f8a60194b87f,ecobee3,US,CA,Spring Valley CDP,39.076053,-122.584512,Yes,census.gov,Detached,2500,2,30,4,False,False,True,"1, 2",4B,2,POINT (-122.584512 39.076053),673690.0,Spring Valley,57.0,6033,Lake,6
d3ce8ac9b5b97bb97933700c2ddadc907698d111,ecobee3Lite,US,CA,Chula Vista City,32.62767,-117.01517,Yes,census.gov,Detached,1500,1,40,1,False,False,False,0,3B,7,POINT (-117.01517 32.62767),613392.0,Chula Vista,25.0,6073,San Diego,6
d412073a186a346b37337ea25aea0ffd28381566,SmartSi,US,CA,Spring Valley CDP,39.076053,-122.584512,Yes,census.gov,Other,2000,1,60,6,False,False,False,0,4B,2,POINT (-122.584512 39.076053),673690.0,Spring Valley,57.0,6033,Lake,6
d41dba51d2b3139beb5fffc897f570701c892bb4,ecobee3Lite,US,CA,Oceanside City,33.224601,-117.306291,Yes,census.gov,Detached,2000,1,10,0,False,False,False,0,3B,7,POINT (-117.306291 33.224601),653322.0,Oceanside,25.0,6073,San Diego,6
d43d9a83e2cff8386eb6cb185dfd27bbdb9c5b4b,ecobee4,US,CA,Walnut Creek City,37.902666,-122.040479,Yes,census.gov,Detached,3000,2,40,4,False,False,False,"7, 8, 14",3B,12,POINT (-122.040479 37.902666),683346.0,Walnut Creek,25.0,6013,Contra Costa,6
d46e75cf29f5de741ed911de4e378528c6bbd0ea,undefined,US,CA,Costa Mesa City,33.665905,-117.912336,Yes,census.gov,Detached,1501,1,73,0,True,False,False,"0, 1, 3",3B,6,POINT (-117.912336 33.665905),616532.0,Costa Mesa,25.0,6059,Orange,6
d483b9493a946d0dc866ebb5d68cb78f3ca3fe01,ecobee3Lite,US,CA,Los Angeles City,34.019394,-118.410825,Yes,census.gov,Detached,1500,1,80,0,False,False,False,"2, 4",3B,8,POINT (-118.410825 34.019394),644000.0,Los Angeles,25.0,6037,Los Angeles,6
d499a30af3d42e62b09f135c794357825cbbf938,ecobee4,US,CA,Newhall,34.3798765,-118.5291917,Yes,photon,Condominium,1000,1,40,0,False,False,True,"1, 2",3B,9,POINT (-118.5291917 34.3798765),669088.0,Santa Clarita,25.0,6037,Los Angeles,6
d49b3bdec65b11f92df6a08e85f39d234209dffd,SmartSi,US,CA,Coto De Caza CD,33.597037,-117.586484,Yes,census.gov,Detached,4000,2,15,3,False,False,False,0,3B,8,POINT (-117.586484 33.597037),616580.0,Coto de Caza,57.0,6059,Orange,6
d4c1d702599abb9b9ace73636589a9ef7be70ae3,ESTWVC,US,CA,Carson City,33.840367,-118.249574,Yes,census.gov,Other,2001,2,51,0,True,False,False,"1, 2",3B,8,POINT (-118.249574 33.840367),611530.0,Carson,25.0,6037,Los Angeles,6
d58505bd1202655db51833288f644f3f50ac7548,ecobee3Lite,US,CA,Vallejo City,38.106909,-122.262339,Yes,census.gov,Null,0,0,0,0,False,False,False,0,3B,3,POINT (-122.262339 38.106909),681666.0,Vallejo,25.0,6095,Solano,6
d5d45159a5d8a8d632254f3b454f8732eb5cddd6,ecobee3Lite,US,CA,San Diego City,32.830391,-117.120923,Yes,census.gov,Other,1501,1,52,0,True,False,False,"0, 1, 2",3B,7,POINT (-117.120923 32.830391),666000.0,San Diego,25.0,6073,San Diego,6
d624e1db4e033050f1d1a2ba742186e410eef155,ecobee4,US,CA,Escondido City,33.133053,-117.074043,Yes,census.gov,Detached,2500,2,30,2,False,False,False,"1, 2",3B,10,POINT (-117.074043 33.133053),622804.0,Escondido,25.0,6073,San Diego,6
d689b6376f2d82791b0d31b1109724bc2b557b36,ecobee3Lite,US,CA,Santa Cruz City,36.974385,-122.035268,Yes,census.gov,Detached,501,1,10,0,False,False,False,0,3C,3,POINT (-122.035268 36.974385),669112.0,Santa Cruz,25.0,6087,Santa Cruz,6
d6bf4e2d553e5a8cfc8e723544a08cebdc3d9421,ecobee4,US,CA,Brawley City,32.978454,-115.528569,Yes,census.gov,Null,0,0,0,0,False,False,True,"3, 6",2B,15,POINT (-115.528569 32.978454),608058.0,Brawley,25.0,6025,Imperial,6
d7184bc4143ba2d7d38ee2559ee447db7899a1e1,ecobee3,US,CA,Whittier City,33.966827,-118.020122,Yes,census.gov,Row House,1501,1,72,0,True,False,False,"5, 10",3B,9,POINT (-118.020122 33.966827),685292.0,Whittier,25.0,6037,Los Angeles,6
d727d14657bb4be415143d46dda18ef481278a4b,ecobee4,US,CA,San Diego City,32.830391,-117.120923,Yes,census.gov,Detached,3500,2,17,3,False,False,False,"2, 4",3B,7,POINT (-117.120923 32.830391),666000.0,San Diego,25.0,6073,San Diego,6
d75f4622a39595f9c630cafd767d64064f48194b,ESTWVC,US,CA,San Diego City,32.830391,-117.120923,Yes,census.gov,Townhouse,500,3,40,0,True,False,True,"0, 1",3B,7,POINT (-117.120923 32.830391),666000.0,San Diego,25.0,6073,San Diego,6
d7d25c1bf5ebefa2501a712388d1c49a9d617955,SmartSi,US,CA,Fairfield City,38.261965,-122.032389,Yes,census.gov,Semi-Detached,2000,3,0,0,False,False,False,0,3B,12,POINT (-122.032389 38.261965),623182.0,Fairfield,25.0,6095,Solano,6
d805ea760447ca6e01564395fac97fe4e75e7e9a,ecobee3Lite,US,CA,Sacramento City,38.567694,-121.468161,Yes,census.gov,Detached,1500,1,70,2,True,False,False,"6, 7, 8, 12",3B,12,POINT (-121.468161 38.567694),664000.0,Sacramento,25.0,6067,Sacramento,6
d815b4a2b87ea0b767dde8be31617ba7cbace5c0,ecobee4,US,CA,Redlands City,34.053506,-117.170476,Yes,census.gov,Other,2500,2,97,0,False,False,False,"1, 2",3B,10,POINT (-117.170476 34.053506),659962.0,Redlands,25.0,6071,San Bernardino,6
d8be84c5c5aa6d7e69bc07762041f19e7d07bb13,ecobee3,US,CA,Plumas Lake CDP,38.979131,-121.558056,Yes,census.gov,Detached,2000,1,15,2,False,False,False,0,3B,11,POINT (-121.558056 38.979131),657829.0,Plumas Lake,57.0,6115,Yuba,6
d8ea70784f3bbba234cc0a56ad05a2d6964dbf95,ESTWVC,US,CA,San Jose City,37.296011,-121.814552,Yes,census.gov,Condominium,1500,2,40,3,True,False,False,"13, 26",3C,4,POINT (-121.814552 37.296011),668000.0,San Jose,25.0,6085,Santa Clara,6
d8f0c6f9e6a17ed5dd025e08e7f664b7caff013d,ecobee4,US,CA,Stockton City,37.976553,-121.308598,Yes,census.gov,Row House,2000,2,15,0,True,False,False,"1, 2",3B,12,POINT (-121.308598 37.976553),675000.0,Stockton,25.0,6077,San Joaquin,6
d91eae942e97efcc06b3fe1f59b6f64f4ecb81ea,ecobee3Lite,US,CA,Truckee Town,39.350548,-120.193943,Yes,census.gov,Detached,3001,1,42,0,False,False,True,"0, 2",5B,16,POINT (-120.193943 39.350548),680588.0,Truckee,43.0,6057,Nevada,6
d927d061ec8eb84c332c058b5066756baf5bb7e3,ecobee3Lite,US,CA,June Lake CDP,37.761783,-119.114729,Yes,census.gov,Other,1501,3,0,0,True,False,False,"4, 8",6B,16,POINT (-119.114729 37.761783),637624.0,June Lake,57.0,6051,Mono,6
d950c43881663cab8289b1c48a15deddd47b9636,ecobee3,US,CA,San Diego City,32.830391,-117.120923,Yes,census.gov,Detached,3500,2,20,6,False,False,False,"3, 6",3B,7,POINT (-117.120923 32.830391),666000.0,San Diego,25.0,6073,San Diego,6
d9601c32469555c54c88501410242a2527813257,ecobee3Lite,US,CA,Dunsmuir City,41.231526,-122.270939,Yes,census.gov,Detached,501,2,120,0,False,False,False,0,5B,16,POINT (-122.270939 41.231526),620242.0,Dunsmuir,25.0,6093,Siskiyou,6
da16d31523df01b4cbfae9c535a6a941b6d23e37,ecobee3Lite,US,CA,Sacramento City,38.567694,-121.468161,Yes,census.gov,Townhouse,2000,1,47,0,False,False,False,0,3B,12,POINT (-121.468161 38.567694),664000.0,Sacramento,25.0,6067,Sacramento,6
da20af4e6070f3d768c0a8f59b6b298f59a53e43,ecobee3Lite,US,CA,Irvine City,33.678399,-117.771254,Yes,census.gov,Detached,2000,2,30,4,False,False,False,0,3B,8,POINT (-117.771254 33.678399),636770.0,Irvine,25.0,6059,Orange,6
da25d1f2fda8ef9214aef96801ca69f6754390e5,SmartSi,US,CA,San Jose City,37.296011,-121.814552,Yes,census.gov,Detached,2000,1,45,4,False,False,False,0,3C,4,POINT (-121.814552 37.296011),668000.0,San Jose,25.0,6085,Santa Clara,6
da40e1be7d11567487ce0333bfcf58a9123fd0f8,ecobee3,US,CA,Hayward City,37.626826,-122.104015,Yes,census.gov,Other,1812,1,0,0,False,False,False,"0, 1, 2",3C,3,POINT (-122.104015 37.626826),633000.0,Hayward,25.0,6001,Alameda,6
da6ff42adff9746e5485273d3ce5e201b870a35b,ecobee3,US,CA,Chino Hills City,33.942969,-117.725648,Yes,census.gov,Detached,1500,1,40,3,False,False,False,"3, 6",3B,10,POINT (-117.725648 33.942969),613214.0,Chino Hills,25.0,6071,San Bernardino,6
da953d026d80eb5d76ff0e34e08d46420f9834d5,ecobee3Lite,US,CA,Santa Ana City,33.736332,-117.8829,Yes,census.gov,Detached,2500,1,60,0,False,False,False,"0, 2, 4",3B,8,POINT (-117.8829 33.736332),669000.0,Santa Ana,25.0,6059,Orange,6
daccf2379e81b00365e277c53232cd92872d0ffc,ecobee3Lite,US,CA,Yorba Linda City,33.889038,-117.77207,Yes,census.gov,Condominium,1500,1,35,0,False,False,False,0,3B,8,POINT (-117.77207 33.889038),686832.0,Yorba Linda,25.0,6059,Orange,6
dafac339e3e6f74431b292b114417a5b84e7da34,ecobee3,US,CA,El Dorado Hills CDP,38.676082,-121.0477,Yes,census.gov,Detached,3500,2,15,5,False,False,False,"1, 2",4B,12,POINT (-121.0477 38.676082),621880.0,El Dorado Hills,57.0,6017,El Dorado,6
db17bd26144db8f79546ad71a85051b2868a75fc,ecobee3Lite,US,CA,Foresthill CDP,39.005286,-120.831355,Yes,census.gov,Detached,3000,2,10,0,False,False,False,0,3B,16,POINT (-120.831355 39.005286),624834.0,Foresthill,57.0,6061,Placer,6
db1ae1f36f019e4e38dd878325ed047f752c44c6,undefined,US,CA,Visalia City,36.32921,-119.326984,Yes,census.gov,Other,500,2,22,0,True,False,False,0,3B,13,POINT (-119.326984 36.32921),682954.0,Visalia,25.0,6107,Tulare,6
db6780bfed98b4e14abdf1cd17f6b10c54f984a2,ecobee3,US,CA,Rancho Cucamonga City,34.130306,-117.566067,Yes,census.gov,Detached,1900,2,30,3,False,False,False,"3, 6",3B,10,POINT (-117.566067 34.130306),659451.0,Rancho Cucamonga,25.0,6071,San Bernardino,6
dbe4339cb9e12d354738d7cb94886750f9aa8e28,ecobee4,US,CA,Nevada City,39.259608,-121.033326,Yes,census.gov,Detached,2500,1,55,2,True,False,False,"2, 4",5B,11,POINT (-121.033326 39.259608),650874.0,Nevada City,25.0,6057,Nevada,6
dbf909237fabf03216acb6774a19be297d0c6bd2,ecobee4,US,CA,Placerville City,38.731116,-120.797677,Yes,census.gov,Detached,3000,1,30,4,False,False,True,"0, 1, 2",4B,12,POINT (-120.797677 38.731116),657540.0,Placerville,25.0,6017,El Dorado,6
dc7f350f534dd9bcfe41eaaff3bdb2e6e8eeea32,ecobee4,US,CA,Milpitas City,37.433136,-121.890934,Yes,census.gov,Null,2000,2,30,3,False,False,False,"2, 3, 4, 6",3C,4,POINT (-121.890934 37.433136),647766.0,Milpitas,25.0,6085,Santa Clara,6
dc8cb9c13205dcfc9a2635931723d803b46a6162,undefined,US,CA,Santa Clarita City,34.416504,-118.500693,Yes,census.gov,Detached,3501,1,2,0,True,False,False,"0, 1, 2",3B,9,POINT (-118.500693 34.416504),669088.0,Santa Clarita,25.0,6037,Los Angeles,6
dd325fbeea13f57700e331e6ce12d8b7a9a900c7,ecobee4,US,CA,Arcadia City,34.132689,-118.036347,Yes,census.gov,Detached,2500,1,50,4,False,False,False,"1, 2",3B,9,POINT (-118.036347 34.132689),602462.0,Arcadia,25.0,6037,Los Angeles,6
dd541b027d3488dc81ab9426619c3aaa40eafc42,SmartSi,US,CA,Healdsburg City,38.622526,-122.865133,Yes,census.gov,Detached,1501,1,70,2,False,False,False,0,3C,2,POINT (-122.865133 38.622526),633056.0,Healdsburg,25.0,6097,Sonoma,6
dd6cb53bb2789cb29737475b2e7e5ce7f0d3f779,ecobee3,US,CA,Roseville City,38.770296,-121.319634,Yes,census.gov,Detached,2000,2,55,2,True,False,False,"5, 10",3B,11,POINT (-121.319634 38.770296),662938.0,Roseville,25.0,6061,Placer,6
dde3a6bfa3dfa6c09073e67d4e5a11f62384c35d,SmartSi,US,CA,Chula Vista City,32.62767,-117.01517,Yes,census.gov,Detached,3000,2,90,6,False,False,True,0,3B,7,POINT (-117.01517 32.62767),613392.0,Chula Vista,25.0,6073,San Diego,6
de2f11d0c4964f9de88bea62ebe327fcf2ba1b2c,ESTWVC,US,CA,La Jolla,32.8401623,-117.2740777,Yes,photon,Detached,3001,2,29,0,True,False,False,"3, 6",3B,7,POINT (-117.2740777 32.8401623),666000.0,San Diego,25.0,6073,San Diego,6
de3833e9fcba2da9878f31144841760cd7f9d438,ecobee4,US,CA,Los Angeles City,34.019394,-118.410825,Yes,census.gov,Condominium,1000,1,5,2,False,False,True,"1, 2",3B,8,POINT (-118.410825 34.019394),644000.0,Los Angeles,25.0,6037,Los Angeles,6
de8504cb316a1e705cffddae8d2948e283575bb1,ecobee3Lite,US,CA,Union City,37.5872576,-122.0215737,Yes,photon,Detached,2500,2,20,0,False,False,False,"1, 2",3C,3,POINT (-122.0215737 37.5872576),681204.0,Union City,25.0,6001,Alameda,6
de87a3fb928a7d1b0d2041437d75a7f0369499fe,undefined,US,CA,Stanford CDP,37.426933,-122.167741,Yes,census.gov,Apartment,500,1,2,0,True,False,True,0,3C,4,POINT (-122.167741 37.426933),673906.0,Stanford,57.0,6085,Santa Clara,6
dedb4fa04efa5d95bfc3ce96c70fa5daa4c65b75,ecobee3Lite,US,CA,San Ramon City,37.765258,-121.931987,Yes,census.gov,Detached,3000,2,15,0,False,False,False,"1, 2",3B,12,POINT (-121.931987 37.765258),668378.0,San Ramon,25.0,6013,Contra Costa,6
df38ba9b7293cbdcfef2fc4109a1d45788704e86,undefined,US,CA,Fair Oaks CDP,38.650154,-121.25097,Yes,census.gov,Detached,2501,2,62,4,True,False,False,1,3B,12,POINT (-121.25097 38.650154),623294.0,Fair Oaks,57.0,6067,Sacramento,6
df5cb61b5ffff480a781c59d79baac9d86b2be00,ecobee3Lite,US,CA,Murrieta City,33.573214,-117.191007,Yes,census.gov,Detached,3000,2,25,3,True,False,False,"3, 6",3B,10,POINT (-117.191007 33.573214),650076.0,Murrieta,25.0,6065,Riverside,6
df625c713a398d19c8b1114118212f2914e578f2,ecobee3,US,CA,Fremont City,37.49446,-121.94115,Yes,census.gov,Null,1500,2,10,4,False,False,False,"3, 6",3C,3,POINT (-121.94115 37.49446),626000.0,Fremont,25.0,6001,Alameda,6
dfc314788dae55414e82d96dbe78f9d839a6398c,ecobee3Lite,US,CA,Newark City,37.504253,-122.03191,Yes,census.gov,Detached,3000,2,0,0,False,False,False,"1, 2",3C,3,POINT (-122.03191 37.504253),650916.0,Newark,25.0,6001,Alameda,6
dfce2198346c6e97d0bbbbe5d52795a8f784a6dd,ecobee4,US,CA,Nevada City,39.259608,-121.033326,Yes,census.gov,Other,1001,2,45,4,False,False,False,"2, 4",5B,11,POINT (-121.033326 39.259608),650874.0,Nevada City,25.0,6057,Nevada,6
dffb89dde03179559e9770704ba69330f231dd45,undefined,US,CA,Bakersfield City,35.353171,-119.037919,Yes,census.gov,Row House,1501,1,52,0,True,False,False,"1, 2",3B,13,POINT (-119.037919 35.353171),603526.0,Bakersfield,25.0,6029,Kern,6
e0139970320753dd49d6646898e686e4dfaa7509,ESTWVC,US,CA,Lancaster City,34.693558,-118.175305,Yes,census.gov,Null,0,0,0,0,True,False,False,0,3B,14,POINT (-118.175305 34.693558),640130.0,Lancaster,25.0,6037,Los Angeles,6
e032a2539aec7e68d8e80c5f31e0eb5ac8afcc5b,undefined,US,CA,La Habra City,33.927927,-117.951554,Yes,census.gov,Condominium,1500,2,42,3,True,False,False,"2, 3",3B,8,POINT (-117.951554 33.927927),639290.0,La Habra,25.0,6059,Orange,6
e04f9a2ebfe701e8de6c7d0ef577393284d804ab,ecobee4,US,CA,Cameron Park CDP,38.674029,-120.988338,Yes,census.gov,Detached,1500,2,17,0,False,False,False,"5, 10",4B,12,POINT (-120.988338 38.674029),610256.0,Cameron Park,57.0,6017,El Dorado,6
e0dda1052720d0f1524fb91e8a551a29593d6595,ecobee3,US,CA,Garden Grove City,33.778782,-117.960472,Yes,census.gov,Detached,1500,2,5,4,False,False,False,"1, 2",3B,8,POINT (-117.960472 33.778782),629000.0,Garden Grove,25.0,6059,Orange,6
e1274741b4928548f9c70d5b209011ab8699dc67,ecobee4,US,CA,San Jose City,37.296011,-121.814552,Yes,census.gov,Detached,3500,1,20,4,False,False,False,"1, 2",3C,4,POINT (-121.814552 37.296011),668000.0,San Jose,25.0,6085,Santa Clara,6
e1907c4f89b79fd5d8b2bb38a4f23b161690d7b6,ecobee3Lite,US,CA,Roseville City,38.770296,-121.319634,Yes,census.gov,Detached,2000,1,77,3,False,False,False,"1, 2",3B,11,POINT (-121.319634 38.770296),662938.0,Roseville,25.0,6061,Placer,6
e28e5afc7d22fcf39fab99de768fe76e4f53a83b,ecobee4,US,CA,Palo Alto City,37.39652,-122.143088,Yes,census.gov,Detached,3000,3,10,0,False,False,False,0,3C,4,POINT (-122.143088 37.39652),655282.0,Palo Alto,25.0,6085,Santa Clara,6
e29fd85125c39585101e67a466b1bf7b3535529b,ecobee4,US,CA,El Dorado Hills CDP,38.676082,-121.0477,Yes,census.gov,Other,3500,2,30,2,True,False,False,"1, 2",4B,12,POINT (-121.0477 38.676082),621880.0,El Dorado Hills,57.0,6017,El Dorado,6
e2b9f980264a20e2f4215cc199965020d58ac14b,ecobee3Lite,US,CA,Brea City,33.925178,-117.865111,Yes,census.gov,Null,0,0,0,0,True,False,False,0,3B,8,POINT (-117.865111 33.925178),608100.0,Brea,25.0,6059,Orange,6
e2ccd148f0d7a380a92030e5d15256ad2043423f,ecobee4,US,CA,Fremont City,37.49446,-121.94115,Yes,census.gov,Null,0,0,0,0,False,False,False,"1, 2",3C,3,POINT (-121.94115 37.49446),626000.0,Fremont,25.0,6001,Alameda,6
e2d5cb6c15763bb35a597019ee9ab09c274be067,ecobee3Lite,US,CA,Elk Grove City,38.414621,-121.384961,Yes,census.gov,Detached,3500,2,10,0,False,False,False,0,3B,12,POINT (-121.384961 38.414621),622020.0,Elk Grove,25.0,6067,Sacramento,6
e2f8afe3ad97e7bdc776c39f692bfe85d0eb05d2,ecobee4,US,CA,Rancho Santa Fe CDP,33.025814,-117.198148,Yes,census.gov,Detached,7500,2,30,0,False,False,False,"1, 2",3B,7,POINT (-117.198148 33.025814),659584.0,Rancho Santa Fe,57.0,6073,San Diego,6
e313c12fa7473974701dda49614d3ad6a7d2b5dc,ecobee3Lite,US,CA,Carlsbad City,33.129284,-117.284183,Yes,census.gov,Detached,3500,2,10,0,False,False,False,"1, 2",3B,7,POINT (-117.284183 33.129284),611194.0,Carlsbad,25.0,6073,San Diego,6
e335dda4945afd1139826e5caa8e8a56371022be,ecobee3,US,CA,Van Nuys,34.1943707,-118.4659127,Yes,photon,Townhouse,2000,4,35,3,False,False,False,"6, 12",3B,9,POINT (-118.4659127 34.1943707),644000.0,Los Angeles,25.0,6037,Los Angeles,6
e33dd3cf4dd31266a65414ea1ad82e7b39387e87,ecobee3Lite,US,CA,La Palma City,33.850616,-118.039565,Yes,census.gov,Townhouse,1500,2,40,4,False,False,False,"6, 12",3B,8,POINT (-118.039565 33.850616),640256.0,La Palma,25.0,6059,Orange,6
e33e801bdd4ea7ce03c79123ea95ec48ea28cff3,ESTWVC,US,CA,Mission Viejo City,33.609335,-117.656471,Yes,census.gov,Detached,3001,2,39,0,True,False,False,0,3B,8,POINT (-117.656471 33.609335),648256.0,Mission Viejo,25.0,6059,Orange,6
e344504cfd0f6e1807d2a9870c49b02d6c83e398,SmartSi,US,CA,Laguna Hills City,33.591216,-117.697621,Yes,census.gov,Null,0,0,0,0,False,False,False,0,3B,6,POINT (-117.697621 33.591216),639220.0,Laguna Hills,25.0,6059,Orange,6
e354abd4b1fa310f2d8e1e6fb6ebc2df388cf4aa,ESTWVC,US,CA,Placerville City,38.731116,-120.797677,Yes,census.gov,Detached,1001,2,30,0,True,False,False,"1, 2",4B,12,POINT (-120.797677 38.731116),657540.0,Placerville,25.0,6017,El Dorado,6
e36171f8ef61e35963942847cbfa3886d5eb7bd0,ecobee3Lite,US,CA,Grass Valley City,39.220305,-121.052654,Yes,census.gov,Other,2000,2,35,5,False,False,False,0,5B,11,POINT (-121.052654 39.220305),630798.0,Grass Valley,25.0,6057,Nevada,6
e36ba1a8dafdb85eeaaafc507386699f181cfc7f,ESTWVC,US,CA,San Luis Obispo City,35.266195,-120.668438,Yes,census.gov,Detached,2500,2,29,4,True,False,False,"3, 6",3C,5,POINT (-120.668438 35.266195),668154.0,San Luis Obispo,25.0,6079,San Luis Obispo,6
e3912e429529b3788bae26b67daa2ff86a2654d5,ecobee3,US,CA,San Diego City,32.830391,-117.120923,Yes,census.gov,Detached,3000,2,15,4,False,False,False,"4, 8",3B,7,POINT (-117.120923 32.830391),666000.0,San Diego,25.0,6073,San Diego,6
e39fcd6f82880fa91f5a125f6391b3802c2e2c17,ecobee3Lite,US,CA,Corona City,33.861969,-117.565495,Yes,census.gov,Detached,4000,2,15,0,False,False,False,0,3B,10,POINT (-117.565495 33.861969),616350.0,Corona,25.0,6065,Riverside,6
e3a704c72f8b43a2d20a074f224bed1f7222c087,ecobee3Lite,US,CA,Riverside City,33.938143,-117.393168,Yes,census.gov,Condominium,1000,1,45,0,False,False,False,0,3B,10,POINT (-117.393168 33.938143),662000.0,Riverside,25.0,6065,Riverside,6
e3b347a1789d6e632b5a96661c876d665277a8b0,undefined,US,CA,Hayward City,37.626826,-122.104015,Yes,census.gov,Apartment,1501,2,32,0,True,False,False,"4, 8",3C,3,POINT (-122.104015 37.626826),633000.0,Hayward,25.0,6001,Alameda,6
e3cfc7e3c28316668b06f6b2537d823698d720a7,ESTWVC,US,CA,Fresno City,36.782684,-119.793359,Yes,census.gov,Condominium,1001,1,41,0,True,False,False,"1, 2",3B,13,POINT (-119.793359 36.782684),627000.0,Fresno,25.0,6019,Fresno,6
e439fa4ed635ea0736b61da37deb0e98ebec0a76,ecobee4,US,CA,Bakersfield City,35.353171,-119.037919,Yes,census.gov,Detached,2500,1,37,3,False,False,False,0,3B,13,POINT (-119.037919 35.353171),603526.0,Bakersfield,25.0,6029,Kern,6
e47dafeb939aaab34074b4a50a626b2eff0e4bfc,SmartSi,US,CA,San Diego City,32.830391,-117.120923,Yes,census.gov,Null,0,0,0,0,False,False,False,0,3B,7,POINT (-117.120923 32.830391),666000.0,San Diego,25.0,6073,San Diego,6
e4a628091b8777b0c338b2e5b973641a217691a4,ecobee3Lite,US,CA,Rancho Murieta CDP,38.500701,-121.074021,Yes,census.gov,Detached,2500,1,30,2,True,False,True,0,3B,12,POINT (-121.074021 38.500701),659506.0,Rancho Murieta,57.0,6067,Sacramento,6
e4cd3d802aae32d3ec5bfaa60e4ab6001d7eaac2,SmartSi,US,CA,Livermore City,37.686977,-121.759781,Yes,census.gov,Detached,2500,1,45,5,False,False,False,0,3C,12,POINT (-121.759781 37.686977),641992.0,Livermore,25.0,6001,Alameda,6
e51c79d229f5aaa8e3812b4aa9360d6f9dbef62c,ecobee4,US,CA,San Diego City,32.830391,-117.120923,Yes,census.gov,Row House,2500,2,20,0,True,False,False,"4, 8",3B,7,POINT (-117.120923 32.830391),666000.0,San Diego,25.0,6073,San Diego,6
e5671a97adf9be00f0f2634cceac3ea9b8de3258,ecobee4,US,CA,Shingle Springs CDP,38.665855,-120.936208,Yes,census.gov,Detached,4500,2,30,3,True,False,False,"1, 2",4B,12,POINT (-120.936208 38.665855),671554.0,Shingle Springs,57.0,6017,El Dorado,6
e5880dbcc45af4793a6562b9665a68797b5c6ea1,ESTWVC,US,CA,Stockton City,37.976553,-121.308598,Yes,census.gov,Null,0,0,0,0,True,False,False,0,3B,12,POINT (-121.308598 37.976553),675000.0,Stockton,25.0,6077,San Joaquin,6
e61e83fdfa0e1ef9f6033c8dea0af3282a2517aa,ecobee4,US,CA,Ventura,34.2804923,-119.2945199,Yes,google,Row House,1500,1,67,3,False,False,False,"1, 2",3C,6,POINT (-119.2945199 34.2804923),665042.0,San Buenaventura (Ventura),25.0,6111,Ventura,6
e69f7a9847345238c0d58a4e01f1078b3933e646,ecobee4,US,CA,Wildomar City,33.617278,-117.258312,Yes,census.gov,Detached,2000,2,20,3,False,False,False,"3, 5, 6",3B,10,POINT (-117.258312 33.617278),685446.0,Wildomar,25.0,6065,Riverside,6
e6c23f9cb0c88fee705e7683961d11d92d52e53f,SmartSi,US,CA,San Clemente City,33.449143,-117.61312,Yes,census.gov,Detached,2500,2,15,4,False,False,False,0,3B,6,POINT (-117.61312 33.449143),665084.0,San Clemente,25.0,6059,Orange,6
e74acd25fa1f81e98d1fd6194c30c51c5cd4afb4,ecobee3,US,CA,Murrieta City,33.573214,-117.191007,Yes,census.gov,Detached,2500,2,0,4,False,False,False,"2, 3, 6",3B,10,POINT (-117.191007 33.573214),650076.0,Murrieta,25.0,6065,Riverside,6
e77f6ba179d8e399c1eb5153d37ec1c5f36f2e44,ecobee3,US,CA,Los Angeles City,34.019394,-118.410825,Yes,census.gov,Other,0,0,0,0,False,False,False,0,3B,8,POINT (-118.410825 34.019394),644000.0,Los Angeles,25.0,6037,Los Angeles,6
e797f7ee193d674ea13371201ae462b15ad065bd,undefined,US,CA,Elk Grove City,38.414621,-121.384961,Yes,census.gov,Detached,2500,2,35,4,True,False,False,"7, 8, 9",3B,12,POINT (-121.384961 38.414621),622020.0,Elk Grove,25.0,6067,Sacramento,6
e7b0de6996943fb226defbaed59eb3b8a1420cb7,ecobee4,US,CA,South Lake Tahoe City,38.928218,-119.981,Yes,census.gov,Detached,1500,2,30,0,False,False,False,"1, 2",4B,16,POINT (-119.981 38.928218),673108.0,South Lake Tahoe,25.0,6017,El Dorado,6
e7d23b32304f6b6b9ffcecfa44bbfb6dbcc8036a,ecobee3Lite,US,CA,Glendale City,34.181393,-118.24583,Yes,census.gov,Detached,2000,1,50,0,True,False,True,"2, 4",3B,9,POINT (-118.24583 34.181393),630000.0,Glendale,25.0,6037,Los Angeles,6
e7ef389f7c6cb3258a884055cb6e7950de0dd625,ESTWVC,US,CA,Trabuco Canyon CDP,33.678228,-117.594009,Yes,census.gov,Row House,2501,2,29,0,True,False,False,"1, 2, 3",3B,8,POINT (-117.594009 33.678228),680210.0,Trabuco Canyon,57.0,6059,Orange,6
e7fa14e9e1f1ce7f40fc44864b718d6e2fe9f786,ecobee4,US,CA,Quincy CDP,39.931017,-120.954886,Yes,census.gov,Townhouse,2000,1,30,2,True,False,False,"2, 4",5B,16,POINT (-120.954886 39.931017),659080.0,Quincy,57.0,6063,Plumas,6
e81d34dc73bcc8a32076560f428aacaf7f8719a9,ecobee3,US,CA,San Marcos City,33.132567,-117.169892,Yes,census.gov,Detached,4000,2,10,4,False,False,False,"3, 6",3B,10,POINT (-117.169892 33.132567),668196.0,San Marcos,25.0,6073,San Diego,6
e842732961f817822add5de7935655cebf9b4fba,ecobee4,US,CA,Oak Park CDP,34.184984,-118.76694,Yes,census.gov,Detached,2000,1,40,4,False,False,False,"3, 6",3C,9,POINT (-118.76694 34.184984),653116.0,Oak Park,57.0,6111,Ventura,6
e8de8629251f3e2678fb598ba3e8080d884c6d30,ecobee3Lite,US,CA,Carmichael CDP,38.630812,-121.325636,Yes,census.gov,Detached,2000,1,40,2,True,False,True,"2, 4",3B,12,POINT (-121.325636 38.630812),611390.0,Carmichael,57.0,6067,Sacramento,6
e92c6ba7d786777148a68cf78a614ec0de95de75,undefined,US,CA,San Diego City,32.830391,-117.120923,Yes,census.gov,Condominium,1001,1,22,0,True,False,True,0,3B,7,POINT (-117.120923 32.830391),666000.0,San Diego,25.0,6073,San Diego,6
e96804243eff46d83365fc64faebe4bf80799329,ecobee3,US,CA,Ontario City,34.037042,-117.605956,Yes,census.gov,Detached,2500,2,40,2,False,False,False,"1, 2",3B,10,POINT (-117.605956 34.037042),653896.0,Ontario,25.0,6071,San Bernardino,6
e9a8faff722da44fdafb05f3518c58a3d12e82c5,ESTWVC,US,CA,San Clemente City,33.449143,-117.61312,Yes,census.gov,Detached,4001,2,19,0,True,False,False,"3, 6",3B,6,POINT (-117.61312 33.449143),665084.0,San Clemente,25.0,6059,Orange,6
e9ae0398fe3a8c58a89d995ae4eed52ca2a347c8,ecobee3,US,CA,Riverside City,33.938143,-117.393168,Yes,census.gov,Null,0,0,0,0,True,False,False,0,3B,10,POINT (-117.393168 33.938143),662000.0,Riverside,25.0,6065,Riverside,6
e9d6ad8849770656aa63226111b656d721447cc8,ESTWVC,US,CA,Sacramento City,38.567694,-121.468161,Yes,census.gov,Detached,2500,2,5,3,True,False,False,"3, 6",3B,12,POINT (-121.468161 38.567694),664000.0,Sacramento,25.0,6067,Sacramento,6
e9fe80c162741119118c8a8acebc041099069dd0,ecobee3,US,CA,Foster City,37.56482,-122.250782,Yes,census.gov,Detached,3000,2,40,3,False,False,False,0,3C,3,POINT (-122.250782 37.56482),625338.0,Foster City,25.0,6081,San Mateo,6
ea342868b90f1635b5a1bf6919dc44566b3e3769,undefined,US,CA,Spring Valley CDP,39.076053,-122.584512,Yes,census.gov,Detached,2500,1,120,3,True,False,True,5,4B,2,POINT (-122.584512 39.076053),673690.0,Spring Valley,57.0,6033,Lake,6
ea4b3943a6c8d5421f9830b5eefff2a34dad4884,ecobee4,US,CA,Sloughhouse,38.4957417,-121.193836,Yes,photon,Null,0,0,0,0,True,False,True,0,3B,12,POINT (-121.193836 38.4957417),,,,6067,Sacramento,6
ea66d8cc7de1af1da333c9ddb545286b4b2070b3,ecobee3Lite,US,CA,Signal Hill City,33.803461,-118.169735,Yes,census.gov,Detached,1898,2,0,0,False,False,False,"2, 4",3B,6,POINT (-118.169735 33.803461),671876.0,Signal Hill,25.0,6037,Los Angeles,6
eadf7ebf6565183d188782828b59855a0a15eefc,ecobee3Lite,US,CA,Gilroy City,37.006407,-121.585321,Yes,census.gov,Detached,8000,1,27,0,False,False,False,"2, 4",3C,4,POINT (-121.585321 37.006407),629504.0,Gilroy,25.0,6085,Santa Clara,6
eaea52acbad24cddf95df36968b4b2ed9d23b297,ecobee3Lite,US,CA,Davis City,38.556147,-121.737793,Yes,census.gov,Detached,1500,1,40,2,True,False,True,"2, 4",3B,12,POINT (-121.737793 38.556147),618100.0,Davis,25.0,6113,Yolo,6
eb30ca1605c483adb4f71d54b2c6cf05cc9bcf38,ecobee4,US,CA,Riverside City,33.938143,-117.393168,Yes,census.gov,Other,1500,2,67,0,False,False,False,"1, 2",3B,10,POINT (-117.393168 33.938143),662000.0,Riverside,25.0,6065,Riverside,6
eb614727c4200b9ae0f254d05c700a9f98bbb271,ecobee3Lite,US,CA,Mammoth Lakes Town,37.624435,-118.988432,Yes,census.gov,Null,0,0,0,0,True,False,False,0,6B,16,POINT (-118.988432 37.624435),645358.0,Mammoth Lakes,43.0,6051,Mono,6
eb846a25227eb050efc9479938db64e68ccf9d43,ecobee3Lite,US,CA,San Carlos City,37.499034,-122.267572,Yes,census.gov,Detached,1500,1,70,3,True,False,False,"0, 2, 4",3C,3,POINT (-122.267572 37.499034),665070.0,San Carlos,25.0,6081,San Mateo,6
eb9507e9b931d32b2f080390a0a212b8a29d2c58,SmartSi,US,CA,Ladera Ranch CDP,33.549146,-117.641741,Yes,census.gov,Detached,2500,2,0,0,False,False,False,0,3B,8,POINT (-117.641741 33.549146),639114.0,Ladera Ranch,57.0,6059,Orange,6
eba941f36cb3d10b46a10c32aaeed8d8e33357b0,ecobee3,US,CA,Kirkwood CDP,38.689265,-120.054979,Yes,census.gov,Detached,3000,3,10,0,False,False,False,0,6B,16,POINT (-120.054979 38.689265),638646.0,Kirkwood,57.0,6003,Alpine,6
ebaeeb144b10af310196c9fdb4821eabc97f9d76,ecobee4,US,CA,Downieville CDP,39.578643,-120.816405,Yes,census.gov,Other,2500,3,70,0,False,False,False,"1, 2",5B,16,POINT (-120.816405 39.578643),619794.0,Downieville,57.0,6091,Sierra,6
ebb7f23fa327d74fd75e8ef30ec41a07a62a4848,ecobee3Lite,US,CA,Hayward City,37.626826,-122.104015,Yes,census.gov,Detached,1500,1,60,0,False,False,False,0,3C,3,POINT (-122.104015 37.626826),633000.0,Hayward,25.0,6001,Alameda,6
ec362584265004c090ebd8243f535fcab01f23c8,ecobee4,US,CA,Westminster City,33.752292,-117.993868,Yes,census.gov,Detached,2000,1,50,0,False,False,False,"1, 2",3B,6,POINT (-117.993868 33.752292),684550.0,Westminster,25.0,6059,Orange,6
ec89e4cc09a5cd5bb9a3eb14900ed9eee6433190,ESTWVC,US,CA,Los Angeles City,34.019394,-118.410825,Yes,census.gov,Townhouse,5501,1,120,0,True,False,False,"1, 2",3B,8,POINT (-118.410825 34.019394),644000.0,Los Angeles,25.0,6037,Los Angeles,6
ec92acbfc77ba10c97ffbebbc57aa85398bb4ccd,ecobee3,US,CA,San Jose City,37.296011,-121.814552,Yes,census.gov,Detached,1500,1,65,4,False,False,False,"1, 2",3C,4,POINT (-121.814552 37.296011),668000.0,San Jose,25.0,6085,Santa Clara,6
ecb1fddde9fabb10d1b9f3036a1e4fe3c811f652,undefined,US,CA,El Dorado Hills CDP,38.676082,-121.0477,Yes,census.gov,Detached,2501,1,3,"0, 1",True,False,False,1,4B,12,POINT (-121.0477 38.676082),621880.0,El Dorado Hills,57.0,6017,El Dorado,6
ece0044126bb81064d5b06f230b4018fad275fb7,ecobee3,US,CA,Oceanside City,33.224601,-117.306291,Yes,census.gov,Detached,3500,2,17,0,False,False,False,"2, 3, 6",3B,7,POINT (-117.306291 33.224601),653322.0,Oceanside,25.0,6073,San Diego,6
ed3b294a61308ad1c5c050b8c187caf2f2155779,ESTWVC,US,CA,San Diego City,32.830391,-117.120923,Yes,census.gov,Detached,"2001, 2500",2,32,"2, 3",True,False,False,2,3B,7,POINT (-117.120923 32.830391),666000.0,San Diego,25.0,6073,San Diego,6
edfd85bcdf763cb034e5c0a4a628fa435c263ff4,ecobee3,US,CA,Fremont City,37.49446,-121.94115,Yes,census.gov,Detached,3500,2,5,4,False,False,False,"1, 2",3C,3,POINT (-121.94115 37.49446),626000.0,Fremont,25.0,6001,Alameda,6
ee2e56da947cb3fbbb3d6486091065d7effb6122,ESTWVC,US,CA,Hawthorne City,33.914775,-118.348083,Yes,census.gov,Apartment,2501,2,59,0,True,False,False,0,3B,8,POINT (-118.348083 33.914775),632548.0,Hawthorne,25.0,6037,Los Angeles,6
ee59f1146e532efcfa0bd83940b0f912fd0cd46a,ecobee3Lite,US,CA,Rocklin City,38.806868,-121.249696,Yes,census.gov,Other,3500,2,5,5,False,False,False,"2, 4",3B,11,POINT (-121.249696 38.806868),662364.0,Rocklin,25.0,6061,Placer,6
eeb7a0014c42a62d30b2187029f1b57bbc39cb13,ecobee4,US,CA,San Diego City,32.830391,-117.120923,Yes,census.gov,Detached,3500,2,5,2,False,False,False,0,3B,7,POINT (-117.120923 32.830391),666000.0,San Diego,25.0,6073,San Diego,6
eed7131c34f29eeb35d82e6cef2409c83fa2546b,ecobee3Lite,US,CA,Chula Vista City,32.62767,-117.01517,Yes,census.gov,Townhouse,1500,2,15,2,False,False,False,0,3B,7,POINT (-117.01517 32.62767),613392.0,Chula Vista,25.0,6073,San Diego,6
ef14a1abcee292ec55f88477f92fd0100fc3f25b,ecobee3,US,CA,Belmont City,37.514398,-122.294475,Yes,census.gov,Detached,2500,2,45,3,False,False,False,"3, 5, 6",3C,3,POINT (-122.294475 37.514398),605108.0,Belmont,25.0,6081,San Mateo,6
ef83a63e5c23e9c2da314aefeae0f6cf2a84787b,ecobee4,US,CA,Stockton City,37.976553,-121.308598,Yes,census.gov,Detached,2500,2,20,3,False,False,False,"1, 2",3B,12,POINT (-121.308598 37.976553),675000.0,Stockton,25.0,6077,San Joaquin,6
ef94d79d327e255e7859f9c56faaac68cf04a222,ecobee4,US,CA,Mckinleyville CDP,40.951571,-124.077357,Yes,census.gov,Null,0,0,0,0,True,False,False,"1, 2",4C,1,POINT (-124.077357 40.951571),644910.0,McKinleyville,57.0,6023,Humboldt,6
f02d0cd9c9589ec92805367a34c893f680b9aec5,ecobee3,US,CA,Ontario City,34.037042,-117.605956,Yes,census.gov,Detached,3000,2,5,3,False,False,False,"3, 6",3B,10,POINT (-117.605956 34.037042),653896.0,Ontario,25.0,6071,San Bernardino,6
f0760f969f10945d20847d525aeec6f32fe5b194,ecobee3Lite,US,CA,Lincoln City,38.874464,-121.292886,Yes,census.gov,Null,0,0,0,0,False,False,False,0,3B,11,POINT (-121.292886 38.874464),641474.0,Lincoln,25.0,6061,Placer,6
f08ff4c4880392b122abab0d04252f9fb26267b5,SmartSi,US,CA,Napa City,38.297872,-122.300741,Yes,census.gov,Townhouse,1001,2,41,1,False,False,False,0,3C,2,POINT (-122.300741 38.297872),650258.0,Napa,25.0,6055,Napa,6
f0ab356b1841cd6f25eeb1644a171d7f9ce12225,ecobee4,US,CA,Las Flores CDP,33.583798,-117.623747,Yes,census.gov,Detached,2500,2,20,5,False,False,False,"1, 2",3B,8,POINT (-117.623747 33.583798),640526.0,Las Flores,57.0,6059,Orange,6
f0eb1e4c7165f350d16133922c6064bd859c3d44,ecobee3Lite,US,CA,Danville Town,37.812142,-121.969824,Yes,census.gov,Detached,3500,2,40,0,False,False,False,"1, 2",3B,12,POINT (-121.969824 37.812142),617988.0,Danville,43.0,6013,Contra Costa,6
f20242e93fa8d54e70c12ef9cb874c1b3db7ca70,ecobee3Lite,US,CA,Carlsbad City,33.129284,-117.284183,Yes,census.gov,Detached,3000,2,5,3,False,False,False,0,3B,7,POINT (-117.284183 33.129284),611194.0,Carlsbad,25.0,6073,San Diego,6
f2224db0c5a240571d0db6bd6cd8c46a2785a5fe,ESTWVC,US,CA,Rocklin City,38.806868,-121.249696,Yes,census.gov,Other,1501,1,20,0,True,False,False,"1, 2",3B,11,POINT (-121.249696 38.806868),662364.0,Rocklin,25.0,6061,Placer,6
f26299c44bab78cb8101570206902a0d44d7fb63,ESTWVC,US,CA,San Clemente City,33.449143,-117.61312,Yes,census.gov,Detached,4001,2,10,0,True,False,False,1,3B,6,POINT (-117.61312 33.449143),665084.0,San Clemente,25.0,6059,Orange,6
f2975f8df711544f7b9e42e2097dad183a8c5ebb,ecobee3,US,CA,Pleasant Hill City,37.954163,-122.075772,Yes,census.gov,Condominium,1000,2,0,0,False,False,False,"1, 2",3B,12,POINT (-122.075772 37.954163),657764.0,Pleasant Hill,25.0,6013,Contra Costa,6
f299b49ff04d2fd55cabea94edff047831035e2f,undefined,US,CA,Truckee Town,39.350548,-120.193943,Yes,census.gov,Detached,3500,3,120,2,True,False,False,0,5B,16,POINT (-120.193943 39.350548),680588.0,Truckee,43.0,6057,Nevada,6
f29daa86ec9663a686522809e9a604c7a9e87bfb,ecobee3Lite,US,CA,Ladera Ranch CDP,33.549146,-117.641741,Yes,census.gov,Condominium,1500,1,17,1,False,False,False,0,3B,8,POINT (-117.641741 33.549146),639114.0,Ladera Ranch,57.0,6059,Orange,6
f2c8a8fe4ffb73bc0ca7ea7630f621febe7a7212,ecobee3,US,CA,San Jose City,37.296011,-121.814552,Yes,census.gov,Detached,2000,2,15,"1, 2",False,False,False,"3, 6",3C,4,POINT (-121.814552 37.296011),668000.0,San Jose,25.0,6085,Santa Clara,6
f340c1888402b90571bbb4ff3c0ab161381681b9,ecobee4,US,CA,Menlo Park City,37.479731,-122.148055,Yes,census.gov,Detached,4500,2,10,4,False,False,False,"1, 2",3C,3,POINT (-122.148055 37.479731),646870.0,Menlo Park,25.0,6081,San Mateo,6
f38499d423935bf0a0e40bf9d7e8fdf00161ebe6,ecobee4,US,CA,Santa Clarita City,34.416504,-118.500693,Yes,census.gov,Condominium,2000,2,37,0,False,False,False,"1, 2",3B,9,POINT (-118.500693 34.416504),669088.0,Santa Clarita,25.0,6037,Los Angeles,6
f3b8e5f186da799d07d9ffebc35ba12b105ce93e,ecobee3Lite,US,CA,Paso Robles,35.6262618,-120.6901319,Yes,photon,Detached,1500,1,40,2,False,False,False,"3, 6",3C,4,POINT (-120.6901319 35.6262618),622300.0,El Paso de Robles (Paso Robles),25.0,6079,San Luis Obispo,6
f3f80670781181fe03192fc5f076e25f1683294a,ecobee4,US,CA,Rancho Cordova City,38.577079,-121.236187,Yes,census.gov,Detached,2500,2,10,0,False,False,False,"3, 6",3B,12,POINT (-121.236187 38.577079),659444.0,Rancho Cordova,25.0,6067,Sacramento,6
f4020f252c01c131fb6607909eee1611a944434b,undefined,US,CA,Eureka City,40.797594,-124.154191,Yes,census.gov,Detached,"1000, 3500",1,0,1,True,False,False,0,4C,1,POINT (-124.154191 40.797594),623042.0,Eureka,25.0,6023,Humboldt,6
f410c45583ea1896c66427fb7d05fc092e52f304,ecobee3Lite,US,CA,Redwood City,37.515274,-122.213672,Yes,census.gov,Detached,2500,2,0,0,False,False,False,0,3C,3,POINT (-122.213672 37.515274),660102.0,Redwood City,25.0,6081,San Mateo,6
f432c91e492e8c5be49c4f73b1923a2381ecc5a2,ecobee3Lite,US,CA,Valencia,34.39231695,-118.5666724,Yes,photon,Townhouse,0,2,20,0,False,False,False,0,3B,9,POINT (-118.5666724 34.39231695),669088.0,Santa Clarita,25.0,6037,Los Angeles,6
f44acceb1c751ca0d747a6d43adb63503e4ecb29,undefined,US,CA,Irvine City,33.678399,-117.771254,Yes,census.gov,Detached,2001,2,42,0,True,False,False,"2, 3, 4",3B,8,POINT (-117.771254 33.678399),636770.0,Irvine,25.0,6059,Orange,6
f46fac8a4ecbd3b17e99d8e57cf5ee736630bf1b,ecobee3,US,CA,Los Angeles City,34.019394,-118.410825,Yes,census.gov,Detached,1500,3,5,2,False,False,False,"1, 2, 3",3B,8,POINT (-118.410825 34.019394),644000.0,Los Angeles,25.0,6037,Los Angeles,6
f591893436b704ac96dd7826fddd43c4dd8d7686,ecobee3Lite,US,CA,Los Angeles City,34.019394,-118.410825,Yes,census.gov,Apartment,1000,1,50,2,False,False,False,"0, 1, 2, 4",3B,8,POINT (-118.410825 34.019394),644000.0,Los Angeles,25.0,6037,Los Angeles,6
f5a648082c25d6a022ce872de2cc3d8816fc8ffd,ecobee3Lite,US,CA,Fullerton City,33.885716,-117.928025,Yes,census.gov,Detached,2000,1,60,0,False,False,False,"0, 1",3B,8,POINT (-117.928025 33.885716),628000.0,Fullerton,25.0,6059,Orange,6
f623151e838b402de62c7cc9e03b92eb02685ae3,ecobee4,US,CA,Bakersfield City,35.353171,-119.037919,Yes,census.gov,Other,3000,2,0,0,False,False,False,0,3B,13,POINT (-119.037919 35.353171),603526.0,Bakersfield,25.0,6029,Kern,6
f6b698768cc664811b6290716eaf5b7c32272bb2,ecobee3,US,CA,Rescue,38.7116667,-120.9513889,Yes,photon,Detached,4500,2,15,0,False,False,False,"1, 2",4B,12,POINT (-120.9513889 38.7116667),,,,6017,El Dorado,6
f7752c49729100ebfdd7e206a4784033d470ffd9,ecobee3Lite,US,CA,Mckinleyville CDP,40.951571,-124.077357,Yes,census.gov,Row House,1500,1,8,0,False,False,False,0,4C,1,POINT (-124.077357 40.951571),644910.0,McKinleyville,57.0,6023,Humboldt,6
f79ea9a1e9a94535251218805adfaecb2c85ea4f,ecobee3Lite,US,CA,Grass Valley City,39.220305,-121.052654,Yes,census.gov,Detached,2000,1,40,1,True,False,False,"1, 2, 3",5B,11,POINT (-121.052654 39.220305),630798.0,Grass Valley,25.0,6057,Nevada,6
f7c89437c756766f70e9dbfcf05a8127146f2396,ecobee3Lite,US,CA,Los Angeles City,34.019394,-118.410825,Yes,census.gov,Detached,3000,1,20,0,False,False,False,0,3B,8,POINT (-118.410825 34.019394),644000.0,Los Angeles,25.0,6037,Los Angeles,6
f7d4e1c5bd24fd7fb0ae98e3616b416925c9364a,undefined,US,CA,Fresno City,36.782684,-119.793359,Yes,census.gov,Detached,3000,1,60,0,True,False,False,0,3B,13,POINT (-119.793359 36.782684),627000.0,Fresno,25.0,6019,Fresno,6
f7dceacb886c0c85229dc31381a5c86a3314f22c,undefined,US,CA,Temecula City,33.493073,-117.131734,Yes,census.gov,Detached,2500,2,120,2,True,False,False,5,3B,10,POINT (-117.131734 33.493073),678120.0,Temecula,25.0,6065,Riverside,6
f87c3d88b4f6fee515f26875604693a89b960da4,ESTWVC,US,CA,Los Angeles City,34.019394,-118.410825,Yes,census.gov,Null,0,0,0,0,True,False,True,"1, 2",3B,8,POINT (-118.410825 34.019394),644000.0,Los Angeles,25.0,6037,Los Angeles,6
f8a737e1ff95fe148f7d38a290228b901504edd8,ecobee3Lite,US,CA,Antioch City,37.978336,-121.796064,Yes,census.gov,Other,0,0,0,0,False,False,False,0,3B,12,POINT (-121.796064 37.978336),602252.0,Antioch,25.0,6013,Contra Costa,6
f8b8cee75ebd3daf75b39023902584dd82d00332,ESTWVC,US,CA,Lincoln City,38.874464,-121.292886,Yes,census.gov,Other,2001,2,21,0,True,False,False,0,3B,11,POINT (-121.292886 38.874464),641474.0,Lincoln,25.0,6061,Placer,6
f91d1e395ef58b2bf77d375e8b84e5d487e55d9d,ecobee4,US,CA,Diamond Bar City,34.001573,-117.817601,Yes,census.gov,Detached,3500,2,10,0,False,False,False,"3, 4, 6",3B,9,POINT (-117.817601 34.001573),619192.0,Diamond Bar,25.0,6037,Los Angeles,6
f92d00e9024048b142d7e8778c5f51705f059f22,ESTWVC,US,CA,Sacramento City,38.567694,-121.468161,Yes,census.gov,Detached,2500,2,5,3,True,False,False,"1, 2",3B,12,POINT (-121.468161 38.567694),664000.0,Sacramento,25.0,6067,Sacramento,6
f9a45375c2cc82b34fc7a679b779d16b439b2f87,ecobee3,US,CA,Los Gatos Town,37.229944,-121.956874,Yes,census.gov,Detached,1200,2,0,0,False,False,False,"7, 14",3C,4,POINT (-121.956874 37.229944),644112.0,Los Gatos,43.0,6085,Santa Clara,6
f9ec24ecabeb8b2784a9d7642c2baff091e3de1f,ecobee3Lite,US,CA,Agoura Hills City,34.148942,-118.76393,Yes,census.gov,Detached,3500,2,37,0,False,False,False,"1, 2",3B,9,POINT (-118.76393 34.148942),600394.0,Agoura Hills,25.0,6037,Los Angeles,6
f9f9b8f5132e432dd389f7f3e66765799b4d4de2,ecobee4,US,CA,Lake Elsinore City,33.685956,-117.335404,Yes,census.gov,Detached,3000,3,15,3,False,False,False,"0, 1",3B,10,POINT (-117.335404 33.685956),639486.0,Lake Elsinore,25.0,6065,Riverside,6
fa1726e39b577ae6162e3eb03b322f319baa335b,ecobee4,US,CA,Los Angeles City,34.019394,-118.410825,Yes,census.gov,Detached,2500,1,60,4,True,False,False,"0, 2, 4",3B,8,POINT (-118.410825 34.019394),644000.0,Los Angeles,25.0,6037,Los Angeles,6
fab3d03a5decb9e4fef22aea69fdf02f1b78b6ee,ecobee3Lite,US,CA,Burbank City,34.190079,-118.326405,Yes,census.gov,Other,1500,2,50,4,True,False,False,0,3B,9,POINT (-118.326405 34.190079),608954.0,Burbank,25.0,6037,Los Angeles,6
fae7979d46e6dd8a3ebdaed98bb3fc0ecc8b5490,undefined,US,CA,Truckee Town,39.350548,-120.193943,Yes,census.gov,Detached,1501,2,32,0,True,False,False,0,5B,16,POINT (-120.193943 39.350548),680588.0,Truckee,43.0,6057,Nevada,6
fafdd9dfe663618f1262473d03b6915fba0de5fa,ecobee3Lite,US,CA,Sacramento City,38.567694,-121.468161,Yes,census.gov,Detached,2500,2,20,4,False,False,False,0,3B,12,POINT (-121.468161 38.567694),664000.0,Sacramento,25.0,6067,Sacramento,6
fb5c8eb9b1bcf1609718a6888281d33535dc3b1b,ESTWVC,US,CA,San Diego City,32.830391,-117.120923,Yes,census.gov,Apartment,1501,2,0,0,True,False,False,"2, 4",3B,7,POINT (-117.120923 32.830391),666000.0,San Diego,25.0,6073,San Diego,6
fc2c9e7aac17080d608fefb1398ed2dcf1d3c485,ecobee3Lite,US,CA,Murrieta City,33.573214,-117.191007,Yes,census.gov,Detached,3000,2,27,0,False,False,False,"1, 2",3B,10,POINT (-117.191007 33.573214),650076.0,Murrieta,25.0,6065,Riverside,6
fc54e24304651f25c0fed290d95fd0b47e33dae4,ecobee3Lite,US,CA,Gilroy City,37.006407,-121.585321,Yes,census.gov,Loft,500,1,15,0,True,False,False,"1, 2",3C,4,POINT (-121.585321 37.006407),629504.0,Gilroy,25.0,6085,Santa Clara,6
fc598660b71d29ac1e5c6cdba922a3391e512399,ESTWVC,US,CA,Fallbrook CDP,33.374235,-117.220375,Yes,census.gov,Null,0,0,0,0,True,False,False,0,3B,10,POINT (-117.220375 33.374235),623462.0,Fallbrook,57.0,6073,San Diego,6
fc66b03c33389d1032d31e742342defab8ec743a,ecobee4,US,CA,Rescue,38.7116667,-120.9513889,Yes,photon,Row House,3500,1,15,5,False,False,False,"3, 6",4B,12,POINT (-120.9513889 38.7116667),,,,6017,El Dorado,6
fc72910d03db2d5d51c6b8fb5461991f0f4b3727,ecobee3Lite,US,CA,San Diego City,32.830391,-117.120923,Yes,census.gov,Townhouse,2500,3,0,0,False,False,False,0,3B,7,POINT (-117.120923 32.830391),666000.0,San Diego,25.0,6073,San Diego,6
fc7c63649c5db1e7a5bbc3e8d623b4385e2b383b,ecobee3Lite,US,CA,Vacaville City,38.358621,-121.968601,Yes,census.gov,Detached,3000,2,5,0,False,False,False,0,3B,12,POINT (-121.968601 38.358621),681554.0,Vacaville,25.0,6095,Solano,6
fcbfe590c24c1acabf8add1f4966b89801cdb0d7,ecobee4,US,CA,El Dorado Hills CDP,38.676082,-121.0477,Yes,census.gov,Detached,4000,2,15,4,False,False,False,"4, 8",4B,12,POINT (-121.0477 38.676082),621880.0,El Dorado Hills,57.0,6017,El Dorado,6
fdafc6bcf2789996b2d65a0f8b97028569569262,undefined,US,CA,Agoura Hills City,34.148942,-118.76393,Yes,census.gov,Detached,3000,1,120,2,True,False,False,0,3B,9,POINT (-118.76393 34.148942),600394.0,Agoura Hills,25.0,6037,Los Angeles,6
fdb5c3e6b2fab692d173684afe0773fc20db3607,ecobee3Lite,US,CA,Santa Clarita City,34.416504,-118.500693,Yes,census.gov,Detached,2001,2,49,0,True,False,False,"0, 1, 2, 3, 6",3B,9,POINT (-118.500693 34.416504),669088.0,Santa Clarita,25.0,6037,Los Angeles,6
fdbfeb6cf61ac0757df58bbb30794cbd5ebbc71a,ecobee4,US,CA,Trabuco Canyon CDP,33.678228,-117.594009,Yes,census.gov,Detached,3500,2,25,0,False,False,False,0,3B,8,POINT (-117.594009 33.678228),680210.0,Trabuco Canyon,57.0,6059,Orange,6
fde2d9e5f5fcf78cf7b5e38cf3a27a646919f54b,ecobee3Lite,US,CA,Fremont City,37.49446,-121.94115,Yes,census.gov,Condominium,1500,3,0,0,False,False,False,"1, 2",3C,3,POINT (-121.94115 37.49446),626000.0,Fremont,25.0,6001,Alameda,6
fde40c50c678efc08bbd144962d0b396afadd060,ecobee3Lite,US,CA,San Jose City,37.296011,-121.814552,Yes,census.gov,Detached,2500,1,20,5,False,False,False,0,3C,4,POINT (-121.814552 37.296011),668000.0,San Jose,25.0,6085,Santa Clara,6
fe21ae594bd9fd8e39e01724dd23a5e0bc30bc53,ecobee3Lite,US,CA,Roseville City,38.770296,-121.319634,Yes,census.gov,Detached,2500,3,0,6,False,False,False,"2, 4",3B,11,POINT (-121.319634 38.770296),662938.0,Roseville,25.0,6061,Placer,6
fe4390cc7632e5dcfbe1ddb5ed04c4a7205e2eee,ecobee3Lite,US,CA,Woodland City,38.67137,-121.749025,Yes,census.gov,Detached,2000,1,60,3,False,False,False,0,3B,12,POINT (-121.749025 38.67137),686328.0,Woodland,25.0,6113,Yolo,6
fe4b9e51970f1081872bfb27d59da4a855725b4f,undefined,US,CA,Rescue,38.7116667,-120.9513889,Yes,photon,Row House,1501,1,42,0,True,False,True,"0, 2",4B,12,POINT (-120.9513889 38.7116667),,,,6017,El Dorado,6
fe80136974cb5869b5f6424b73c0eaa2a8c909d2,ecobee4,US,CA,Lakewood City,33.847135,-118.121894,Yes,census.gov,Detached,1500,1,70,2,False,False,False,0,3B,8,POINT (-118.121894 33.847135),639892.0,Lakewood,25.0,6037,Los Angeles,6
fea2d93ae463a900d7a84410c6e0bc739b5887f7,ecobee3Lite,US,CA,Trabuco Canyon CDP,33.678228,-117.594009,Yes,census.gov,Null,0,0,0,0,True,False,False,0,3B,8,POINT (-117.594009 33.678228),680210.0,Trabuco Canyon,57.0,6059,Orange,6
ff573f53253c7fcae2af9ffaae465435f5e773ca,ecobee4,US,CA,Los Angeles City,34.019394,-118.410825,Yes,census.gov,Detached,1500,1,60,3,False,False,False,"5, 10",3B,8,POINT (-118.410825 34.019394),644000.0,Los Angeles,25.0,6037,Los Angeles,6
ff9ca973f003d4985d0b37113e41f3fd0e6bfe6f,ESTWVC,US,CA,San Francisco City,37.727239,-123.032229,Yes,census.gov,Condominium,1001,1,89,0,True,False,False,"1, 2",3C,3,POINT (-123.032229 37.727239),667000.0,San Francisco,25.0,6075,San Francisco,6
ffab10c348bdc935f2b26c06b99e75d237f5cead,ecobee3Lite,US,CA,Visalia City,36.32921,-119.326984,Yes,census.gov,Detached,2000,1,97,0,False,False,False,0,3B,13,POINT (-119.326984 36.32921),682954.0,Visalia,25.0,6107,Tulare,6
ffd99f8a17ac8f96739ceba7c0feca750b886605,ecobee3Lite,US,CA,San Diego City,32.830391,-117.120923,Yes,census.gov,Null,0,0,0,0,False,False,False,0,3B,7,POINT (-117.120923 32.830391),666000.0,San Diego,25.0,6073,San Diego,6
ffdb74abccd27a50a47d411800653c4b0e702b49,ESTWVC,US,CA,San Diego City,32.830391,-117.120923,Yes,census.gov,Detached,3001,2,9,0,True,False,False,"1, 2",3B,7,POINT (-117.120923 32.830391),666000.0,San Diego,25.0,6073,San Diego,6
fff23bd2396b4238a5158f33d6afbae7abc08f57,ecobee3Lite,US,CA,Fremont City,37.49446,-121.94115,Yes,census.gov,Detached,1500,1,50,0,False,False,False,"5, 10",3C,3,POINT (-121.94115 37.49446),626000.0,Fremont,25.0,6001,Alameda,6
